sale_id,product_reference,user_id,date,quantity,total_price
1,REF-1022,318,2025-08-21 23:32:29,1,400
2,REF-1011,184,2025-08-21 23:33:29,1,450
3,REF-1009,346,2025-08-21 23:56:29,1,1299
4,REF-1027,350,2025-08-22 00:02:29,1,220
5,REF-1023,139,2025-08-22 00:24:29,1,400
6,REF-1018,449,2025-08-22 00:57:29,1,850
7,REF-1007,6,2025-08-22 02:24:29,1,899
8,REF-1025,153,2025-08-22 03:05:29,1,450
9,REF-1003,41,2025-08-22 03:21:29,1,1199
10,REF-1017,246,2025-08-22 03:44:29,1,350
11,REF-1007,44,2025-08-22 04:55:29,1,899
12,REF-1002,216,2025-08-22 05:43:29,1,1199
13,REF-1014,409,2025-08-22 06:32:29,1,299
14,REF-1023,429,2025-08-22 06:50:29,1,400
15,REF-1029,89,2025-08-22 07:40:29,1,220
16,REF-1028,103,2025-08-22 07:56:29,2,440
17,REF-1001,152,2025-08-22 08:17:29,1,999
18,REF-1004,79,2025-08-22 08:21:29,1,1199
19,REF-1026,437,2025-08-22 08:28:29,1,450
20,REF-1022,192,2025-08-22 09:20:29,1,400
21,REF-1026,402,2025-08-22 09:23:29,1,450
22,REF-1024,172,2025-08-22 09:25:29,1,450
23,REF-1004,304,2025-08-22 09:35:29,1,1199
24,REF-1027,323,2025-08-22 10:50:29,1,220
25,REF-1011,50,2025-08-22 11:03:29,3,1350
26,REF-1028,276,2025-08-22 13:33:29,3,660
27,REF-1005,268,2025-08-22 13:42:29,1,799
28,REF-1000,390,2025-08-22 14:40:29,1,999
29,REF-1021,265,2025-08-22 15:34:29,1,250
30,REF-1001,34,2025-08-22 16:00:29,2,1998
31,REF-1022,365,2025-08-22 17:08:29,1,400
32,REF-1029,407,2025-08-22 18:19:29,1,220
33,REF-1018,448,2025-08-22 19:13:29,1,850
34,REF-1019,345,2025-08-22 20:37:29,1,850
35,REF-1009,363,2025-08-22 20:51:29,1,1299
36,REF-1008,158,2025-08-22 22:26:29,1,899
37,REF-1024,321,2025-08-22 22:36:29,1,450
38,REF-1002,387,2025-08-22 23:05:29,1,1199
39,REF-1018,276,2025-08-22 23:49:29,2,1700
40,REF-1020,270,2025-08-23 00:14:29,1,250
41,REF-1011,294,2025-08-23 02:15:29,1,450
42,REF-1015,155,2025-08-23 02:30:29,1,299
43,REF-1010,303,2025-08-23 02:57:29,1,1299
44,REF-1006,69,2025-08-23 08:17:29,2,1598
45,REF-1025,297,2025-08-23 09:10:29,1,450
46,REF-1009,120,2025-08-23 13:50:29,1,1299
47,REF-1002,7,2025-08-23 15:23:29,1,1199
48,REF-1007,28,2025-08-23 16:43:29,1,899
49,REF-1005,369,2025-08-23 19:13:29,1,799
50,REF-1022,328,2025-08-23 20:05:29,1,400
51,REF-1004,27,2025-08-23 21:05:29,1,1199
52,REF-1000,207,2025-08-23 21:15:29,1,999
53,REF-1024,330,2025-08-23 21:15:29,1,450
54,REF-1004,348,2025-08-23 22:27:29,1,1199
55,REF-1000,93,2025-08-23 22:28:29,3,2997
56,REF-1021,179,2025-08-23 23:32:29,1,250
57,REF-1000,430,2025-08-24 01:36:29,1,999
58,REF-1027,228,2025-08-24 02:08:29,1,220
59,REF-1019,456,2025-08-24 02:08:29,1,850
60,REF-1003,67,2025-08-24 03:03:29,1,1199
61,REF-1012,216,2025-08-24 03:59:29,1,450
62,REF-1027,83,2025-08-24 04:20:29,1,220
63,REF-1011,444,2025-08-24 06:26:29,1,450
64,REF-1012,126,2025-08-24 06:28:29,1,450
65,REF-1011,139,2025-08-24 07:13:29,2,900
66,REF-1003,369,2025-08-24 08:18:29,2,2398
67,REF-1000,296,2025-08-24 08:50:29,2,1998
68,REF-1006,268,2025-08-24 12:04:29,2,1598
69,REF-1023,327,2025-08-24 13:21:29,1,400
70,REF-1011,100,2025-08-24 14:19:29,1,450
71,REF-1019,443,2025-08-24 15:02:29,1,850
72,REF-1009,185,2025-08-24 15:41:29,1,1299
73,REF-1021,12,2025-08-24 16:03:29,1,250
74,REF-1014,454,2025-08-24 16:48:29,1,299
75,REF-1018,193,2025-08-24 17:12:29,3,2550
76,REF-1005,141,2025-08-24 19:37:29,1,799
77,REF-1008,359,2025-08-24 19:56:29,1,899
78,REF-1019,226,2025-08-24 22:45:29,1,850
79,REF-1015,40,2025-08-24 22:54:29,2,598
80,REF-1002,56,2025-08-25 01:21:29,1,1199
81,REF-1000,208,2025-08-25 02:08:29,1,999
82,REF-1016,34,2025-08-25 02:20:29,1,350
83,REF-1004,75,2025-08-25 02:24:29,1,1199
84,REF-1020,96,2025-08-25 04:40:29,1,250
85,REF-1006,317,2025-08-25 04:55:29,1,799
86,REF-1013,159,2025-08-25 05:57:29,2,598
87,REF-1017,163,2025-08-25 07:25:29,1,350
88,REF-1007,179,2025-08-25 07:54:29,2,1798
89,REF-1018,333,2025-08-25 08:22:29,1,850
90,REF-1012,317,2025-08-25 10:05:29,1,450
91,REF-1002,88,2025-08-25 11:04:29,1,1199
92,REF-1002,429,2025-08-25 11:16:29,1,1199
93,REF-1021,376,2025-08-25 12:13:29,1,250
94,REF-1012,400,2025-08-25 12:23:29,1,450
95,REF-1005,157,2025-08-25 13:25:29,1,799
96,REF-1028,134,2025-08-25 14:28:29,1,220
97,REF-1013,494,2025-08-25 15:50:29,1,299
98,REF-1004,46,2025-08-25 15:55:29,1,1199
99,REF-1028,259,2025-08-25 16:24:29,1,220
100,REF-1006,366,2025-08-25 16:58:29,1,799
101,REF-1008,17,2025-08-25 17:15:29,2,1798
102,REF-1000,289,2025-08-25 17:56:29,2,1998
103,REF-1019,71,2025-08-25 18:51:29,1,850
104,REF-1014,273,2025-08-25 19:09:29,2,598
105,REF-1025,300,2025-08-25 19:47:29,1,450
106,REF-1024,125,2025-08-25 19:54:29,1,450
107,REF-1029,329,2025-08-25 20:48:29,1,220
108,REF-1013,111,2025-08-25 21:29:29,1,299
109,REF-1017,139,2025-08-26 01:23:29,1,350
110,REF-1015,165,2025-08-26 02:14:29,1,299
111,REF-1018,434,2025-08-26 02:33:29,1,850
112,REF-1004,474,2025-08-26 03:49:29,3,3597
113,REF-1025,214,2025-08-26 04:19:29,1,450
114,REF-1022,285,2025-08-26 04:28:29,1,400
115,REF-1012,442,2025-08-26 05:15:29,4,1800
116,REF-1013,494,2025-08-26 07:53:29,2,598
117,REF-1025,329,2025-08-26 08:38:29,1,450
118,REF-1015,6,2025-08-26 09:37:29,1,299
119,REF-1010,246,2025-08-26 11:39:29,1,1299
120,REF-1006,407,2025-08-26 12:33:29,1,799
121,REF-1018,461,2025-08-26 13:54:29,1,850
122,REF-1001,256,2025-08-26 15:05:29,1,999
123,REF-1007,306,2025-08-26 15:26:29,1,899
124,REF-1015,120,2025-08-26 15:33:29,1,299
125,REF-1018,364,2025-08-26 18:51:29,3,2550
126,REF-1000,120,2025-08-26 19:28:29,1,999
127,REF-1002,74,2025-08-26 19:59:29,2,2398
128,REF-1003,425,2025-08-26 21:14:29,1,1199
129,REF-1007,414,2025-08-26 21:48:29,1,899
130,REF-1000,326,2025-08-26 22:51:29,1,999
131,REF-1000,292,2025-08-27 00:06:29,1,999
132,REF-1026,146,2025-08-27 03:11:29,1,450
133,REF-1003,312,2025-08-27 04:18:29,1,1199
134,REF-1016,35,2025-08-27 06:14:29,3,1050
135,REF-1002,321,2025-08-27 06:22:29,1,1199
136,REF-1023,454,2025-08-27 08:34:29,1,400
137,REF-1025,142,2025-08-27 08:48:29,1,450
138,REF-1007,313,2025-08-27 10:15:29,1,899
139,REF-1000,59,2025-08-27 11:06:29,1,999
140,REF-1014,238,2025-08-27 11:44:29,1,299
141,REF-1016,158,2025-08-27 12:12:29,1,350
142,REF-1006,409,2025-08-27 12:52:29,1,799
143,REF-1007,98,2025-08-27 13:56:29,3,2697
144,REF-1017,499,2025-08-27 15:31:29,1,350
145,REF-1017,43,2025-08-27 15:59:29,1,350
146,REF-1014,326,2025-08-27 16:19:29,2,598
147,REF-1009,277,2025-08-27 16:42:29,1,1299
148,REF-1027,121,2025-08-27 17:04:29,1,220
149,REF-1000,44,2025-08-27 17:18:29,1,999
150,REF-1009,383,2025-08-27 17:30:29,1,1299
151,REF-1028,59,2025-08-27 20:09:29,1,220
152,REF-1004,385,2025-08-27 20:39:29,1,1199
153,REF-1005,351,2025-08-27 23:18:29,1,799
154,REF-1015,434,2025-08-27 23:21:29,1,299
155,REF-1017,277,2025-08-28 00:43:29,5,1750
156,REF-1022,479,2025-08-28 00:48:29,1,400
157,REF-1016,244,2025-08-28 01:42:29,1,350
158,REF-1002,452,2025-08-28 01:49:29,1,1199
159,REF-1014,437,2025-08-28 02:15:29,1,299
160,REF-1013,291,2025-08-28 02:40:29,1,299
161,REF-1021,121,2025-08-28 02:57:29,2,500
162,REF-1017,489,2025-08-28 03:03:29,1,350
163,REF-1003,393,2025-08-28 03:58:29,1,1199
164,REF-1012,317,2025-08-28 04:16:29,1,450
165,REF-1013,239,2025-08-28 04:26:29,1,299
166,REF-1021,260,2025-08-28 04:33:29,1,250
167,REF-1025,491,2025-08-28 04:48:29,1,450
168,REF-1019,350,2025-08-28 04:54:29,1,850
169,REF-1029,449,2025-08-28 06:05:29,2,440
170,REF-1001,68,2025-08-28 09:14:29,1,999
171,REF-1003,488,2025-08-28 09:39:29,1,1199
172,REF-1010,421,2025-08-28 10:06:29,1,1299
173,REF-1025,166,2025-08-28 11:12:29,1,450
174,REF-1020,331,2025-08-28 11:28:29,1,250
175,REF-1005,439,2025-08-28 11:43:29,1,799
176,REF-1010,407,2025-08-28 12:42:29,2,2598
177,REF-1014,294,2025-08-28 13:32:29,1,299
178,REF-1001,412,2025-08-28 13:44:29,2,1998
179,REF-1027,389,2025-08-28 14:09:29,1,220
180,REF-1029,309,2025-08-28 14:23:29,1,220
181,REF-1011,327,2025-08-28 17:21:29,1,450
182,REF-1003,223,2025-08-28 17:28:29,1,1199
183,REF-1007,13,2025-08-28 19:11:29,1,899
184,REF-1023,234,2025-08-28 19:52:29,1,400
185,REF-1002,289,2025-08-28 19:59:29,3,3597
186,REF-1010,79,2025-08-28 21:48:29,1,1299
187,REF-1002,131,2025-08-28 22:15:29,1,1199
188,REF-1014,195,2025-08-28 22:24:29,1,299
189,REF-1015,295,2025-08-28 23:43:29,1,299
190,REF-1018,239,2025-08-28 23:45:29,1,850
191,REF-1020,164,2025-08-29 00:45:29,1,250
192,REF-1022,411,2025-08-29 04:35:29,1,400
193,REF-1000,341,2025-08-29 05:53:29,1,999
194,REF-1003,495,2025-08-29 07:06:29,2,2398
195,REF-1008,255,2025-08-29 07:12:29,1,899
196,REF-1026,397,2025-08-29 08:31:29,2,900
197,REF-1016,333,2025-08-29 08:42:29,1,350
198,REF-1028,212,2025-08-29 08:49:29,1,220
199,REF-1026,326,2025-08-29 08:56:29,1,450
200,REF-1020,79,2025-08-29 09:20:29,1,250
201,REF-1026,34,2025-08-29 10:23:29,1,450
202,REF-1003,215,2025-08-29 11:03:29,1,1199
203,REF-1003,471,2025-08-29 11:42:29,1,1199
204,REF-1002,204,2025-08-29 11:46:29,1,1199
205,REF-1019,93,2025-08-29 12:36:29,1,850
206,REF-1015,277,2025-08-29 13:02:29,1,299
207,REF-1014,12,2025-08-29 13:14:29,1,299
208,REF-1021,226,2025-08-29 13:46:29,1,250
209,REF-1005,433,2025-08-29 13:48:29,1,799
210,REF-1028,461,2025-08-29 14:24:29,1,220
211,REF-1016,224,2025-08-29 15:07:29,1,350
212,REF-1020,455,2025-08-29 15:47:29,1,250
213,REF-1020,117,2025-08-29 16:39:29,1,250
214,REF-1027,321,2025-08-29 17:18:29,1,220
215,REF-1028,122,2025-08-29 17:45:29,1,220
216,REF-1024,205,2025-08-29 18:04:29,2,900
217,REF-1010,339,2025-08-29 18:58:29,1,1299
218,REF-1006,119,2025-08-29 19:34:29,1,799
219,REF-1028,333,2025-08-29 21:13:29,3,660
220,REF-1005,251,2025-08-29 22:00:29,1,799
221,REF-1007,251,2025-08-29 22:34:29,3,2697
222,REF-1018,291,2025-08-29 22:46:29,2,1700
223,REF-1020,353,2025-08-29 22:53:29,1,250
224,REF-1016,496,2025-08-29 23:29:29,1,350
225,REF-1003,349,2025-08-30 00:04:29,1,1199
226,REF-1006,10,2025-08-30 01:31:29,1,799
227,REF-1026,187,2025-08-30 01:43:29,3,1350
228,REF-1023,61,2025-08-30 02:41:29,1,400
229,REF-1020,464,2025-08-30 02:44:29,1,250
230,REF-1015,263,2025-08-30 03:33:29,1,299
231,REF-1007,458,2025-08-30 04:54:29,1,899
232,REF-1007,347,2025-08-30 05:12:29,1,899
233,REF-1028,95,2025-08-30 05:21:29,1,220
234,REF-1001,107,2025-08-30 05:49:29,1,999
235,REF-1024,375,2025-08-30 05:52:29,1,450
236,REF-1000,480,2025-08-30 06:25:29,1,999
237,REF-1009,112,2025-08-30 06:38:29,1,1299
238,REF-1021,275,2025-08-30 07:45:29,1,250
239,REF-1006,396,2025-08-30 08:18:29,1,799
240,REF-1008,208,2025-08-30 08:53:29,1,899
241,REF-1008,387,2025-08-30 12:14:29,1,899
242,REF-1024,102,2025-08-30 13:01:29,2,900
243,REF-1016,43,2025-08-30 13:30:29,1,350
244,REF-1027,248,2025-08-30 14:45:29,1,220
245,REF-1009,161,2025-08-30 15:48:29,1,1299
246,REF-1023,320,2025-08-30 16:02:29,1,400
247,REF-1027,219,2025-08-30 16:24:29,2,440
248,REF-1020,249,2025-08-30 19:23:29,1,250
249,REF-1008,397,2025-08-30 19:32:29,1,899
250,REF-1021,320,2025-08-30 20:12:29,2,500
251,REF-1018,82,2025-08-30 20:36:29,1,850
252,REF-1003,184,2025-08-30 21:27:29,1,1199
253,REF-1029,384,2025-08-30 21:48:29,1,220
254,REF-1015,490,2025-08-30 21:49:29,1,299
255,REF-1020,117,2025-08-30 22:11:29,3,750
256,REF-1002,307,2025-08-30 22:52:29,1,1199
257,REF-1020,453,2025-08-31 00:19:29,3,750
258,REF-1005,395,2025-08-31 02:03:29,1,799
259,REF-1025,8,2025-08-31 03:14:29,1,450
260,REF-1006,148,2025-08-31 03:30:29,1,799
261,REF-1017,105,2025-08-31 04:01:29,1,350
262,REF-1029,127,2025-08-31 04:11:29,1,220
263,REF-1024,163,2025-08-31 04:52:29,1,450
264,REF-1017,35,2025-08-31 05:48:29,1,350
265,REF-1016,7,2025-08-31 06:03:29,1,350
266,REF-1025,107,2025-08-31 06:22:29,1,450
267,REF-1013,147,2025-08-31 06:26:29,1,299
268,REF-1029,43,2025-08-31 07:18:29,1,220
269,REF-1004,439,2025-08-31 08:11:29,1,1199
270,REF-1007,94,2025-08-31 09:53:29,1,899
271,REF-1024,189,2025-08-31 10:37:29,1,450
272,REF-1023,103,2025-08-31 12:26:29,1,400
273,REF-1025,140,2025-08-31 12:39:29,1,450
274,REF-1008,250,2025-08-31 13:00:29,1,899
275,REF-1011,95,2025-08-31 13:58:29,1,450
276,REF-1024,473,2025-08-31 14:21:29,1,450
277,REF-1013,83,2025-08-31 15:31:29,2,598
278,REF-1022,126,2025-08-31 15:39:29,1,400
279,REF-1006,224,2025-08-31 15:40:29,1,799
280,REF-1003,229,2025-08-31 18:50:29,1,1199
281,REF-1001,164,2025-08-31 19:17:29,1,999
282,REF-1008,223,2025-08-31 19:29:29,1,899
283,REF-1016,290,2025-08-31 20:21:29,1,350
284,REF-1002,386,2025-08-31 20:30:29,1,1199
285,REF-1009,239,2025-08-31 21:32:29,1,1299
286,REF-1014,348,2025-08-31 23:12:29,1,299
287,REF-1016,192,2025-09-01 00:01:29,3,1050
288,REF-1000,115,2025-09-01 01:15:29,1,999
289,REF-1021,373,2025-09-01 01:27:29,1,250
290,REF-1026,382,2025-09-01 01:42:29,2,900
291,REF-1008,484,2025-09-01 01:51:29,1,899
292,REF-1020,408,2025-09-01 01:54:29,1,250
293,REF-1019,292,2025-09-01 05:27:29,1,850
294,REF-1021,57,2025-09-01 06:45:29,1,250
295,REF-1001,459,2025-09-01 07:54:29,2,1998
296,REF-1007,374,2025-09-01 07:59:29,1,899
297,REF-1008,492,2025-09-01 08:58:29,1,899
298,REF-1011,137,2025-09-01 09:29:29,1,450
299,REF-1016,262,2025-09-01 09:39:29,1,350
300,REF-1001,382,2025-09-01 09:49:29,1,999
301,REF-1023,6,2025-09-01 10:52:29,1,400
302,REF-1009,416,2025-09-01 12:21:29,1,1299
303,REF-1012,287,2025-09-01 13:02:29,1,450
304,REF-1002,486,2025-09-01 14:30:29,2,2398
305,REF-1019,357,2025-09-01 15:02:29,3,2550
306,REF-1011,479,2025-09-01 15:05:29,2,900
307,REF-1003,308,2025-09-01 15:54:29,1,1199
308,REF-1029,51,2025-09-01 16:46:29,1,220
309,REF-1014,320,2025-09-01 17:47:29,2,598
310,REF-1004,278,2025-09-01 17:56:29,1,1199
311,REF-1020,208,2025-09-01 18:48:29,2,500
312,REF-1009,311,2025-09-01 20:22:29,1,1299
313,REF-1007,123,2025-09-01 21:01:29,1,899
314,REF-1005,362,2025-09-01 23:44:29,2,1598
315,REF-1007,153,2025-09-02 00:47:29,1,899
316,REF-1015,350,2025-09-02 04:06:29,1,299
317,REF-1022,308,2025-09-02 06:47:29,1,400
318,REF-1006,63,2025-09-02 08:51:29,2,1598
319,REF-1027,359,2025-09-02 09:10:29,1,220
320,REF-1007,147,2025-09-02 09:54:29,2,1798
321,REF-1021,379,2025-09-02 10:28:29,2,500
322,REF-1020,157,2025-09-02 10:41:29,1,250
323,REF-1026,226,2025-09-02 12:42:29,1,450
324,REF-1016,342,2025-09-02 12:53:29,1,350
325,REF-1006,32,2025-09-02 15:50:29,1,799
326,REF-1002,370,2025-09-02 16:52:29,1,1199
327,REF-1026,130,2025-09-02 17:20:29,1,450
328,REF-1006,463,2025-09-02 17:37:29,1,799
329,REF-1026,64,2025-09-02 17:44:29,1,450
330,REF-1025,438,2025-09-02 17:48:29,1,450
331,REF-1001,274,2025-09-02 20:45:29,1,999
332,REF-1026,137,2025-09-02 21:18:29,1,450
333,REF-1008,248,2025-09-02 21:34:29,1,899
334,REF-1008,320,2025-09-02 22:37:29,1,899
335,REF-1017,396,2025-09-03 00:05:29,1,350
336,REF-1022,301,2025-09-03 01:35:29,2,800
337,REF-1023,489,2025-09-03 01:49:29,1,400
338,REF-1018,245,2025-09-03 01:57:29,1,850
339,REF-1019,428,2025-09-03 01:58:29,1,850
340,REF-1007,348,2025-09-03 03:11:29,1,899
341,REF-1023,198,2025-09-03 03:22:29,1,400
342,REF-1024,394,2025-09-03 06:38:29,1,450
343,REF-1000,272,2025-09-03 10:02:29,1,999
344,REF-1008,483,2025-09-03 10:18:29,2,1798
345,REF-1003,471,2025-09-03 11:40:29,1,1199
346,REF-1008,34,2025-09-03 12:07:29,2,1798
347,REF-1021,258,2025-09-03 14:07:29,1,250
348,REF-1011,113,2025-09-03 14:32:29,2,900
349,REF-1018,470,2025-09-03 14:47:29,1,850
350,REF-1016,105,2025-09-03 15:32:29,1,350
351,REF-1004,316,2025-09-03 16:04:29,1,1199
352,REF-1010,443,2025-09-03 16:52:29,1,1299
353,REF-1007,61,2025-09-03 17:04:29,2,1798
354,REF-1003,487,2025-09-03 17:37:29,1,1199
355,REF-1008,311,2025-09-03 17:46:29,1,899
356,REF-1010,206,2025-09-03 18:21:29,1,1299
357,REF-1005,347,2025-09-03 19:14:29,1,799
358,REF-1028,171,2025-09-03 20:15:29,1,220
359,REF-1029,33,2025-09-03 20:43:29,2,440
360,REF-1008,32,2025-09-03 21:35:29,1,899
361,REF-1005,434,2025-09-03 22:34:29,3,2397
362,REF-1026,375,2025-09-03 23:24:29,1,450
363,REF-1029,270,2025-09-03 23:30:29,1,220
364,REF-1009,436,2025-09-04 00:38:29,1,1299
365,REF-1017,420,2025-09-04 02:57:29,1,350
366,REF-1007,238,2025-09-04 03:37:29,1,899
367,REF-1013,339,2025-09-04 04:55:29,1,299
368,REF-1016,417,2025-09-04 04:56:29,1,350
369,REF-1000,300,2025-09-04 05:06:29,4,3996
370,REF-1001,316,2025-09-04 05:27:29,1,999
371,REF-1025,99,2025-09-04 05:34:29,1,450
372,REF-1001,105,2025-09-04 05:44:29,1,999
373,REF-1022,154,2025-09-04 06:47:29,2,800
374,REF-1001,205,2025-09-04 06:58:29,1,999
375,REF-1002,391,2025-09-04 07:18:29,1,1199
376,REF-1013,161,2025-09-04 07:32:29,1,299
377,REF-1029,96,2025-09-04 08:12:29,1,220
378,REF-1020,435,2025-09-04 08:22:29,1,250
379,REF-1015,11,2025-09-04 09:27:29,1,299
380,REF-1000,239,2025-09-04 10:13:29,1,999
381,REF-1008,433,2025-09-04 10:45:29,1,899
382,REF-1019,73,2025-09-04 10:57:29,1,850
383,REF-1005,414,2025-09-04 11:11:29,1,799
384,REF-1009,480,2025-09-04 11:49:29,1,1299
385,REF-1021,33,2025-09-04 12:57:29,1,250
386,REF-1029,431,2025-09-04 13:27:29,1,220
387,REF-1015,435,2025-09-04 15:14:29,1,299
388,REF-1016,112,2025-09-04 15:24:29,1,350
389,REF-1025,66,2025-09-04 16:00:29,1,450
390,REF-1025,392,2025-09-04 17:04:29,1,450
391,REF-1009,413,2025-09-04 17:31:29,1,1299
392,REF-1002,1,2025-09-04 18:59:29,1,1199
393,REF-1021,213,2025-09-04 20:32:29,1,250
394,REF-1012,309,2025-09-04 20:51:29,1,450
395,REF-1021,486,2025-09-04 22:06:29,1,250
396,REF-1001,237,2025-09-04 22:10:29,1,999
397,REF-1016,424,2025-09-04 23:07:29,1,350
398,REF-1025,363,2025-09-04 23:08:29,2,900
399,REF-1024,293,2025-09-04 23:14:29,2,900
400,REF-1025,262,2025-09-04 23:23:29,1,450
401,REF-1016,282,2025-09-04 23:49:29,1,350
402,REF-1008,353,2025-09-05 01:39:29,1,899
403,REF-1007,308,2025-09-05 01:59:29,5,4495
404,REF-1013,309,2025-09-05 03:19:29,1,299
405,REF-1026,23,2025-09-05 03:52:29,1,450
406,REF-1026,312,2025-09-05 04:24:29,1,450
407,REF-1019,341,2025-09-05 05:08:29,1,850
408,REF-1014,355,2025-09-05 05:51:29,1,299
409,REF-1007,161,2025-09-05 06:01:29,4,3596
410,REF-1026,88,2025-09-05 06:14:29,1,450
411,REF-1000,262,2025-09-05 06:38:29,1,999
412,REF-1001,10,2025-09-05 06:39:29,1,999
413,REF-1000,466,2025-09-05 08:10:29,1,999
414,REF-1015,462,2025-09-05 08:11:29,1,299
415,REF-1029,449,2025-09-05 08:54:29,3,660
416,REF-1017,9,2025-09-05 09:07:29,1,350
417,REF-1014,309,2025-09-05 09:08:29,1,299
418,REF-1021,495,2025-09-05 09:31:29,1,250
419,REF-1016,379,2025-09-05 09:38:29,1,350
420,REF-1003,363,2025-09-05 09:51:29,1,1199
421,REF-1007,210,2025-09-05 10:13:29,1,899
422,REF-1017,391,2025-09-05 11:01:29,1,350
423,REF-1002,270,2025-09-05 13:24:29,1,1199
424,REF-1000,127,2025-09-05 14:28:29,2,1998
425,REF-1008,103,2025-09-05 16:30:29,1,899
426,REF-1024,86,2025-09-05 17:43:29,1,450
427,REF-1028,29,2025-09-05 17:46:29,1,220
428,REF-1009,416,2025-09-05 18:47:29,1,1299
429,REF-1024,162,2025-09-05 19:20:29,1,450
430,REF-1014,22,2025-09-05 19:45:29,1,299
431,REF-1016,12,2025-09-05 20:51:29,1,350
432,REF-1022,59,2025-09-05 21:38:29,1,400
433,REF-1022,95,2025-09-05 22:02:29,1,400
434,REF-1001,405,2025-09-05 22:05:29,1,999
435,REF-1010,231,2025-09-05 22:08:29,1,1299
436,REF-1029,292,2025-09-05 22:11:29,1,220
437,REF-1001,176,2025-09-05 22:53:29,2,1998
438,REF-1012,322,2025-09-05 23:46:29,2,900
439,REF-1024,14,2025-09-06 00:38:29,1,450
440,REF-1021,42,2025-09-06 01:18:29,1,250
441,REF-1012,186,2025-09-06 01:56:29,2,900
442,REF-1029,77,2025-09-06 02:11:29,1,220
443,REF-1023,231,2025-09-06 03:32:29,1,400
444,REF-1017,5,2025-09-06 04:42:29,2,700
445,REF-1014,86,2025-09-06 05:23:29,3,897
446,REF-1021,299,2025-09-06 06:10:29,1,250
447,REF-1004,281,2025-09-06 07:42:29,1,1199
448,REF-1012,235,2025-09-06 08:02:29,1,450
449,REF-1028,171,2025-09-06 08:10:29,1,220
450,REF-1029,85,2025-09-06 08:24:29,1,220
451,REF-1025,199,2025-09-06 10:21:29,1,450
452,REF-1019,93,2025-09-06 10:48:29,1,850
453,REF-1021,60,2025-09-06 11:01:29,1,250
454,REF-1016,69,2025-09-06 11:21:29,1,350
455,REF-1024,297,2025-09-06 12:02:29,1,450
456,REF-1012,392,2025-09-06 13:04:29,3,1350
457,REF-1014,387,2025-09-06 14:20:29,1,299
458,REF-1029,354,2025-09-06 14:49:29,1,220
459,REF-1013,436,2025-09-06 15:55:29,1,299
460,REF-1027,111,2025-09-06 17:12:29,1,220
461,REF-1029,126,2025-09-06 17:39:29,1,220
462,REF-1000,214,2025-09-06 19:14:29,1,999
463,REF-1013,192,2025-09-06 19:54:29,1,299
464,REF-1002,202,2025-09-06 21:04:29,1,1199
465,REF-1011,99,2025-09-06 21:24:29,1,450
466,REF-1014,223,2025-09-06 22:58:29,1,299
467,REF-1003,427,2025-09-07 01:14:29,1,1199
468,REF-1028,220,2025-09-07 02:03:29,1,220
469,REF-1002,235,2025-09-07 02:29:29,1,1199
470,REF-1004,171,2025-09-07 02:36:29,1,1199
471,REF-1007,352,2025-09-07 02:39:29,1,899
472,REF-1018,143,2025-09-07 02:52:29,1,850
473,REF-1007,34,2025-09-07 04:23:29,2,1798
474,REF-1024,366,2025-09-07 05:23:29,1,450
475,REF-1020,489,2025-09-07 06:42:29,1,250
476,REF-1028,415,2025-09-07 07:30:29,1,220
477,REF-1026,120,2025-09-07 08:03:29,1,450
478,REF-1005,11,2025-09-07 08:06:29,1,799
479,REF-1013,284,2025-09-07 10:22:29,2,598
480,REF-1029,124,2025-09-07 11:15:29,1,220
481,REF-1014,366,2025-09-07 11:32:29,1,299
482,REF-1017,400,2025-09-07 11:34:29,1,350
483,REF-1027,445,2025-09-07 12:40:29,1,220
484,REF-1017,258,2025-09-07 13:05:29,1,350
485,REF-1005,499,2025-09-07 15:38:29,1,799
486,REF-1003,260,2025-09-07 15:54:29,1,1199
487,REF-1026,198,2025-09-07 17:47:29,1,450
488,REF-1004,154,2025-09-07 17:56:29,5,5995
489,REF-1029,229,2025-09-07 19:30:29,1,220
490,REF-1019,433,2025-09-07 21:07:29,1,850
491,REF-1000,225,2025-09-07 21:59:29,1,999
492,REF-1004,74,2025-09-07 22:19:29,1,1199
493,REF-1001,367,2025-09-08 00:23:29,1,999
494,REF-1015,463,2025-09-08 02:15:29,1,299
495,REF-1029,492,2025-09-08 02:55:29,1,220
496,REF-1029,255,2025-09-08 03:58:29,1,220
497,REF-1005,425,2025-09-08 04:07:29,3,2397
498,REF-1017,210,2025-09-08 05:19:29,1,350
499,REF-1011,338,2025-09-08 07:06:29,2,900
500,REF-1021,377,2025-09-08 07:26:29,1,250
501,REF-1026,495,2025-09-08 08:48:29,1,450
502,REF-1023,98,2025-09-08 11:34:29,1,400
503,REF-1021,9,2025-09-08 13:25:29,1,250
504,REF-1000,390,2025-09-08 14:08:29,1,999
505,REF-1012,424,2025-09-08 14:18:29,1,450
506,REF-1005,40,2025-09-08 14:25:29,1,799
507,REF-1021,410,2025-09-08 14:41:29,1,250
508,REF-1007,283,2025-09-08 15:21:29,1,899
509,REF-1018,395,2025-09-08 16:26:29,2,1700
510,REF-1019,442,2025-09-08 18:00:29,1,850
511,REF-1004,66,2025-09-08 18:01:29,1,1199
512,REF-1028,445,2025-09-08 18:25:29,1,220
513,REF-1020,30,2025-09-08 18:39:29,1,250
514,REF-1011,95,2025-09-08 19:19:29,1,450
515,REF-1007,109,2025-09-08 19:34:29,1,899
516,REF-1002,125,2025-09-08 20:08:29,1,1199
517,REF-1002,6,2025-09-08 20:56:29,2,2398
518,REF-1012,328,2025-09-08 22:50:29,1,450
519,REF-1004,38,2025-09-08 23:18:29,1,1199
520,REF-1019,482,2025-09-08 23:23:29,1,850
521,REF-1022,318,2025-09-09 00:55:29,1,400
522,REF-1001,313,2025-09-09 01:22:29,1,999
523,REF-1005,347,2025-09-09 01:24:29,1,799
524,REF-1019,45,2025-09-09 02:03:29,2,1700
525,REF-1004,137,2025-09-09 02:44:29,1,1199
526,REF-1013,99,2025-09-09 02:57:29,1,299
527,REF-1005,287,2025-09-09 05:25:29,1,799
528,REF-1019,153,2025-09-09 07:25:29,1,850
529,REF-1017,476,2025-09-09 08:12:29,1,350
530,REF-1003,498,2025-09-09 10:19:29,1,1199
531,REF-1025,241,2025-09-09 11:37:29,1,450
532,REF-1008,423,2025-09-09 12:05:29,1,899
533,REF-1022,402,2025-09-09 12:14:29,1,400
534,REF-1015,2,2025-09-09 13:42:29,1,299
535,REF-1029,486,2025-09-09 14:07:29,1,220
536,REF-1011,173,2025-09-09 18:20:29,1,450
537,REF-1015,70,2025-09-09 19:03:29,1,299
538,REF-1029,181,2025-09-09 21:11:29,1,220
539,REF-1027,79,2025-09-09 21:46:29,1,220
540,REF-1019,303,2025-09-09 22:06:29,1,850
541,REF-1003,147,2025-09-09 22:36:29,1,1199
542,REF-1005,69,2025-09-09 22:54:29,1,799
543,REF-1006,27,2025-09-10 01:03:29,1,799
544,REF-1008,286,2025-09-10 02:24:29,1,899
545,REF-1017,463,2025-09-10 03:45:29,2,700
546,REF-1004,416,2025-09-10 03:48:29,1,1199
547,REF-1015,314,2025-09-10 04:18:29,1,299
548,REF-1009,277,2025-09-10 04:27:29,5,6495
549,REF-1015,166,2025-09-10 04:32:29,1,299
550,REF-1010,155,2025-09-10 04:42:29,1,1299
551,REF-1008,288,2025-09-10 05:10:29,1,899
552,REF-1023,298,2025-09-10 05:18:29,1,400
553,REF-1011,58,2025-09-10 06:09:29,1,450
554,REF-1028,335,2025-09-10 06:29:29,1,220
555,REF-1002,304,2025-09-10 07:09:29,1,1199
556,REF-1024,454,2025-09-10 08:12:29,1,450
557,REF-1009,299,2025-09-10 08:53:29,1,1299
558,REF-1014,445,2025-09-10 12:41:29,1,299
559,REF-1020,172,2025-09-10 16:52:29,1,250
560,REF-1017,117,2025-09-10 21:31:29,1,350
561,REF-1010,426,2025-09-10 21:53:29,2,2598
562,REF-1029,14,2025-09-10 22:19:29,1,220
563,REF-1008,397,2025-09-10 23:02:29,1,899
564,REF-1010,119,2025-09-10 23:09:29,1,1299
565,REF-1005,329,2025-09-10 23:40:29,1,799
566,REF-1018,365,2025-09-11 00:03:29,2,1700
567,REF-1023,437,2025-09-11 00:27:29,2,800
568,REF-1027,300,2025-09-11 01:43:29,1,220
569,REF-1017,134,2025-09-11 02:47:29,1,350
570,REF-1022,401,2025-09-11 03:31:29,1,400
571,REF-1001,384,2025-09-11 03:40:29,1,999
572,REF-1023,27,2025-09-11 03:43:29,1,400
573,REF-1002,4,2025-09-11 03:51:29,1,1199
574,REF-1004,249,2025-09-11 05:33:29,1,1199
575,REF-1005,331,2025-09-11 07:31:29,1,799
576,REF-1014,368,2025-09-11 08:02:29,1,299
577,REF-1023,379,2025-09-11 09:46:29,1,400
578,REF-1029,43,2025-09-11 11:06:29,1,220
579,REF-1005,462,2025-09-11 11:08:29,1,799
580,REF-1022,493,2025-09-11 11:16:29,2,800
581,REF-1022,37,2025-09-11 11:47:29,1,400
582,REF-1015,342,2025-09-11 11:54:29,1,299
583,REF-1003,321,2025-09-11 12:03:29,1,1199
584,REF-1012,187,2025-09-11 12:16:29,1,450
585,REF-1027,109,2025-09-11 12:20:29,1,220
586,REF-1026,272,2025-09-11 12:36:29,1,450
587,REF-1014,95,2025-09-11 13:08:29,2,598
588,REF-1003,28,2025-09-11 13:38:29,1,1199
589,REF-1019,107,2025-09-11 14:16:29,2,1700
590,REF-1027,145,2025-09-11 14:46:29,1,220
591,REF-1004,220,2025-09-11 15:59:29,1,1199
592,REF-1016,189,2025-09-11 16:23:29,2,700
593,REF-1023,224,2025-09-11 17:52:29,2,800
594,REF-1017,220,2025-09-11 18:31:29,1,350
595,REF-1001,88,2025-09-11 18:49:29,1,999
596,REF-1021,457,2025-09-11 19:35:29,1,250
597,REF-1007,411,2025-09-11 19:48:29,1,899
598,REF-1007,299,2025-09-11 20:39:29,1,899
599,REF-1026,207,2025-09-11 21:23:29,1,450
600,REF-1021,209,2025-09-11 21:51:29,1,250
601,REF-1016,259,2025-09-12 00:54:29,1,350
602,REF-1013,481,2025-09-12 01:06:29,1,299
603,REF-1004,77,2025-09-12 02:08:29,1,1199
604,REF-1027,349,2025-09-12 02:55:29,1,220
605,REF-1025,398,2025-09-12 04:07:29,1,450
606,REF-1024,404,2025-09-12 04:48:29,1,450
607,REF-1028,207,2025-09-12 06:42:29,1,220
608,REF-1006,240,2025-09-12 07:47:29,1,799
609,REF-1008,343,2025-09-12 08:29:29,1,899
610,REF-1006,91,2025-09-12 09:15:29,1,799
611,REF-1018,328,2025-09-12 09:55:29,2,1700
612,REF-1026,484,2025-09-12 11:12:29,1,450
613,REF-1014,183,2025-09-12 11:51:29,1,299
614,REF-1027,92,2025-09-12 12:02:29,1,220
615,REF-1000,188,2025-09-12 12:07:29,1,999
616,REF-1020,288,2025-09-12 12:15:29,3,750
617,REF-1022,368,2025-09-12 14:30:29,1,400
618,REF-1004,487,2025-09-12 14:36:29,1,1199
619,REF-1006,120,2025-09-12 15:01:29,1,799
620,REF-1019,180,2025-09-12 15:38:29,3,2550
621,REF-1022,91,2025-09-12 18:08:29,1,400
622,REF-1015,163,2025-09-12 18:38:29,1,299
623,REF-1006,271,2025-09-12 19:25:29,1,799
624,REF-1009,52,2025-09-12 19:36:29,1,1299
625,REF-1009,262,2025-09-12 20:05:29,2,2598
626,REF-1004,200,2025-09-12 21:27:29,1,1199
627,REF-1024,427,2025-09-12 23:51:29,5,2250
628,REF-1016,484,2025-09-13 04:16:29,1,350
629,REF-1020,130,2025-09-13 04:59:29,2,500
630,REF-1023,122,2025-09-13 05:26:29,4,1600
631,REF-1015,76,2025-09-13 06:53:29,3,897
632,REF-1001,362,2025-09-13 07:38:29,1,999
633,REF-1003,300,2025-09-13 07:59:29,1,1199
634,REF-1012,434,2025-09-13 08:41:29,1,450
635,REF-1018,455,2025-09-13 09:38:29,1,850
636,REF-1013,1,2025-09-13 10:28:29,1,299
637,REF-1001,125,2025-09-13 10:34:29,1,999
638,REF-1010,450,2025-09-13 11:03:29,1,1299
639,REF-1008,22,2025-09-13 13:06:29,1,899
640,REF-1009,165,2025-09-13 13:14:29,1,1299
641,REF-1017,76,2025-09-13 14:09:29,1,350
642,REF-1029,270,2025-09-13 14:37:29,1,220
643,REF-1020,308,2025-09-13 15:29:29,1,250
644,REF-1011,242,2025-09-13 16:41:29,1,450
645,REF-1008,189,2025-09-13 17:45:29,1,899
646,REF-1004,235,2025-09-13 18:27:29,1,1199
647,REF-1029,372,2025-09-13 19:00:29,1,220
648,REF-1012,268,2025-09-13 19:57:29,1,450
649,REF-1000,232,2025-09-13 20:45:29,1,999
650,REF-1025,88,2025-09-13 22:34:29,1,450
651,REF-1019,286,2025-09-13 22:44:29,1,850
652,REF-1015,349,2025-09-14 01:31:29,1,299
653,REF-1008,416,2025-09-14 02:15:29,1,899
654,REF-1021,134,2025-09-14 02:17:29,1,250
655,REF-1005,384,2025-09-14 03:01:29,1,799
656,REF-1003,269,2025-09-14 04:08:29,1,1199
657,REF-1011,317,2025-09-14 04:10:29,2,900
658,REF-1001,280,2025-09-14 04:45:29,1,999
659,REF-1016,364,2025-09-14 05:21:29,1,350
660,REF-1002,2,2025-09-14 06:37:29,1,1199
661,REF-1027,281,2025-09-14 07:16:29,1,220
662,REF-1007,9,2025-09-14 08:03:29,2,1798
663,REF-1018,264,2025-09-14 08:57:29,1,850
664,REF-1025,261,2025-09-14 09:19:29,3,1350
665,REF-1027,499,2025-09-14 09:46:29,1,220
666,REF-1023,245,2025-09-14 10:34:29,1,400
667,REF-1003,488,2025-09-14 11:10:29,1,1199
668,REF-1005,241,2025-09-14 11:50:29,1,799
669,REF-1014,67,2025-09-14 12:44:29,1,299
670,REF-1010,409,2025-09-14 13:19:29,2,2598
671,REF-1003,184,2025-09-14 15:16:29,2,2398
672,REF-1025,466,2025-09-14 15:32:29,1,450
673,REF-1026,301,2025-09-14 16:28:29,1,450
674,REF-1006,15,2025-09-14 16:33:29,1,799
675,REF-1016,336,2025-09-14 17:20:29,1,350
676,REF-1011,48,2025-09-14 17:35:29,1,450
677,REF-1020,393,2025-09-14 19:04:29,1,250
678,REF-1019,114,2025-09-14 19:24:29,2,1700
679,REF-1004,185,2025-09-14 19:48:29,2,2398
680,REF-1007,97,2025-09-14 21:54:29,1,899
681,REF-1024,129,2025-09-14 23:29:29,1,450
682,REF-1018,161,2025-09-15 00:10:29,1,850
683,REF-1000,95,2025-09-15 00:27:29,2,1998
684,REF-1012,117,2025-09-15 00:48:29,1,450
685,REF-1022,269,2025-09-15 02:45:29,1,400
686,REF-1001,193,2025-09-15 05:06:29,1,999
687,REF-1018,457,2025-09-15 06:08:29,1,850
688,REF-1019,52,2025-09-15 06:18:29,1,850
689,REF-1007,108,2025-09-15 07:07:29,1,899
690,REF-1012,146,2025-09-15 10:06:29,1,450
691,REF-1023,134,2025-09-15 11:02:29,1,400
692,REF-1019,413,2025-09-15 11:18:29,1,850
693,REF-1014,200,2025-09-15 12:24:29,3,897
694,REF-1023,233,2025-09-15 12:28:29,1,400
695,REF-1014,240,2025-09-15 13:04:29,1,299
696,REF-1029,402,2025-09-15 13:18:29,1,220
697,REF-1014,114,2025-09-15 13:39:29,2,598
698,REF-1011,23,2025-09-15 13:43:29,4,1800
699,REF-1006,466,2025-09-15 14:04:29,1,799
700,REF-1002,322,2025-09-15 16:54:29,1,1199
701,REF-1015,477,2025-09-15 18:14:29,3,897
702,REF-1015,210,2025-09-15 20:24:29,1,299
703,REF-1017,451,2025-09-15 20:33:29,1,350
704,REF-1000,418,2025-09-15 21:11:29,1,999
705,REF-1007,427,2025-09-15 21:14:29,1,899
706,REF-1005,350,2025-09-15 21:43:29,1,799
707,REF-1027,381,2025-09-15 22:05:29,1,220
708,REF-1008,105,2025-09-15 22:10:29,1,899
709,REF-1012,76,2025-09-15 22:41:29,1,450
710,REF-1017,407,2025-09-16 00:16:29,1,350
711,REF-1007,170,2025-09-16 00:54:29,1,899
712,REF-1025,180,2025-09-16 01:21:29,1,450
713,REF-1027,372,2025-09-16 03:49:29,1,220
714,REF-1001,408,2025-09-16 03:51:29,1,999
715,REF-1005,11,2025-09-16 04:53:29,1,799
716,REF-1009,15,2025-09-16 06:23:29,1,1299
717,REF-1015,407,2025-09-16 06:30:29,1,299
718,REF-1008,459,2025-09-16 07:36:29,1,899
719,REF-1019,464,2025-09-16 07:59:29,1,850
720,REF-1004,28,2025-09-16 09:06:29,1,1199
721,REF-1029,8,2025-09-16 09:58:29,1,220
722,REF-1013,288,2025-09-16 10:13:29,1,299
723,REF-1018,186,2025-09-16 11:09:29,1,850
724,REF-1008,131,2025-09-16 11:32:29,1,899
725,REF-1008,498,2025-09-16 11:52:29,1,899
726,REF-1000,403,2025-09-16 13:49:29,1,999
727,REF-1005,121,2025-09-16 13:58:29,1,799
728,REF-1008,181,2025-09-16 15:03:29,1,899
729,REF-1023,21,2025-09-16 16:16:29,1,400
730,REF-1021,378,2025-09-16 16:31:29,1,250
731,REF-1013,44,2025-09-16 18:44:29,1,299
732,REF-1009,81,2025-09-16 19:36:29,1,1299
733,REF-1024,65,2025-09-16 20:39:29,1,450
734,REF-1021,60,2025-09-16 21:26:29,1,250
735,REF-1005,297,2025-09-16 22:05:29,1,799
736,REF-1019,116,2025-09-16 22:45:29,1,850
737,REF-1004,499,2025-09-16 23:54:29,1,1199
738,REF-1009,54,2025-09-17 00:17:29,1,1299
739,REF-1007,408,2025-09-17 01:58:29,1,899
740,REF-1022,228,2025-09-17 02:07:29,2,800
741,REF-1001,227,2025-09-17 02:19:29,1,999
742,REF-1004,425,2025-09-17 02:46:29,1,1199
743,REF-1000,319,2025-09-17 03:35:29,1,999
744,REF-1014,441,2025-09-17 03:47:29,1,299
745,REF-1002,171,2025-09-17 03:54:29,1,1199
746,REF-1011,227,2025-09-17 04:39:29,1,450
747,REF-1010,366,2025-09-17 06:03:29,1,1299
748,REF-1017,225,2025-09-17 06:05:29,1,350
749,REF-1011,470,2025-09-17 06:08:29,2,900
750,REF-1015,303,2025-09-17 06:21:29,2,598
751,REF-1010,68,2025-09-17 06:26:29,2,2598
752,REF-1029,306,2025-09-17 07:23:29,1,220
753,REF-1015,61,2025-09-17 08:57:29,1,299
754,REF-1008,173,2025-09-17 10:30:29,2,1798
755,REF-1026,236,2025-09-17 13:21:29,1,450
756,REF-1028,10,2025-09-17 13:26:29,1,220
757,REF-1008,49,2025-09-17 13:28:29,1,899
758,REF-1017,405,2025-09-17 17:23:29,2,700
759,REF-1016,421,2025-09-17 18:12:29,1,350
760,REF-1014,478,2025-09-17 18:18:29,1,299
761,REF-1004,409,2025-09-17 18:19:29,2,2398
762,REF-1004,131,2025-09-17 18:22:29,1,1199
763,REF-1001,322,2025-09-17 19:42:29,5,4995
764,REF-1004,259,2025-09-17 20:58:29,1,1199
765,REF-1021,166,2025-09-17 21:06:29,1,250
766,REF-1010,323,2025-09-17 21:48:29,2,2598
767,REF-1027,192,2025-09-17 23:11:29,1,220
768,REF-1023,286,2025-09-18 00:49:29,2,800
769,REF-1010,57,2025-09-18 02:40:29,1,1299
770,REF-1009,156,2025-09-18 03:52:29,1,1299
771,REF-1000,15,2025-09-18 04:22:29,1,999
772,REF-1009,318,2025-09-18 05:01:29,1,1299
773,REF-1028,22,2025-09-18 05:56:29,2,440
774,REF-1029,285,2025-09-18 08:24:29,2,440
775,REF-1023,244,2025-09-18 09:11:29,1,400
776,REF-1009,380,2025-09-18 09:46:29,1,1299
777,REF-1013,486,2025-09-18 10:55:29,1,299
778,REF-1025,481,2025-09-18 11:58:29,1,450
779,REF-1014,180,2025-09-18 12:18:29,1,299
780,REF-1012,350,2025-09-18 13:08:29,1,450
781,REF-1013,186,2025-09-18 13:16:29,1,299
782,REF-1028,216,2025-09-18 13:57:29,2,440
783,REF-1020,73,2025-09-18 14:51:29,2,500
784,REF-1015,475,2025-09-18 15:12:29,1,299
785,REF-1028,296,2025-09-18 15:32:29,1,220
786,REF-1020,500,2025-09-18 15:44:29,1,250
787,REF-1018,383,2025-09-18 16:03:29,1,850
788,REF-1021,59,2025-09-18 17:07:29,1,250
789,REF-1007,423,2025-09-18 17:25:29,1,899
790,REF-1020,47,2025-09-18 17:28:29,1,250
791,REF-1016,429,2025-09-18 17:31:29,1,350
792,REF-1003,311,2025-09-18 17:40:29,1,1199
793,REF-1026,463,2025-09-18 19:06:29,1,450
794,REF-1010,27,2025-09-18 19:45:29,2,2598
795,REF-1029,333,2025-09-18 20:49:29,1,220
796,REF-1000,464,2025-09-18 21:01:29,1,999
797,REF-1024,174,2025-09-18 21:51:29,1,450
798,REF-1006,401,2025-09-18 22:55:29,1,799
799,REF-1005,422,2025-09-18 23:35:29,1,799
800,REF-1021,82,2025-09-19 01:09:29,1,250
801,REF-1023,497,2025-09-19 01:33:29,2,800
802,REF-1008,245,2025-09-19 03:09:29,1,899
803,REF-1021,201,2025-09-19 03:45:29,2,500
804,REF-1021,82,2025-09-19 03:50:29,1,250
805,REF-1010,310,2025-09-19 04:44:29,1,1299
806,REF-1005,269,2025-09-19 07:29:29,1,799
807,REF-1028,493,2025-09-19 07:34:29,1,220
808,REF-1009,336,2025-09-19 09:38:29,1,1299
809,REF-1023,279,2025-09-19 09:59:29,1,400
810,REF-1015,401,2025-09-19 10:21:29,1,299
811,REF-1026,496,2025-09-19 10:40:29,1,450
812,REF-1008,210,2025-09-19 11:58:29,1,899
813,REF-1001,72,2025-09-19 18:01:29,1,999
814,REF-1000,156,2025-09-19 18:28:29,1,999
815,REF-1015,411,2025-09-19 18:42:29,2,598
816,REF-1013,305,2025-09-19 19:30:29,1,299
817,REF-1022,420,2025-09-19 19:41:29,1,400
818,REF-1025,314,2025-09-19 21:12:29,2,900
819,REF-1021,220,2025-09-19 21:28:29,2,500
820,REF-1003,97,2025-09-19 22:52:29,1,1199
821,REF-1020,247,2025-09-19 23:08:29,1,250
822,REF-1016,162,2025-09-19 23:18:29,1,350
823,REF-1017,405,2025-09-20 00:53:29,1,350
824,REF-1026,377,2025-09-20 01:11:29,1,450
825,REF-1006,15,2025-09-20 02:13:29,2,1598
826,REF-1009,137,2025-09-20 03:08:29,1,1299
827,REF-1008,368,2025-09-20 03:18:29,1,899
828,REF-1016,4,2025-09-20 03:18:29,1,350
829,REF-1006,187,2025-09-20 04:16:29,1,799
830,REF-1011,341,2025-09-20 05:02:29,2,900
831,REF-1010,140,2025-09-20 06:15:29,1,1299
832,REF-1005,281,2025-09-20 08:06:29,1,799
833,REF-1022,110,2025-09-20 08:40:29,1,400
834,REF-1001,74,2025-09-20 09:09:29,1,999
835,REF-1003,414,2025-09-20 09:49:29,2,2398
836,REF-1027,337,2025-09-20 12:55:29,2,440
837,REF-1002,353,2025-09-20 13:33:29,2,2398
838,REF-1018,369,2025-09-20 13:41:29,2,1700
839,REF-1000,153,2025-09-20 13:49:29,1,999
840,REF-1007,398,2025-09-20 14:23:29,2,1798
841,REF-1023,162,2025-09-20 14:55:29,1,400
842,REF-1015,24,2025-09-20 15:03:29,2,598
843,REF-1026,426,2025-09-20 17:20:29,2,900
844,REF-1002,144,2025-09-20 17:46:29,3,3597
845,REF-1007,436,2025-09-20 18:13:29,1,899
846,REF-1006,9,2025-09-20 19:09:29,1,799
847,REF-1026,124,2025-09-20 20:32:29,1,450
848,REF-1022,198,2025-09-20 20:50:29,1,400
849,REF-1002,347,2025-09-20 20:54:29,1,1199
850,REF-1022,407,2025-09-20 22:16:29,1,400
851,REF-1002,74,2025-09-20 23:34:29,1,1199
852,REF-1019,63,2025-09-20 23:52:29,1,850
853,REF-1020,414,2025-09-21 01:05:29,1,250
854,REF-1015,189,2025-09-21 02:18:29,1,299
855,REF-1010,431,2025-09-21 04:11:29,1,1299
856,REF-1026,252,2025-09-21 04:25:29,2,900
857,REF-1003,149,2025-09-21 05:25:29,1,1199
858,REF-1018,248,2025-09-21 06:04:29,1,850
859,REF-1001,330,2025-09-21 06:12:29,1,999
860,REF-1015,436,2025-09-21 07:27:29,1,299
861,REF-1028,135,2025-09-21 07:43:29,2,440
862,REF-1023,19,2025-09-21 08:03:29,1,400
863,REF-1026,88,2025-09-21 08:05:29,1,450
864,REF-1018,335,2025-09-21 09:48:29,1,850
865,REF-1025,133,2025-09-21 10:06:29,1,450
866,REF-1001,9,2025-09-21 10:13:29,1,999
867,REF-1029,336,2025-09-21 10:52:29,1,220
868,REF-1016,144,2025-09-21 13:15:29,1,350
869,REF-1011,161,2025-09-21 13:16:29,1,450
870,REF-1001,409,2025-09-21 15:39:29,1,999
871,REF-1014,19,2025-09-21 15:51:29,1,299
872,REF-1024,172,2025-09-21 17:13:29,1,450
873,REF-1000,370,2025-09-21 18:29:29,1,999
874,REF-1003,33,2025-09-21 19:56:29,1,1199
875,REF-1008,80,2025-09-21 20:46:29,2,1798
876,REF-1001,446,2025-09-21 21:14:29,1,999
877,REF-1022,392,2025-09-21 21:25:29,1,400
878,REF-1029,4,2025-09-21 21:41:29,1,220
879,REF-1002,276,2025-09-21 21:49:29,1,1199
880,REF-1004,451,2025-09-22 00:11:29,1,1199
881,REF-1004,37,2025-09-22 03:20:29,1,1199
882,REF-1017,223,2025-09-22 05:30:29,1,350
883,REF-1023,125,2025-09-22 05:51:29,1,400
884,REF-1001,45,2025-09-22 06:34:29,1,999
885,REF-1026,433,2025-09-22 06:42:29,1,450
886,REF-1014,200,2025-09-22 07:23:29,1,299
887,REF-1012,273,2025-09-22 09:59:29,2,900
888,REF-1009,342,2025-09-22 10:27:29,1,1299
889,REF-1016,179,2025-09-22 10:51:29,1,350
890,REF-1022,379,2025-09-22 11:19:29,1,400
891,REF-1002,421,2025-09-22 11:57:29,1,1199
892,REF-1023,95,2025-09-22 13:52:29,1,400
893,REF-1007,485,2025-09-22 14:09:29,1,899
894,REF-1019,107,2025-09-22 15:33:29,1,850
895,REF-1011,364,2025-09-22 17:00:29,1,450
896,REF-1022,493,2025-09-22 17:06:29,1,400
897,REF-1001,106,2025-09-22 17:34:29,1,999
898,REF-1014,88,2025-09-22 17:35:29,1,299
899,REF-1021,111,2025-09-22 17:51:29,1,250
900,REF-1015,493,2025-09-22 18:19:29,1,299
901,REF-1012,83,2025-09-22 18:51:29,1,450
902,REF-1027,161,2025-09-22 18:57:29,1,220
903,REF-1024,469,2025-09-22 19:22:29,1,450
904,REF-1022,243,2025-09-22 19:37:29,1,400
905,REF-1007,316,2025-09-22 20:07:29,1,899
906,REF-1012,238,2025-09-22 21:26:29,1,450
907,REF-1004,108,2025-09-22 21:37:29,1,1199
908,REF-1004,469,2025-09-23 00:08:29,1,1199
909,REF-1017,23,2025-09-23 01:23:29,1,350
910,REF-1013,286,2025-09-23 01:26:29,1,299
911,REF-1004,62,2025-09-23 01:50:29,1,1199
912,REF-1006,434,2025-09-23 02:25:29,1,799
913,REF-1008,402,2025-09-23 03:02:29,1,899
914,REF-1017,289,2025-09-23 03:35:29,1,350
915,REF-1010,103,2025-09-23 04:09:29,1,1299
916,REF-1025,17,2025-09-23 04:29:29,1,450
917,REF-1001,107,2025-09-23 06:07:29,1,999
918,REF-1023,49,2025-09-23 08:33:29,1,400
919,REF-1006,96,2025-09-23 09:55:29,1,799
920,REF-1009,160,2025-09-23 10:02:29,1,1299
921,REF-1021,187,2025-09-23 10:53:29,1,250
922,REF-1025,148,2025-09-23 11:59:29,1,450
923,REF-1011,49,2025-09-23 13:00:29,1,450
924,REF-1018,21,2025-09-23 13:29:29,1,850
925,REF-1010,188,2025-09-23 15:23:29,1,1299
926,REF-1022,36,2025-09-23 15:47:29,1,400
927,REF-1016,238,2025-09-23 15:57:29,1,350
928,REF-1001,157,2025-09-23 15:59:29,1,999
929,REF-1002,279,2025-09-23 16:24:29,1,1199
930,REF-1009,473,2025-09-23 17:43:29,1,1299
931,REF-1026,490,2025-09-23 17:44:29,1,450
932,REF-1012,374,2025-09-23 18:00:29,1,450
933,REF-1015,420,2025-09-23 18:58:29,1,299
934,REF-1004,41,2025-09-23 19:25:29,1,1199
935,REF-1003,211,2025-09-23 20:56:29,2,2398
936,REF-1029,177,2025-09-23 21:11:29,1,220
937,REF-1025,103,2025-09-23 21:12:29,1,450
938,REF-1028,383,2025-09-23 22:32:29,1,220
939,REF-1005,104,2025-09-24 00:31:29,1,799
940,REF-1013,83,2025-09-24 02:28:29,2,598
941,REF-1017,160,2025-09-24 02:51:29,1,350
942,REF-1021,456,2025-09-24 04:14:29,1,250
943,REF-1027,309,2025-09-24 04:20:29,2,440
944,REF-1014,288,2025-09-24 07:46:29,1,299
945,REF-1027,104,2025-09-24 09:10:29,1,220
946,REF-1005,94,2025-09-24 09:34:29,1,799
947,REF-1012,193,2025-09-24 10:05:29,1,450
948,REF-1026,497,2025-09-24 11:16:29,1,450
949,REF-1000,133,2025-09-24 11:23:29,1,999
950,REF-1012,349,2025-09-24 13:25:29,1,450
951,REF-1027,273,2025-09-24 15:15:29,5,1100
952,REF-1003,65,2025-09-24 17:49:29,1,1199
953,REF-1005,260,2025-09-24 18:17:29,1,799
954,REF-1004,401,2025-09-24 19:06:29,1,1199
955,REF-1010,11,2025-09-24 23:23:29,1,1299
956,REF-1028,367,2025-09-25 00:08:29,1,220
957,REF-1025,250,2025-09-25 00:26:29,3,1350
958,REF-1028,318,2025-09-25 02:08:29,1,220
959,REF-1021,188,2025-09-25 02:31:29,1,250
960,REF-1017,272,2025-09-25 02:32:29,1,350
961,REF-1009,469,2025-09-25 04:50:29,1,1299
962,REF-1011,439,2025-09-25 05:05:29,1,450
963,REF-1029,325,2025-09-25 05:29:29,1,220
964,REF-1009,194,2025-09-25 07:05:29,1,1299
965,REF-1014,266,2025-09-25 07:21:29,1,299
966,REF-1007,271,2025-09-25 07:29:29,1,899
967,REF-1021,366,2025-09-25 08:57:29,1,250
968,REF-1029,273,2025-09-25 09:10:29,1,220
969,REF-1022,268,2025-09-25 09:30:29,2,800
970,REF-1022,336,2025-09-25 09:53:29,1,400
971,REF-1001,44,2025-09-25 10:00:29,1,999
972,REF-1002,224,2025-09-25 10:58:29,1,1199
973,REF-1016,55,2025-09-25 11:05:29,1,350
974,REF-1007,366,2025-09-25 11:18:29,5,4495
975,REF-1027,58,2025-09-25 11:24:29,1,220
976,REF-1013,65,2025-09-25 11:44:29,1,299
977,REF-1006,249,2025-09-25 12:04:29,1,799
978,REF-1018,12,2025-09-25 14:05:29,1,850
979,REF-1015,236,2025-09-25 15:51:29,3,897
980,REF-1027,344,2025-09-25 16:22:29,1,220
981,REF-1013,283,2025-09-25 18:14:29,1,299
982,REF-1013,122,2025-09-25 18:45:29,2,598
983,REF-1029,244,2025-09-25 19:10:29,1,220
984,REF-1024,470,2025-09-25 19:46:29,2,900
985,REF-1000,315,2025-09-25 19:50:29,1,999
986,REF-1023,97,2025-09-25 22:05:29,1,400
987,REF-1014,446,2025-09-25 23:31:29,1,299
988,REF-1006,419,2025-09-25 23:44:29,1,799
989,REF-1019,338,2025-09-26 01:35:29,1,850
990,REF-1009,441,2025-09-26 02:04:29,1,1299
991,REF-1022,66,2025-09-26 02:08:29,1,400
992,REF-1022,205,2025-09-26 03:08:29,1,400
993,REF-1015,230,2025-09-26 03:23:29,1,299
994,REF-1014,120,2025-09-26 04:07:29,3,897
995,REF-1020,345,2025-09-26 05:00:29,1,250
996,REF-1004,438,2025-09-26 07:07:29,1,1199
997,REF-1018,28,2025-09-26 07:40:29,1,850
998,REF-1028,468,2025-09-26 08:15:29,1,220
999,REF-1027,472,2025-09-26 11:40:29,1,220
1000,REF-1013,336,2025-09-26 11:45:29,1,299
1001,REF-1015,224,2025-09-26 13:00:29,1,299
1002,REF-1020,97,2025-09-26 14:08:29,1,250
1003,REF-1027,107,2025-09-26 14:12:29,2,440
1004,REF-1006,323,2025-09-26 14:49:29,2,1598
1005,REF-1015,14,2025-09-26 15:22:29,2,598
1006,REF-1004,497,2025-09-26 15:35:29,1,1199
1007,REF-1008,284,2025-09-26 18:11:29,2,1798
1008,REF-1002,498,2025-09-26 19:20:29,1,1199
1009,REF-1026,162,2025-09-26 19:26:29,1,450
1010,REF-1008,306,2025-09-26 19:42:29,2,1798
1011,REF-1013,402,2025-09-26 20:20:29,1,299
1012,REF-1021,7,2025-09-26 21:24:29,2,500
1013,REF-1002,125,2025-09-26 23:02:29,1,1199
1014,REF-1014,367,2025-09-26 23:53:29,1,299
1015,REF-1019,150,2025-09-27 00:12:29,1,850
1016,REF-1026,113,2025-09-27 01:03:29,1,450
1017,REF-1026,6,2025-09-27 01:14:29,1,450
1018,REF-1001,239,2025-09-27 01:16:29,1,999
1019,REF-1022,471,2025-09-27 01:18:29,1,400
1020,REF-1024,110,2025-09-27 02:03:29,1,450
1021,REF-1007,171,2025-09-27 02:46:29,1,899
1022,REF-1013,370,2025-09-27 03:09:29,1,299
1023,REF-1017,5,2025-09-27 03:27:29,2,700
1024,REF-1026,378,2025-09-27 03:50:29,1,450
1025,REF-1014,446,2025-09-27 05:43:29,1,299
1026,REF-1014,150,2025-09-27 08:26:29,1,299
1027,REF-1016,308,2025-09-27 08:29:29,1,350
1028,REF-1014,154,2025-09-27 09:25:29,1,299
1029,REF-1023,29,2025-09-27 09:49:29,1,400
1030,REF-1013,386,2025-09-27 10:09:29,1,299
1031,REF-1014,469,2025-09-27 10:27:29,2,598
1032,REF-1022,357,2025-09-27 11:07:29,1,400
1033,REF-1025,219,2025-09-27 12:48:29,1,450
1034,REF-1021,419,2025-09-27 13:13:29,1,250
1035,REF-1020,311,2025-09-27 13:38:29,1,250
1036,REF-1018,370,2025-09-27 14:42:29,1,850
1037,REF-1026,221,2025-09-27 14:45:29,1,450
1038,REF-1009,223,2025-09-27 17:02:29,4,5196
1039,REF-1000,314,2025-09-27 17:26:29,1,999
1040,REF-1010,363,2025-09-27 17:56:29,1,1299
1041,REF-1009,343,2025-09-27 18:43:29,1,1299
1042,REF-1003,184,2025-09-27 22:54:29,1,1199
1043,REF-1005,17,2025-09-27 23:56:29,1,799
1044,REF-1007,469,2025-09-28 01:19:29,1,899
1045,REF-1019,31,2025-09-28 01:32:29,1,850
1046,REF-1024,66,2025-09-28 03:14:29,2,900
1047,REF-1008,441,2025-09-28 03:27:29,2,1798
1048,REF-1015,186,2025-09-28 03:57:29,1,299
1049,REF-1007,52,2025-09-28 04:09:29,2,1798
1050,REF-1005,219,2025-09-28 04:23:29,4,3196
1051,REF-1000,447,2025-09-28 04:46:29,2,1998
1052,REF-1023,479,2025-09-28 04:53:29,1,400
1053,REF-1017,430,2025-09-28 05:09:29,1,350
1054,REF-1026,423,2025-09-28 06:32:29,1,450
1055,REF-1017,146,2025-09-28 07:49:29,1,350
1056,REF-1016,24,2025-09-28 08:58:29,2,700
1057,REF-1019,239,2025-09-28 09:45:29,1,850
1058,REF-1027,379,2025-09-28 11:13:29,1,220
1059,REF-1024,424,2025-09-28 13:20:29,1,450
1060,REF-1001,163,2025-09-28 13:50:29,1,999
1061,REF-1002,453,2025-09-28 14:07:29,1,1199
1062,REF-1001,441,2025-09-28 15:25:29,1,999
1063,REF-1028,160,2025-09-28 15:47:29,1,220
1064,REF-1004,394,2025-09-28 15:50:29,1,1199
1065,REF-1018,12,2025-09-28 16:34:29,1,850
1066,REF-1016,238,2025-09-28 18:01:29,1,350
1067,REF-1001,23,2025-09-28 18:25:29,1,999
1068,REF-1022,500,2025-09-28 21:06:29,1,400
1069,REF-1003,286,2025-09-28 21:58:29,1,1199
1070,REF-1012,35,2025-09-28 22:16:29,1,450
1071,REF-1018,202,2025-09-28 23:56:29,1,850
1072,REF-1005,93,2025-09-29 01:41:29,1,799
1073,REF-1025,392,2025-09-29 03:10:29,2,900
1074,REF-1006,99,2025-09-29 03:52:29,1,799
1075,REF-1019,489,2025-09-29 04:08:29,1,850
1076,REF-1012,165,2025-09-29 04:56:29,1,450
1077,REF-1028,32,2025-09-29 05:49:29,1,220
1078,REF-1005,350,2025-09-29 07:53:29,1,799
1079,REF-1022,95,2025-09-29 08:17:29,1,400
1080,REF-1014,477,2025-09-29 08:21:29,2,598
1081,REF-1013,186,2025-09-29 08:52:29,1,299
1082,REF-1025,275,2025-09-29 09:15:29,1,450
1083,REF-1022,59,2025-09-29 09:27:29,3,1200
1084,REF-1021,67,2025-09-29 09:34:29,1,250
1085,REF-1018,303,2025-09-29 09:38:29,1,850
1086,REF-1007,378,2025-09-29 10:50:29,1,899
1087,REF-1003,103,2025-09-29 11:51:29,1,1199
1088,REF-1029,381,2025-09-29 12:35:29,1,220
1089,REF-1025,24,2025-09-29 13:22:29,1,450
1090,REF-1000,186,2025-09-29 14:15:29,1,999
1091,REF-1000,278,2025-09-29 14:18:29,2,1998
1092,REF-1014,304,2025-09-29 14:29:29,1,299
1093,REF-1002,332,2025-09-29 14:34:29,1,1199
1094,REF-1028,375,2025-09-29 14:56:29,1,220
1095,REF-1026,498,2025-09-29 16:21:29,1,450
1096,REF-1014,369,2025-09-29 17:16:29,1,299
1097,REF-1014,360,2025-09-29 20:02:29,1,299
1098,REF-1013,83,2025-09-29 20:50:29,1,299
1099,REF-1009,205,2025-09-29 21:24:29,5,6495
1100,REF-1014,209,2025-09-29 21:47:29,1,299
1101,REF-1002,39,2025-09-29 22:31:29,2,2398
1102,REF-1008,451,2025-09-29 22:36:29,2,1798
1103,REF-1001,208,2025-09-29 22:57:29,1,999
1104,REF-1024,485,2025-09-29 23:30:29,1,450
1105,REF-1008,316,2025-09-29 23:35:29,1,899
1106,REF-1013,390,2025-09-30 01:19:29,2,598
1107,REF-1005,163,2025-09-30 01:35:29,1,799
1108,REF-1009,137,2025-09-30 02:11:29,1,1299
1109,REF-1021,378,2025-09-30 03:27:29,1,250
1110,REF-1029,346,2025-09-30 03:41:29,1,220
1111,REF-1027,470,2025-09-30 03:47:29,1,220
1112,REF-1013,267,2025-09-30 05:27:29,1,299
1113,REF-1027,465,2025-09-30 05:50:29,1,220
1114,REF-1017,44,2025-09-30 06:08:29,1,350
1115,REF-1009,449,2025-09-30 07:24:29,1,1299
1116,REF-1021,448,2025-09-30 07:53:29,5,1250
1117,REF-1000,7,2025-09-30 08:35:29,1,999
1118,REF-1005,67,2025-09-30 09:29:29,1,799
1119,REF-1029,377,2025-09-30 09:50:29,1,220
1120,REF-1005,410,2025-09-30 10:16:29,1,799
1121,REF-1006,165,2025-09-30 10:32:29,1,799
1122,REF-1025,120,2025-09-30 11:59:29,1,450
1123,REF-1009,166,2025-09-30 12:29:29,1,1299
1124,REF-1017,156,2025-09-30 12:54:29,1,350
1125,REF-1017,142,2025-09-30 13:36:29,1,350
1126,REF-1015,125,2025-09-30 14:18:29,1,299
1127,REF-1004,245,2025-09-30 15:06:29,1,1199
1128,REF-1008,437,2025-09-30 15:07:29,2,1798
1129,REF-1027,468,2025-09-30 15:40:29,1,220
1130,REF-1015,378,2025-09-30 16:13:29,1,299
1131,REF-1010,383,2025-09-30 16:29:29,1,1299
1132,REF-1027,107,2025-09-30 18:39:29,1,220
1133,REF-1006,28,2025-09-30 18:40:29,1,799
1134,REF-1009,118,2025-09-30 18:43:29,1,1299
1135,REF-1023,289,2025-09-30 19:34:29,2,800
1136,REF-1000,336,2025-09-30 20:03:29,1,999
1137,REF-1012,75,2025-09-30 20:19:29,1,450
1138,REF-1013,485,2025-09-30 21:49:29,2,598
1139,REF-1024,421,2025-09-30 21:58:29,1,450
1140,REF-1029,186,2025-09-30 22:22:29,1,220
1141,REF-1004,153,2025-09-30 22:27:29,1,1199
1142,REF-1022,438,2025-09-30 22:46:29,1,400
1143,REF-1011,407,2025-09-30 22:57:29,1,450
1144,REF-1000,90,2025-09-30 23:20:29,1,999
1145,REF-1002,291,2025-09-30 23:41:29,4,4796
1146,REF-1001,225,2025-10-01 00:34:29,1,999
1147,REF-1004,115,2025-10-01 01:02:29,1,1199
1148,REF-1016,472,2025-10-01 03:17:29,1,350
1149,REF-1024,63,2025-10-01 03:36:29,1,450
1150,REF-1028,492,2025-10-01 06:22:29,1,220
1151,REF-1021,265,2025-10-01 06:39:29,1,250
1152,REF-1014,354,2025-10-01 06:55:29,1,299
1153,REF-1029,86,2025-10-01 07:14:29,1,220
1154,REF-1013,281,2025-10-01 07:52:29,1,299
1155,REF-1021,310,2025-10-01 08:54:29,3,750
1156,REF-1004,391,2025-10-01 10:13:29,1,1199
1157,REF-1029,202,2025-10-01 11:26:29,3,660
1158,REF-1026,188,2025-10-01 11:49:29,1,450
1159,REF-1021,30,2025-10-01 12:11:29,1,250
1160,REF-1000,443,2025-10-01 12:45:29,1,999
1161,REF-1009,437,2025-10-01 13:05:29,1,1299
1162,REF-1014,85,2025-10-01 13:49:29,1,299
1163,REF-1027,41,2025-10-01 14:12:29,1,220
1164,REF-1016,139,2025-10-01 14:33:29,1,350
1165,REF-1024,414,2025-10-01 15:20:29,5,2250
1166,REF-1023,255,2025-10-01 16:14:29,1,400
1167,REF-1002,136,2025-10-01 16:24:29,1,1199
1168,REF-1002,55,2025-10-01 19:54:29,1,1199
1169,REF-1016,155,2025-10-01 23:24:29,1,350
1170,REF-1006,178,2025-10-02 00:04:29,1,799
1171,REF-1029,159,2025-10-02 00:17:29,1,220
1172,REF-1014,96,2025-10-02 01:33:29,1,299
1173,REF-1004,229,2025-10-02 02:54:29,1,1199
1174,REF-1013,36,2025-10-02 03:45:29,1,299
1175,REF-1001,341,2025-10-02 07:10:29,2,1998
1176,REF-1002,182,2025-10-02 08:43:29,5,5995
1177,REF-1016,36,2025-10-02 09:39:29,2,700
1178,REF-1020,79,2025-10-02 10:00:29,1,250
1179,REF-1010,405,2025-10-02 10:07:29,2,2598
1180,REF-1004,385,2025-10-02 10:34:29,1,1199
1181,REF-1025,349,2025-10-02 10:37:29,2,900
1182,REF-1021,112,2025-10-02 11:36:29,2,500
1183,REF-1016,42,2025-10-02 12:09:29,1,350
1184,REF-1028,198,2025-10-02 12:56:29,1,220
1185,REF-1003,483,2025-10-02 12:57:29,1,1199
1186,REF-1010,186,2025-10-02 13:14:29,1,1299
1187,REF-1004,500,2025-10-02 13:17:29,2,2398
1188,REF-1016,67,2025-10-02 14:04:29,1,350
1189,REF-1006,401,2025-10-02 14:11:29,1,799
1190,REF-1001,208,2025-10-02 14:26:29,1,999
1191,REF-1028,280,2025-10-02 14:29:29,1,220
1192,REF-1028,439,2025-10-02 15:38:29,2,440
1193,REF-1021,274,2025-10-02 17:08:29,1,250
1194,REF-1008,278,2025-10-02 17:59:29,1,899
1195,REF-1005,195,2025-10-02 18:39:29,1,799
1196,REF-1013,261,2025-10-02 19:51:29,1,299
1197,REF-1008,294,2025-10-02 22:11:29,1,899
1198,REF-1001,342,2025-10-02 23:02:29,1,999
1199,REF-1001,5,2025-10-03 03:45:29,1,999
1200,REF-1028,418,2025-10-03 04:41:29,1,220
1201,REF-1012,275,2025-10-03 04:52:29,1,450
1202,REF-1015,410,2025-10-03 05:01:29,2,598
1203,REF-1020,386,2025-10-03 06:50:29,1,250
1204,REF-1015,100,2025-10-03 07:46:29,1,299
1205,REF-1021,94,2025-10-03 08:48:29,1,250
1206,REF-1011,309,2025-10-03 10:19:29,1,450
1207,REF-1009,136,2025-10-03 11:01:29,1,1299
1208,REF-1003,204,2025-10-03 11:18:29,1,1199
1209,REF-1026,418,2025-10-03 11:41:29,1,450
1210,REF-1000,204,2025-10-03 12:38:29,1,999
1211,REF-1022,152,2025-10-03 14:29:29,1,400
1212,REF-1008,62,2025-10-03 14:49:29,1,899
1213,REF-1027,242,2025-10-03 15:01:29,1,220
1214,REF-1018,300,2025-10-03 15:11:29,4,3400
1215,REF-1011,166,2025-10-03 15:36:29,1,450
1216,REF-1015,14,2025-10-03 16:15:29,1,299
1217,REF-1005,159,2025-10-03 16:36:29,1,799
1218,REF-1007,75,2025-10-03 17:05:29,1,899
1219,REF-1001,313,2025-10-03 18:05:29,1,999
1220,REF-1017,265,2025-10-03 19:15:29,1,350
1221,REF-1011,32,2025-10-03 20:57:29,1,450
1222,REF-1024,16,2025-10-03 21:00:29,1,450
1223,REF-1010,86,2025-10-03 21:18:29,1,1299
1224,REF-1018,178,2025-10-03 21:57:29,1,850
1225,REF-1021,238,2025-10-03 22:40:29,1,250
1226,REF-1010,123,2025-10-03 22:50:29,1,1299
1227,REF-1021,317,2025-10-03 23:39:29,1,250
1228,REF-1014,254,2025-10-04 03:59:29,2,598
1229,REF-1010,348,2025-10-04 04:54:29,1,1299
1230,REF-1000,187,2025-10-04 06:21:29,1,999
1231,REF-1018,115,2025-10-04 06:51:29,1,850
1232,REF-1022,134,2025-10-04 07:17:29,1,400
1233,REF-1020,420,2025-10-04 07:38:29,1,250
1234,REF-1002,184,2025-10-04 08:36:29,1,1199
1235,REF-1021,328,2025-10-04 10:09:29,1,250
1236,REF-1027,202,2025-10-04 11:30:29,1,220
1237,REF-1011,125,2025-10-04 11:43:29,1,450
1238,REF-1008,33,2025-10-04 11:48:29,1,899
1239,REF-1015,74,2025-10-04 13:39:29,3,897
1240,REF-1001,394,2025-10-04 13:52:29,1,999
1241,REF-1013,137,2025-10-04 14:03:29,2,598
1242,REF-1004,7,2025-10-04 14:38:29,1,1199
1243,REF-1011,177,2025-10-04 16:29:29,1,450
1244,REF-1020,410,2025-10-04 16:55:29,1,250
1245,REF-1001,483,2025-10-04 17:04:29,1,999
1246,REF-1029,80,2025-10-04 17:36:29,1,220
1247,REF-1024,302,2025-10-04 17:39:29,1,450
1248,REF-1028,390,2025-10-04 20:36:29,2,440
1249,REF-1004,30,2025-10-04 21:10:29,1,1199
1250,REF-1027,63,2025-10-04 21:56:29,1,220
1251,REF-1013,255,2025-10-05 00:30:29,1,299
1252,REF-1000,367,2025-10-05 00:48:29,1,999
1253,REF-1010,322,2025-10-05 01:37:29,1,1299
1254,REF-1029,164,2025-10-05 02:04:29,1,220
1255,REF-1006,262,2025-10-05 02:43:29,1,799
1256,REF-1006,260,2025-10-05 03:12:29,1,799
1257,REF-1017,157,2025-10-05 04:30:29,1,350
1258,REF-1013,282,2025-10-05 05:25:29,1,299
1259,REF-1002,66,2025-10-05 05:42:29,1,1199
1260,REF-1001,45,2025-10-05 08:10:29,5,4995
1261,REF-1009,283,2025-10-05 09:30:29,1,1299
1262,REF-1020,417,2025-10-05 10:33:29,1,250
1263,REF-1009,229,2025-10-05 12:36:29,1,1299
1264,REF-1015,398,2025-10-05 13:51:29,1,299
1265,REF-1010,232,2025-10-05 15:38:29,1,1299
1266,REF-1011,326,2025-10-05 16:12:29,1,450
1267,REF-1000,247,2025-10-05 17:37:29,1,999
1268,REF-1016,117,2025-10-05 18:01:29,2,700
1269,REF-1024,94,2025-10-05 18:22:29,1,450
1270,REF-1011,181,2025-10-05 19:49:29,1,450
1271,REF-1002,384,2025-10-05 20:10:29,1,1199
1272,REF-1022,1,2025-10-05 20:45:29,1,400
1273,REF-1018,67,2025-10-05 21:03:29,3,2550
1274,REF-1010,103,2025-10-05 23:24:29,1,1299
1275,REF-1005,431,2025-10-06 00:08:29,1,799
1276,REF-1020,103,2025-10-06 01:23:29,1,250
1277,REF-1019,60,2025-10-06 05:29:29,1,850
1278,REF-1015,200,2025-10-06 06:23:29,1,299
1279,REF-1018,140,2025-10-06 08:06:29,4,3400
1280,REF-1002,492,2025-10-06 08:38:29,1,1199
1281,REF-1021,257,2025-10-06 09:00:29,1,250
1282,REF-1008,494,2025-10-06 09:05:29,1,899
1283,REF-1004,437,2025-10-06 14:00:29,1,1199
1284,REF-1021,284,2025-10-06 14:16:29,1,250
1285,REF-1022,287,2025-10-06 16:39:29,1,400
1286,REF-1000,247,2025-10-06 18:00:29,1,999
1287,REF-1023,343,2025-10-06 18:36:29,1,400
1288,REF-1019,16,2025-10-06 19:17:29,1,850
1289,REF-1008,392,2025-10-06 19:20:29,1,899
1290,REF-1017,60,2025-10-06 20:26:29,1,350
1291,REF-1017,327,2025-10-06 22:14:29,1,350
1292,REF-1003,44,2025-10-06 22:36:29,1,1199
1293,REF-1009,58,2025-10-06 23:08:29,2,2598
1294,REF-1017,163,2025-10-07 01:10:29,1,350
1295,REF-1026,98,2025-10-07 01:17:29,2,900
1296,REF-1010,388,2025-10-07 02:05:29,2,2598
1297,REF-1012,90,2025-10-07 02:39:29,1,450
1298,REF-1013,351,2025-10-07 03:24:29,3,897
1299,REF-1008,372,2025-10-07 03:42:29,1,899
1300,REF-1018,6,2025-10-07 05:44:29,1,850
1301,REF-1028,158,2025-10-07 06:04:29,2,440
1302,REF-1022,141,2025-10-07 06:25:29,1,400
1303,REF-1011,360,2025-10-07 06:56:29,1,450
1304,REF-1027,320,2025-10-07 07:09:29,1,220
1305,REF-1026,1,2025-10-07 07:26:29,1,450
1306,REF-1016,476,2025-10-07 07:33:29,1,350
1307,REF-1015,283,2025-10-07 08:10:29,1,299
1308,REF-1028,325,2025-10-07 09:09:29,1,220
1309,REF-1028,315,2025-10-07 09:21:29,2,440
1310,REF-1004,87,2025-10-07 11:28:29,1,1199
1311,REF-1022,162,2025-10-07 11:40:29,1,400
1312,REF-1027,313,2025-10-07 11:59:29,1,220
1313,REF-1021,423,2025-10-07 12:41:29,1,250
1314,REF-1026,471,2025-10-07 13:08:29,1,450
1315,REF-1022,180,2025-10-07 13:52:29,1,400
1316,REF-1019,379,2025-10-07 16:01:29,3,2550
1317,REF-1012,402,2025-10-07 16:40:29,1,450
1318,REF-1012,127,2025-10-07 17:47:29,1,450
1319,REF-1009,391,2025-10-07 18:12:29,5,6495
1320,REF-1018,285,2025-10-07 18:47:29,1,850
1321,REF-1021,450,2025-10-07 19:42:29,1,250
1322,REF-1003,223,2025-10-07 20:36:29,1,1199
1323,REF-1002,466,2025-10-07 21:51:29,2,2398
1324,REF-1013,375,2025-10-07 22:26:29,1,299
1325,REF-1017,249,2025-10-08 00:12:29,1,350
1326,REF-1000,184,2025-10-08 01:41:29,1,999
1327,REF-1028,410,2025-10-08 03:40:29,1,220
1328,REF-1017,464,2025-10-08 03:50:29,1,350
1329,REF-1028,12,2025-10-08 04:09:29,1,220
1330,REF-1022,148,2025-10-08 04:53:29,1,400
1331,REF-1002,244,2025-10-08 05:38:29,1,1199
1332,REF-1018,385,2025-10-08 05:42:29,2,1700
1333,REF-1028,492,2025-10-08 06:21:29,4,880
1334,REF-1028,39,2025-10-08 09:47:29,1,220
1335,REF-1028,148,2025-10-08 10:35:29,1,220
1336,REF-1005,378,2025-10-08 12:38:29,1,799
1337,REF-1021,225,2025-10-08 13:43:29,1,250
1338,REF-1011,148,2025-10-08 13:54:29,1,450
1339,REF-1006,256,2025-10-08 15:28:29,1,799
1340,REF-1029,299,2025-10-08 16:11:29,1,220
1341,REF-1008,340,2025-10-08 16:55:29,1,899
1342,REF-1014,386,2025-10-08 18:13:29,1,299
1343,REF-1011,92,2025-10-08 18:18:29,1,450
1344,REF-1012,333,2025-10-08 19:37:29,1,450
1345,REF-1017,284,2025-10-08 20:37:29,3,1050
1346,REF-1025,208,2025-10-08 20:53:29,1,450
1347,REF-1003,198,2025-10-08 21:39:29,1,1199
1348,REF-1008,38,2025-10-08 23:55:29,1,899
1349,REF-1004,349,2025-10-09 00:32:29,1,1199
1350,REF-1009,336,2025-10-09 01:00:29,1,1299
1351,REF-1025,192,2025-10-09 01:37:29,1,450
1352,REF-1000,296,2025-10-09 03:15:29,1,999
1353,REF-1010,344,2025-10-09 04:43:29,1,1299
1354,REF-1006,344,2025-10-09 05:04:29,1,799
1355,REF-1012,405,2025-10-09 05:43:29,1,450
1356,REF-1025,479,2025-10-09 06:03:29,1,450
1357,REF-1028,279,2025-10-09 06:30:29,1,220
1358,REF-1004,102,2025-10-09 08:13:29,5,5995
1359,REF-1011,136,2025-10-09 08:28:29,2,900
1360,REF-1017,377,2025-10-09 08:54:29,1,350
1361,REF-1011,332,2025-10-09 10:35:29,1,450
1362,REF-1029,313,2025-10-09 11:06:29,2,440
1363,REF-1003,461,2025-10-09 11:16:29,2,2398
1364,REF-1002,90,2025-10-09 11:40:29,1,1199
1365,REF-1002,93,2025-10-09 13:30:29,1,1199
1366,REF-1001,335,2025-10-09 14:35:29,1,999
1367,REF-1025,29,2025-10-09 14:35:29,1,450
1368,REF-1007,118,2025-10-09 14:44:29,1,899
1369,REF-1009,439,2025-10-09 15:01:29,1,1299
1370,REF-1022,368,2025-10-09 15:10:29,1,400
1371,REF-1018,107,2025-10-09 15:12:29,1,850
1372,REF-1006,376,2025-10-09 15:57:29,1,799
1373,REF-1020,320,2025-10-09 16:14:29,1,250
1374,REF-1000,437,2025-10-09 16:31:29,1,999
1375,REF-1027,421,2025-10-09 16:38:29,1,220
1376,REF-1020,465,2025-10-09 18:03:29,1,250
1377,REF-1017,205,2025-10-09 19:31:29,1,350
1378,REF-1002,228,2025-10-09 21:08:29,1,1199
1379,REF-1026,126,2025-10-09 21:50:29,1,450
1380,REF-1014,348,2025-10-09 22:19:29,1,299
1381,REF-1024,352,2025-10-09 22:53:29,1,450
1382,REF-1027,158,2025-10-09 23:03:29,1,220
1383,REF-1029,16,2025-10-09 23:37:29,1,220
1384,REF-1011,63,2025-10-10 00:28:29,3,1350
1385,REF-1012,106,2025-10-10 01:14:29,1,450
1386,REF-1025,372,2025-10-10 03:00:29,1,450
1387,REF-1005,414,2025-10-10 03:32:29,2,1598
1388,REF-1020,20,2025-10-10 03:43:29,1,250
1389,REF-1019,300,2025-10-10 04:48:29,1,850
1390,REF-1028,248,2025-10-10 04:52:29,1,220
1391,REF-1029,348,2025-10-10 05:49:29,1,220
1392,REF-1021,176,2025-10-10 06:43:29,1,250
1393,REF-1008,50,2025-10-10 07:23:29,2,1798
1394,REF-1006,29,2025-10-10 07:40:29,1,799
1395,REF-1020,266,2025-10-10 08:25:29,2,500
1396,REF-1027,67,2025-10-10 10:42:29,1,220
1397,REF-1001,89,2025-10-10 11:05:29,1,999
1398,REF-1008,496,2025-10-10 14:43:29,1,899
1399,REF-1022,22,2025-10-10 16:05:29,1,400
1400,REF-1016,223,2025-10-10 17:04:29,1,350
1401,REF-1003,366,2025-10-10 18:00:29,1,1199
1402,REF-1017,120,2025-10-10 18:03:29,1,350
1403,REF-1019,445,2025-10-10 18:20:29,1,850
1404,REF-1017,479,2025-10-10 18:24:29,1,350
1405,REF-1015,76,2025-10-10 19:25:29,1,299
1406,REF-1021,35,2025-10-10 20:01:29,1,250
1407,REF-1001,382,2025-10-10 20:31:29,1,999
1408,REF-1015,50,2025-10-10 23:36:29,1,299
1409,REF-1024,306,2025-10-10 23:38:29,2,900
1410,REF-1023,284,2025-10-11 01:11:29,2,800
1411,REF-1014,400,2025-10-11 01:54:29,1,299
1412,REF-1008,316,2025-10-11 01:54:29,1,899
1413,REF-1026,464,2025-10-11 01:56:29,1,450
1414,REF-1009,393,2025-10-11 04:15:29,1,1299
1415,REF-1017,108,2025-10-11 04:59:29,1,350
1416,REF-1013,142,2025-10-11 05:35:29,1,299
1417,REF-1004,407,2025-10-11 06:14:29,1,1199
1418,REF-1028,482,2025-10-11 06:38:29,1,220
1419,REF-1012,125,2025-10-11 07:32:29,1,450
1420,REF-1021,111,2025-10-11 07:52:29,1,250
1421,REF-1024,183,2025-10-11 08:29:29,1,450
1422,REF-1028,360,2025-10-11 08:39:29,1,220
1423,REF-1013,87,2025-10-11 09:04:29,1,299
1424,REF-1026,334,2025-10-11 09:23:29,1,450
1425,REF-1017,133,2025-10-11 10:55:29,1,350
1426,REF-1018,221,2025-10-11 11:23:29,1,850
1427,REF-1018,386,2025-10-11 11:33:29,1,850
1428,REF-1013,11,2025-10-11 12:27:29,1,299
1429,REF-1015,10,2025-10-11 12:58:29,5,1495
1430,REF-1004,497,2025-10-11 15:08:29,1,1199
1431,REF-1028,321,2025-10-11 16:23:29,1,220
1432,REF-1014,147,2025-10-11 17:43:29,1,299
1433,REF-1016,202,2025-10-11 17:57:29,1,350
1434,REF-1026,208,2025-10-11 18:47:29,1,450
1435,REF-1025,241,2025-10-11 18:48:29,1,450
1436,REF-1016,280,2025-10-11 18:54:29,1,350
1437,REF-1002,10,2025-10-11 20:10:29,1,1199
1438,REF-1016,333,2025-10-11 20:33:29,1,350
1439,REF-1006,147,2025-10-11 20:47:29,1,799
1440,REF-1012,344,2025-10-11 21:38:29,1,450
1441,REF-1025,269,2025-10-11 22:30:29,1,450
1442,REF-1015,168,2025-10-11 22:42:29,1,299
1443,REF-1016,171,2025-10-12 00:20:29,1,350
1444,REF-1022,182,2025-10-12 00:31:29,2,800
1445,REF-1029,238,2025-10-12 00:39:29,2,440
1446,REF-1004,256,2025-10-12 01:20:29,1,1199
1447,REF-1017,260,2025-10-12 03:47:29,1,350
1448,REF-1020,125,2025-10-12 05:02:29,1,250
1449,REF-1011,378,2025-10-12 09:34:29,2,900
1450,REF-1008,137,2025-10-12 09:44:29,1,899
1451,REF-1008,67,2025-10-12 09:58:29,1,899
1452,REF-1029,483,2025-10-12 13:18:29,2,440
1453,REF-1012,353,2025-10-12 13:43:29,1,450
1454,REF-1008,348,2025-10-12 15:20:29,1,899
1455,REF-1013,146,2025-10-12 18:48:29,2,598
1456,REF-1027,126,2025-10-12 21:32:29,1,220
1457,REF-1007,322,2025-10-12 21:51:29,1,899
1458,REF-1003,302,2025-10-12 22:53:29,5,5995
1459,REF-1010,170,2025-10-12 23:06:29,1,1299
1460,REF-1003,321,2025-10-13 01:26:29,1,1199
1461,REF-1028,122,2025-10-13 01:55:29,1,220
1462,REF-1024,497,2025-10-13 02:12:29,3,1350
1463,REF-1010,321,2025-10-13 03:48:29,1,1299
1464,REF-1011,476,2025-10-13 04:32:29,1,450
1465,REF-1027,375,2025-10-13 04:34:29,1,220
1466,REF-1020,70,2025-10-13 05:04:29,5,1250
1467,REF-1024,157,2025-10-13 05:05:29,2,900
1468,REF-1013,459,2025-10-13 05:18:29,1,299
1469,REF-1012,56,2025-10-13 05:43:29,1,450
1470,REF-1000,481,2025-10-13 07:25:29,1,999
1471,REF-1009,435,2025-10-13 09:12:29,1,1299
1472,REF-1002,331,2025-10-13 09:22:29,1,1199
1473,REF-1010,211,2025-10-13 09:49:29,3,3897
1474,REF-1022,28,2025-10-13 10:23:29,1,400
1475,REF-1023,275,2025-10-13 10:30:29,1,400
1476,REF-1022,34,2025-10-13 10:31:29,1,400
1477,REF-1021,383,2025-10-13 11:43:29,1,250
1478,REF-1012,498,2025-10-13 12:23:29,3,1350
1479,REF-1003,161,2025-10-13 12:50:29,1,1199
1480,REF-1018,286,2025-10-13 12:56:29,1,850
1481,REF-1009,447,2025-10-13 15:39:29,1,1299
1482,REF-1017,153,2025-10-13 15:39:29,1,350
1483,REF-1025,131,2025-10-13 17:16:29,1,450
1484,REF-1005,139,2025-10-13 18:15:29,1,799
1485,REF-1007,70,2025-10-13 20:16:29,1,899
1486,REF-1006,213,2025-10-13 20:41:29,2,1598
1487,REF-1013,200,2025-10-13 21:49:29,1,299
1488,REF-1013,311,2025-10-13 22:18:29,1,299
1489,REF-1017,120,2025-10-13 22:25:29,2,700
1490,REF-1000,381,2025-10-14 00:35:29,1,999
1491,REF-1005,354,2025-10-14 01:17:29,1,799
1492,REF-1011,70,2025-10-14 01:21:29,1,450
1493,REF-1018,387,2025-10-14 01:52:29,1,850
1494,REF-1008,333,2025-10-14 03:20:29,2,1798
1495,REF-1023,365,2025-10-14 03:54:29,1,400
1496,REF-1020,425,2025-10-14 04:00:29,1,250
1497,REF-1008,303,2025-10-14 05:31:29,1,899
1498,REF-1010,13,2025-10-14 05:31:29,1,1299
1499,REF-1028,114,2025-10-14 05:38:29,1,220
1500,REF-1018,287,2025-10-14 05:45:29,1,850
1501,REF-1004,143,2025-10-14 05:54:29,1,1199
1502,REF-1021,215,2025-10-14 08:01:29,1,250
1503,REF-1013,146,2025-10-14 08:40:29,1,299
1504,REF-1001,327,2025-10-14 08:57:29,1,999
1505,REF-1020,355,2025-10-14 10:19:29,1,250
1506,REF-1020,457,2025-10-14 10:32:29,1,250
1507,REF-1007,65,2025-10-14 11:02:29,1,899
1508,REF-1002,400,2025-10-14 11:07:29,1,1199
1509,REF-1028,210,2025-10-14 12:29:29,1,220
1510,REF-1020,335,2025-10-14 13:34:29,1,250
1511,REF-1028,467,2025-10-14 14:40:29,1,220
1512,REF-1007,450,2025-10-14 15:25:29,2,1798
1513,REF-1001,82,2025-10-14 15:32:29,1,999
1514,REF-1022,171,2025-10-14 15:52:29,1,400
1515,REF-1028,436,2025-10-14 16:05:29,1,220
1516,REF-1029,330,2025-10-14 16:39:29,1,220
1517,REF-1023,79,2025-10-14 17:02:29,1,400
1518,REF-1006,144,2025-10-14 17:16:29,1,799
1519,REF-1003,346,2025-10-14 17:25:29,1,1199
1520,REF-1019,460,2025-10-14 17:33:29,1,850
1521,REF-1001,382,2025-10-14 20:22:29,2,1998
1522,REF-1019,158,2025-10-14 21:16:29,2,1700
1523,REF-1016,265,2025-10-14 21:20:29,1,350
1524,REF-1023,80,2025-10-14 21:27:29,1,400
1525,REF-1004,257,2025-10-14 22:04:29,1,1199
1526,REF-1005,304,2025-10-14 22:44:29,1,799
1527,REF-1021,272,2025-10-14 23:01:29,1,250
1528,REF-1017,76,2025-10-14 23:20:29,3,1050
1529,REF-1028,139,2025-10-15 00:42:29,1,220
1530,REF-1018,361,2025-10-15 02:31:29,1,850
1531,REF-1029,236,2025-10-15 05:48:29,1,220
1532,REF-1016,257,2025-10-15 07:12:29,3,1050
1533,REF-1003,48,2025-10-15 08:13:29,1,1199
1534,REF-1003,90,2025-10-15 13:33:29,1,1199
1535,REF-1026,152,2025-10-15 16:34:29,1,450
1536,REF-1021,66,2025-10-15 17:27:29,1,250
1537,REF-1023,416,2025-10-15 17:40:29,1,400
1538,REF-1029,92,2025-10-15 18:04:29,1,220
1539,REF-1006,166,2025-10-15 19:30:29,1,799
1540,REF-1015,377,2025-10-15 20:32:29,1,299
1541,REF-1008,143,2025-10-15 21:14:29,3,2697
1542,REF-1004,232,2025-10-15 21:24:29,1,1199
1543,REF-1001,360,2025-10-15 22:09:29,1,999
1544,REF-1003,433,2025-10-15 23:28:29,1,1199
1545,REF-1019,379,2025-10-16 00:15:29,1,850
1546,REF-1009,384,2025-10-16 01:24:29,1,1299
1547,REF-1015,262,2025-10-16 03:39:29,1,299
1548,REF-1010,65,2025-10-16 04:44:29,1,1299
1549,REF-1026,103,2025-10-16 05:04:29,1,450
1550,REF-1023,428,2025-10-16 05:08:29,1,400
1551,REF-1006,115,2025-10-16 08:10:29,2,1598
1552,REF-1022,302,2025-10-16 08:17:29,1,400
1553,REF-1006,185,2025-10-16 08:58:29,2,1598
1554,REF-1020,489,2025-10-16 09:28:29,1,250
1555,REF-1012,181,2025-10-16 11:21:29,2,900
1556,REF-1004,258,2025-10-16 12:06:29,1,1199
1557,REF-1020,196,2025-10-16 14:21:29,1,250
1558,REF-1008,360,2025-10-16 16:18:29,1,899
1559,REF-1013,327,2025-10-16 19:04:29,1,299
1560,REF-1007,168,2025-10-16 19:10:29,1,899
1561,REF-1015,154,2025-10-16 19:17:29,1,299
1562,REF-1012,98,2025-10-16 21:06:29,1,450
1563,REF-1025,343,2025-10-16 21:08:29,1,450
1564,REF-1024,286,2025-10-16 21:25:29,1,450
1565,REF-1009,382,2025-10-16 21:29:29,1,1299
1566,REF-1024,291,2025-10-16 22:13:29,1,450
1567,REF-1006,312,2025-10-16 23:51:29,1,799
1568,REF-1025,407,2025-10-16 23:51:29,1,450
1569,REF-1019,442,2025-10-17 00:35:29,2,1700
1570,REF-1013,252,2025-10-17 01:05:29,1,299
1571,REF-1007,64,2025-10-17 01:25:29,1,899
1572,REF-1020,66,2025-10-17 02:03:29,1,250
1573,REF-1005,248,2025-10-17 02:46:29,2,1598
1574,REF-1007,462,2025-10-17 03:18:29,1,899
1575,REF-1022,60,2025-10-17 04:04:29,1,400
1576,REF-1026,492,2025-10-17 04:58:29,1,450
1577,REF-1023,391,2025-10-17 05:03:29,2,800
1578,REF-1017,496,2025-10-17 05:50:29,3,1050
1579,REF-1015,161,2025-10-17 06:58:29,1,299
1580,REF-1020,444,2025-10-17 07:03:29,1,250
1581,REF-1013,33,2025-10-17 07:27:29,1,299
1582,REF-1007,112,2025-10-17 07:29:29,1,899
1583,REF-1029,238,2025-10-17 07:33:29,1,220
1584,REF-1013,347,2025-10-17 09:48:29,3,897
1585,REF-1027,165,2025-10-17 10:18:29,1,220
1586,REF-1007,317,2025-10-17 10:42:29,1,899
1587,REF-1002,271,2025-10-17 11:12:29,2,2398
1588,REF-1026,129,2025-10-17 12:23:29,2,900
1589,REF-1012,311,2025-10-17 12:44:29,1,450
1590,REF-1018,204,2025-10-17 13:59:29,2,1700
1591,REF-1002,72,2025-10-17 14:09:29,1,1199
1592,REF-1006,45,2025-10-17 14:20:29,1,799
1593,REF-1015,24,2025-10-17 16:19:29,1,299
1594,REF-1016,256,2025-10-17 16:41:29,1,350
1595,REF-1005,282,2025-10-17 17:16:29,2,1598
1596,REF-1006,474,2025-10-17 17:51:29,1,799
1597,REF-1017,374,2025-10-17 18:11:29,1,350
1598,REF-1013,203,2025-10-17 18:31:29,1,299
1599,REF-1003,411,2025-10-17 19:00:29,1,1199
1600,REF-1003,76,2025-10-17 19:33:29,1,1199
1601,REF-1005,312,2025-10-17 20:05:29,1,799
1602,REF-1013,249,2025-10-17 21:01:29,1,299
1603,REF-1004,38,2025-10-17 21:37:29,1,1199
1604,REF-1004,82,2025-10-17 23:18:29,1,1199
1605,REF-1025,131,2025-10-17 23:33:29,2,900
1606,REF-1000,293,2025-10-18 00:09:29,1,999
1607,REF-1009,416,2025-10-18 03:37:29,1,1299
1608,REF-1012,362,2025-10-18 04:15:29,1,450
1609,REF-1024,301,2025-10-18 05:23:29,1,450
1610,REF-1021,358,2025-10-18 06:35:29,3,750
1611,REF-1010,164,2025-10-18 06:55:29,1,1299
1612,REF-1005,335,2025-10-18 07:25:29,1,799
1613,REF-1004,95,2025-10-18 09:11:29,1,1199
1614,REF-1001,299,2025-10-18 11:36:29,3,2997
1615,REF-1021,288,2025-10-18 13:46:29,1,250
1616,REF-1009,56,2025-10-18 17:49:29,1,1299
1617,REF-1006,386,2025-10-18 18:01:29,2,1598
1618,REF-1022,215,2025-10-18 18:49:29,1,400
1619,REF-1000,429,2025-10-18 18:50:29,1,999
1620,REF-1018,85,2025-10-18 19:27:29,1,850
1621,REF-1027,355,2025-10-18 19:34:29,2,440
1622,REF-1003,141,2025-10-18 20:53:29,1,1199
1623,REF-1016,29,2025-10-18 21:48:29,1,350
1624,REF-1009,16,2025-10-18 22:03:29,2,2598
1625,REF-1017,242,2025-10-18 22:32:29,1,350
1626,REF-1018,199,2025-10-18 22:33:29,1,850
1627,REF-1008,437,2025-10-18 22:50:29,2,1798
1628,REF-1008,181,2025-10-18 23:04:29,1,899
1629,REF-1019,186,2025-10-19 00:15:29,1,850
1630,REF-1023,183,2025-10-19 01:10:29,1,400
1631,REF-1028,58,2025-10-19 02:25:29,1,220
1632,REF-1002,443,2025-10-19 02:33:29,1,1199
1633,REF-1009,73,2025-10-19 03:05:29,1,1299
1634,REF-1001,225,2025-10-19 03:37:29,1,999
1635,REF-1008,331,2025-10-19 05:58:29,1,899
1636,REF-1001,449,2025-10-19 06:22:29,1,999
1637,REF-1023,91,2025-10-19 06:32:29,1,400
1638,REF-1022,146,2025-10-19 08:05:29,1,400
1639,REF-1029,143,2025-10-19 08:35:29,1,220
1640,REF-1017,129,2025-10-19 09:17:29,1,350
1641,REF-1026,88,2025-10-19 09:32:29,1,450
1642,REF-1020,380,2025-10-19 10:27:29,1,250
1643,REF-1010,154,2025-10-19 11:24:29,1,1299
1644,REF-1020,378,2025-10-19 12:44:29,1,250
1645,REF-1002,439,2025-10-19 14:02:29,1,1199
1646,REF-1008,26,2025-10-19 15:11:29,1,899
1647,REF-1019,195,2025-10-19 15:39:29,3,2550
1648,REF-1022,40,2025-10-19 15:45:29,1,400
1649,REF-1019,189,2025-10-19 16:06:29,1,850
1650,REF-1004,240,2025-10-19 16:28:29,2,2398
1651,REF-1003,337,2025-10-19 17:07:29,1,1199
1652,REF-1004,13,2025-10-19 17:19:29,1,1199
1653,REF-1018,113,2025-10-19 19:41:29,1,850
1654,REF-1007,101,2025-10-19 19:44:29,1,899
1655,REF-1003,110,2025-10-19 21:00:29,1,1199
1656,REF-1023,59,2025-10-20 01:27:29,1,400
1657,REF-1029,56,2025-10-20 01:45:29,1,220
1658,REF-1007,295,2025-10-20 01:56:29,1,899
1659,REF-1020,301,2025-10-20 03:18:29,1,250
1660,REF-1005,14,2025-10-20 03:19:29,1,799
1661,REF-1024,316,2025-10-20 04:15:29,1,450
1662,REF-1022,220,2025-10-20 05:58:29,1,400
1663,REF-1008,402,2025-10-20 06:21:29,1,899
1664,REF-1019,433,2025-10-20 07:11:29,1,850
1665,REF-1004,219,2025-10-20 10:03:29,1,1199
1666,REF-1008,417,2025-10-20 10:30:29,1,899
1667,REF-1002,289,2025-10-20 12:20:29,1,1199
1668,REF-1018,383,2025-10-20 12:42:29,1,850
1669,REF-1024,474,2025-10-20 12:59:29,1,450
1670,REF-1018,426,2025-10-20 13:00:29,1,850
1671,REF-1027,347,2025-10-20 13:45:29,1,220
1672,REF-1003,310,2025-10-20 13:49:29,2,2398
1673,REF-1020,328,2025-10-20 14:05:29,1,250
1674,REF-1020,327,2025-10-20 14:13:29,1,250
1675,REF-1008,376,2025-10-20 14:23:29,2,1798
1676,REF-1025,41,2025-10-20 14:52:29,1,450
1677,REF-1002,197,2025-10-20 15:04:29,1,1199
1678,REF-1013,474,2025-10-20 15:13:29,1,299
1679,REF-1027,225,2025-10-20 16:16:29,1,220
1680,REF-1006,61,2025-10-20 16:59:29,1,799
1681,REF-1017,431,2025-10-20 17:31:29,2,700
1682,REF-1000,353,2025-10-20 18:46:29,1,999
1683,REF-1009,383,2025-10-20 19:57:29,2,2598
1684,REF-1029,325,2025-10-20 21:31:29,1,220
1685,REF-1029,302,2025-10-20 21:31:29,1,220
1686,REF-1011,168,2025-10-20 21:45:29,3,1350
1687,REF-1017,67,2025-10-20 22:42:29,2,700
1688,REF-1015,364,2025-10-21 00:10:29,1,299
1689,REF-1028,292,2025-10-21 03:22:29,1,220
1690,REF-1019,302,2025-10-21 05:08:29,1,850
1691,REF-1007,400,2025-10-21 06:47:29,2,1798
1692,REF-1000,457,2025-10-21 07:12:29,1,999
1693,REF-1021,42,2025-10-21 08:42:29,1,250
1694,REF-1009,321,2025-10-21 08:48:29,1,1299
1695,REF-1022,206,2025-10-21 10:08:29,1,400
1696,REF-1018,179,2025-10-21 11:36:29,1,850
1697,REF-1027,86,2025-10-21 14:16:29,1,220
1698,REF-1007,95,2025-10-21 16:39:29,1,899
1699,REF-1021,305,2025-10-21 16:44:29,1,250
1700,REF-1026,50,2025-10-21 18:18:29,1,450
1701,REF-1015,24,2025-10-21 19:51:29,1,299
1702,REF-1012,139,2025-10-21 19:57:29,1,450
1703,REF-1005,91,2025-10-21 21:11:29,1,799
1704,REF-1025,39,2025-10-21 23:15:29,2,900
1705,REF-1000,334,2025-10-21 23:27:29,1,999
1706,REF-1029,460,2025-10-22 00:45:29,2,440
1707,REF-1012,34,2025-10-22 00:48:29,1,450
1708,REF-1007,350,2025-10-22 01:38:29,1,899
1709,REF-1010,108,2025-10-22 01:52:29,1,1299
1710,REF-1006,328,2025-10-22 03:17:29,1,799
1711,REF-1026,83,2025-10-22 04:58:29,1,450
1712,REF-1014,135,2025-10-22 05:54:29,1,299
1713,REF-1011,185,2025-10-22 06:18:29,1,450
1714,REF-1026,499,2025-10-22 07:14:29,1,450
1715,REF-1018,269,2025-10-22 08:03:29,1,850
1716,REF-1023,263,2025-10-22 09:08:29,1,400
1717,REF-1006,436,2025-10-22 09:41:29,1,799
1718,REF-1014,60,2025-10-22 11:45:29,1,299
1719,REF-1026,294,2025-10-22 12:48:29,1,450
1720,REF-1009,495,2025-10-22 14:22:29,1,1299
1721,REF-1010,335,2025-10-22 14:44:29,2,2598
1722,REF-1029,318,2025-10-22 18:06:29,3,660
1723,REF-1016,313,2025-10-22 19:09:29,1,350
1724,REF-1024,234,2025-10-22 19:17:29,1,450
1725,REF-1006,66,2025-10-22 19:22:29,1,799
1726,REF-1012,353,2025-10-22 19:33:29,1,450
1727,REF-1026,335,2025-10-22 20:25:29,1,450
1728,REF-1028,149,2025-10-22 20:48:29,1,220
1729,REF-1023,345,2025-10-22 20:53:29,1,400
1730,REF-1010,338,2025-10-22 21:05:29,1,1299
1731,REF-1027,133,2025-10-22 21:50:29,1,220
1732,REF-1004,420,2025-10-22 21:54:29,1,1199
1733,REF-1029,374,2025-10-22 23:14:29,1,220
1734,REF-1026,221,2025-10-22 23:54:29,1,450
1735,REF-1025,324,2025-10-23 00:17:29,1,450
1736,REF-1009,21,2025-10-23 01:02:29,1,1299
1737,REF-1025,111,2025-10-23 01:08:29,1,450
1738,REF-1020,295,2025-10-23 02:49:29,1,250
1739,REF-1022,32,2025-10-23 02:57:29,1,400
1740,REF-1028,62,2025-10-23 02:59:29,1,220
1741,REF-1028,473,2025-10-23 03:54:29,2,440
1742,REF-1013,426,2025-10-23 04:38:29,1,299
1743,REF-1007,317,2025-10-23 06:54:29,1,899
1744,REF-1022,226,2025-10-23 08:51:29,1,400
1745,REF-1025,66,2025-10-23 08:56:29,1,450
1746,REF-1018,74,2025-10-23 09:09:29,1,850
1747,REF-1016,94,2025-10-23 10:03:29,1,350
1748,REF-1012,236,2025-10-23 12:23:29,1,450
1749,REF-1002,164,2025-10-23 13:57:29,1,1199
1750,REF-1018,155,2025-10-23 14:14:29,1,850
1751,REF-1019,106,2025-10-23 14:58:29,1,850
1752,REF-1003,267,2025-10-23 15:49:29,1,1199
1753,REF-1011,27,2025-10-23 17:14:29,2,900
1754,REF-1005,346,2025-10-23 17:26:29,1,799
1755,REF-1000,31,2025-10-23 18:06:29,1,999
1756,REF-1016,219,2025-10-23 18:52:29,1,350
1757,REF-1023,367,2025-10-23 21:44:29,1,400
1758,REF-1027,366,2025-10-23 22:27:29,1,220
1759,REF-1024,111,2025-10-23 23:06:29,1,450
1760,REF-1009,314,2025-10-24 02:34:29,1,1299
1761,REF-1017,237,2025-10-24 04:29:29,1,350
1762,REF-1001,216,2025-10-24 04:57:29,2,1998
1763,REF-1025,90,2025-10-24 04:58:29,1,450
1764,REF-1009,412,2025-10-24 07:26:29,2,2598
1765,REF-1000,23,2025-10-24 07:48:29,1,999
1766,REF-1002,229,2025-10-24 07:56:29,1,1199
1767,REF-1014,402,2025-10-24 08:25:29,1,299
1768,REF-1029,237,2025-10-24 08:53:29,1,220
1769,REF-1028,454,2025-10-24 09:30:29,1,220
1770,REF-1007,165,2025-10-24 09:47:29,1,899
1771,REF-1001,212,2025-10-24 11:02:29,1,999
1772,REF-1004,487,2025-10-24 12:18:29,1,1199
1773,REF-1000,117,2025-10-24 14:56:29,1,999
1774,REF-1005,325,2025-10-24 15:13:29,1,799
1775,REF-1025,328,2025-10-24 15:57:29,1,450
1776,REF-1028,280,2025-10-24 17:09:29,1,220
1777,REF-1007,288,2025-10-24 17:15:29,1,899
1778,REF-1019,27,2025-10-24 17:24:29,1,850
1779,REF-1023,449,2025-10-24 18:27:29,1,400
1780,REF-1012,275,2025-10-24 19:39:29,1,450
1781,REF-1029,422,2025-10-24 20:22:29,1,220
1782,REF-1024,408,2025-10-24 21:06:29,1,450
1783,REF-1007,401,2025-10-24 21:37:29,1,899
1784,REF-1025,284,2025-10-25 00:57:29,1,450
1785,REF-1023,14,2025-10-25 01:47:29,1,400
1786,REF-1028,208,2025-10-25 03:19:29,3,660
1787,REF-1020,487,2025-10-25 04:36:29,2,500
1788,REF-1006,93,2025-10-25 04:58:29,1,799
1789,REF-1020,152,2025-10-25 06:23:29,1,250
1790,REF-1002,282,2025-10-25 06:46:29,1,1199
1791,REF-1022,434,2025-10-25 07:16:29,1,400
1792,REF-1018,458,2025-10-25 07:31:29,1,850
1793,REF-1019,445,2025-10-25 08:14:29,1,850
1794,REF-1002,94,2025-10-25 08:16:29,2,2398
1795,REF-1024,235,2025-10-25 09:28:29,1,450
1796,REF-1026,124,2025-10-25 10:33:29,2,900
1797,REF-1021,140,2025-10-25 10:59:29,2,500
1798,REF-1000,79,2025-10-25 11:33:29,2,1998
1799,REF-1019,207,2025-10-25 12:20:29,3,2550
1800,REF-1021,3,2025-10-25 12:30:29,1,250
1801,REF-1028,413,2025-10-25 13:07:29,1,220
1802,REF-1003,34,2025-10-25 13:11:29,1,1199
1803,REF-1026,4,2025-10-25 13:18:29,1,450
1804,REF-1021,472,2025-10-25 13:19:29,3,750
1805,REF-1024,320,2025-10-25 14:18:29,5,2250
1806,REF-1010,87,2025-10-25 14:20:29,1,1299
1807,REF-1012,284,2025-10-25 14:37:29,1,450
1808,REF-1017,468,2025-10-25 16:17:29,1,350
1809,REF-1021,133,2025-10-25 16:38:29,1,250
1810,REF-1008,168,2025-10-25 16:46:29,1,899
1811,REF-1025,438,2025-10-25 18:04:29,1,450
1812,REF-1001,401,2025-10-25 18:11:29,1,999
1813,REF-1015,13,2025-10-25 18:30:29,1,299
1814,REF-1011,142,2025-10-25 19:36:29,1,450
1815,REF-1014,456,2025-10-25 20:41:29,1,299
1816,REF-1000,486,2025-10-25 20:43:29,1,999
1817,REF-1007,210,2025-10-25 23:39:29,2,1798
1818,REF-1004,271,2025-10-26 02:37:29,1,1199
1819,REF-1025,486,2025-10-26 03:45:29,1,450
1820,REF-1029,328,2025-10-26 04:51:29,2,440
1821,REF-1012,284,2025-10-26 06:31:29,1,450
1822,REF-1025,36,2025-10-26 07:27:29,1,450
1823,REF-1004,163,2025-10-26 08:40:29,1,1199
1824,REF-1002,413,2025-10-26 08:49:29,1,1199
1825,REF-1010,457,2025-10-26 09:00:29,1,1299
1826,REF-1018,215,2025-10-26 09:26:29,1,850
1827,REF-1025,290,2025-10-26 10:45:29,1,450
1828,REF-1008,24,2025-10-26 11:53:29,3,2697
1829,REF-1022,373,2025-10-26 12:08:29,1,400
1830,REF-1016,488,2025-10-26 12:14:29,1,350
1831,REF-1004,446,2025-10-26 12:51:29,1,1199
1832,REF-1025,396,2025-10-26 16:06:29,4,1800
1833,REF-1012,196,2025-10-26 17:12:29,1,450
1834,REF-1022,309,2025-10-26 18:19:29,1,400
1835,REF-1023,453,2025-10-26 19:00:29,2,800
1836,REF-1029,254,2025-10-26 19:25:29,1,220
1837,REF-1007,457,2025-10-26 20:46:29,4,3596
1838,REF-1023,53,2025-10-26 21:01:29,1,400
1839,REF-1027,379,2025-10-26 21:53:29,1,220
1840,REF-1020,81,2025-10-26 21:56:29,1,250
1841,REF-1007,144,2025-10-27 00:28:29,1,899
1842,REF-1024,167,2025-10-27 00:31:29,1,450
1843,REF-1009,474,2025-10-27 03:43:29,1,1299
1844,REF-1004,162,2025-10-27 05:14:29,1,1199
1845,REF-1000,83,2025-10-27 05:44:29,1,999
1846,REF-1029,425,2025-10-27 05:48:29,1,220
1847,REF-1027,448,2025-10-27 06:44:29,1,220
1848,REF-1007,441,2025-10-27 07:15:29,1,899
1849,REF-1020,459,2025-10-27 11:28:29,1,250
1850,REF-1023,483,2025-10-27 13:01:29,3,1200
1851,REF-1021,457,2025-10-27 14:04:29,1,250
1852,REF-1008,141,2025-10-27 14:29:29,1,899
1853,REF-1014,73,2025-10-27 14:33:29,1,299
1854,REF-1003,482,2025-10-27 14:58:29,1,1199
1855,REF-1013,147,2025-10-27 15:25:29,5,1495
1856,REF-1000,16,2025-10-27 16:46:29,2,1998
1857,REF-1003,90,2025-10-27 17:22:29,1,1199
1858,REF-1021,143,2025-10-27 18:53:29,1,250
1859,REF-1012,34,2025-10-27 18:55:29,2,900
1860,REF-1005,121,2025-10-27 19:54:29,1,799
1861,REF-1010,269,2025-10-27 20:03:29,1,1299
1862,REF-1010,163,2025-10-27 21:16:29,1,1299
1863,REF-1022,477,2025-10-27 21:48:29,1,400
1864,REF-1026,341,2025-10-27 22:51:29,1,450
1865,REF-1007,294,2025-10-28 00:59:29,2,1798
1866,REF-1001,156,2025-10-28 01:25:29,1,999
1867,REF-1019,320,2025-10-28 01:29:29,2,1700
1868,REF-1026,376,2025-10-28 05:17:29,1,450
1869,REF-1011,140,2025-10-28 05:29:29,2,900
1870,REF-1013,481,2025-10-28 05:36:29,2,598
1871,REF-1006,411,2025-10-28 06:16:29,1,799
1872,REF-1011,101,2025-10-28 06:46:29,1,450
1873,REF-1001,155,2025-10-28 07:02:29,1,999
1874,REF-1016,487,2025-10-28 07:44:29,1,350
1875,REF-1019,353,2025-10-28 09:11:29,1,850
1876,REF-1023,171,2025-10-28 10:37:29,1,400
1877,REF-1013,212,2025-10-28 10:54:29,1,299
1878,REF-1009,275,2025-10-28 11:03:29,1,1299
1879,REF-1029,279,2025-10-28 11:39:29,1,220
1880,REF-1027,327,2025-10-28 12:15:29,1,220
1881,REF-1025,178,2025-10-28 12:24:29,1,450
1882,REF-1012,290,2025-10-28 12:52:29,1,450
1883,REF-1016,313,2025-10-28 14:56:29,1,350
1884,REF-1014,426,2025-10-28 15:22:29,1,299
1885,REF-1027,252,2025-10-28 15:35:29,1,220
1886,REF-1016,76,2025-10-28 16:00:29,1,350
1887,REF-1019,401,2025-10-28 16:29:29,1,850
1888,REF-1013,475,2025-10-28 16:47:29,2,598
1889,REF-1005,182,2025-10-28 16:47:29,1,799
1890,REF-1017,26,2025-10-28 17:06:29,2,700
1891,REF-1004,14,2025-10-28 17:09:29,1,1199
1892,REF-1015,11,2025-10-28 18:11:29,1,299
1893,REF-1001,212,2025-10-28 18:47:29,1,999
1894,REF-1015,176,2025-10-28 19:06:29,1,299
1895,REF-1017,125,2025-10-28 21:40:29,1,350
1896,REF-1004,185,2025-10-28 22:30:29,1,1199
1897,REF-1005,243,2025-10-28 23:43:29,1,799
1898,REF-1015,423,2025-10-29 00:58:29,1,299
1899,REF-1001,297,2025-10-29 01:23:29,1,999
1900,REF-1014,105,2025-10-29 01:53:29,1,299
1901,REF-1029,356,2025-10-29 08:20:29,1,220
1902,REF-1017,35,2025-10-29 08:47:29,1,350
1903,REF-1007,412,2025-10-29 11:29:29,1,899
1904,REF-1012,301,2025-10-29 12:16:29,1,450
1905,REF-1026,125,2025-10-29 14:38:29,1,450
1906,REF-1017,4,2025-10-29 15:29:29,1,350
1907,REF-1015,122,2025-10-29 16:58:29,1,299
1908,REF-1028,75,2025-10-29 17:03:29,2,440
1909,REF-1025,171,2025-10-29 17:58:29,1,450
1910,REF-1011,413,2025-10-29 18:07:29,1,450
1911,REF-1016,489,2025-10-29 18:10:29,1,350
1912,REF-1018,344,2025-10-29 18:28:29,1,850
1913,REF-1027,209,2025-10-29 21:30:29,3,660
1914,REF-1005,75,2025-10-29 22:43:29,1,799
1915,REF-1025,155,2025-10-29 22:47:29,1,450
1916,REF-1005,300,2025-10-29 23:31:29,1,799
1917,REF-1023,371,2025-10-29 23:44:29,1,400
1918,REF-1020,240,2025-10-29 23:54:29,1,250
1919,REF-1013,270,2025-10-30 00:46:29,1,299
1920,REF-1013,132,2025-10-30 01:56:29,1,299
1921,REF-1022,399,2025-10-30 03:28:29,1,400
1922,REF-1011,429,2025-10-30 03:33:29,5,2250
1923,REF-1029,498,2025-10-30 03:48:29,2,440
1924,REF-1011,220,2025-10-30 06:16:29,1,450
1925,REF-1006,189,2025-10-30 06:23:29,1,799
1926,REF-1003,481,2025-10-30 07:09:29,1,1199
1927,REF-1028,179,2025-10-30 07:27:29,2,440
1928,REF-1024,326,2025-10-30 08:09:29,1,450
1929,REF-1027,253,2025-10-30 08:22:29,1,220
1930,REF-1002,245,2025-10-30 10:46:29,1,1199
1931,REF-1006,61,2025-10-30 10:50:29,1,799
1932,REF-1025,155,2025-10-30 11:40:29,2,900
1933,REF-1007,158,2025-10-30 12:01:29,1,899
1934,REF-1029,228,2025-10-30 13:37:29,1,220
1935,REF-1020,171,2025-10-30 13:39:29,1,250
1936,REF-1026,47,2025-10-30 16:03:29,1,450
1937,REF-1018,66,2025-10-30 16:06:29,1,850
1938,REF-1017,59,2025-10-30 17:18:29,1,350
1939,REF-1009,33,2025-10-30 17:34:29,1,1299
1940,REF-1008,427,2025-10-30 18:56:29,1,899
1941,REF-1022,379,2025-10-30 19:35:29,4,1600
1942,REF-1011,40,2025-10-30 19:49:29,1,450
1943,REF-1022,276,2025-10-30 19:55:29,5,2000
1944,REF-1023,483,2025-10-30 21:06:29,1,400
1945,REF-1017,206,2025-10-30 21:10:29,2,700
1946,REF-1024,377,2025-10-30 21:25:29,1,450
1947,REF-1003,238,2025-10-31 00:12:29,1,1199
1948,REF-1003,437,2025-10-31 02:00:29,1,1199
1949,REF-1024,386,2025-10-31 02:59:29,1,450
1950,REF-1004,312,2025-10-31 06:18:29,1,1199
1951,REF-1006,473,2025-10-31 06:42:29,1,799
1952,REF-1005,242,2025-10-31 08:16:29,1,799
1953,REF-1011,464,2025-10-31 09:08:29,1,450
1954,REF-1025,303,2025-10-31 10:07:29,1,450
1955,REF-1024,369,2025-10-31 10:08:29,1,450
1956,REF-1027,6,2025-10-31 10:28:29,1,220
1957,REF-1006,36,2025-10-31 12:16:29,1,799
1958,REF-1016,323,2025-10-31 12:51:29,1,350
1959,REF-1005,411,2025-10-31 14:39:29,1,799
1960,REF-1000,294,2025-10-31 15:14:29,1,999
1961,REF-1015,374,2025-10-31 16:17:29,1,299
1962,REF-1016,228,2025-10-31 16:42:29,3,1050
1963,REF-1006,47,2025-10-31 17:17:29,1,799
1964,REF-1012,28,2025-10-31 17:46:29,2,900
1965,REF-1015,498,2025-10-31 18:46:29,1,299
1966,REF-1007,27,2025-10-31 18:49:29,1,899
1967,REF-1014,173,2025-10-31 20:04:29,1,299
1968,REF-1018,289,2025-10-31 22:29:29,1,850
1969,REF-1008,195,2025-10-31 23:18:29,1,899
1970,REF-1002,466,2025-11-01 01:53:29,1,1199
1971,REF-1003,422,2025-11-01 01:58:29,1,1199
1972,REF-1007,297,2025-11-01 02:13:29,1,899
1973,REF-1011,290,2025-11-01 02:18:29,1,450
1974,REF-1018,113,2025-11-01 02:42:29,1,850
1975,REF-1019,220,2025-11-01 05:27:29,1,850
1976,REF-1029,70,2025-11-01 05:28:29,1,220
1977,REF-1014,169,2025-11-01 05:29:29,1,299
1978,REF-1004,231,2025-11-01 07:48:29,1,1199
1979,REF-1000,68,2025-11-01 08:23:29,1,999
1980,REF-1010,271,2025-11-01 09:24:29,1,1299
1981,REF-1011,239,2025-11-01 09:48:29,1,450
1982,REF-1015,303,2025-11-01 10:52:29,1,299
1983,REF-1013,117,2025-11-01 11:29:29,1,299
1984,REF-1022,340,2025-11-01 11:39:29,1,400
1985,REF-1002,21,2025-11-01 12:08:29,1,1199
1986,REF-1023,282,2025-11-01 12:40:29,1,400
1987,REF-1026,223,2025-11-01 13:02:29,1,450
1988,REF-1024,485,2025-11-01 13:28:29,1,450
1989,REF-1002,442,2025-11-01 13:40:29,1,1199
1990,REF-1029,339,2025-11-01 15:18:29,1,220
1991,REF-1021,47,2025-11-01 16:49:29,1,250
1992,REF-1026,132,2025-11-01 17:33:29,1,450
1993,REF-1002,233,2025-11-01 19:14:29,1,1199
1994,REF-1001,52,2025-11-01 19:17:29,1,999
1995,REF-1003,307,2025-11-01 19:34:29,1,1199
1996,REF-1010,138,2025-11-01 19:44:29,1,1299
1997,REF-1006,449,2025-11-01 20:09:29,1,799
1998,REF-1025,258,2025-11-01 22:31:29,1,450
1999,REF-1000,131,2025-11-01 22:54:29,1,999
2000,REF-1021,320,2025-11-01 23:19:29,1,250
2001,REF-1014,29,2025-11-02 00:11:29,1,299
2002,REF-1013,477,2025-11-02 01:37:29,1,299
2003,REF-1000,431,2025-11-02 01:44:29,1,999
2004,REF-1028,351,2025-11-02 02:16:29,1,220
2005,REF-1000,210,2025-11-02 02:54:29,1,999
2006,REF-1015,366,2025-11-02 03:08:29,1,299
2007,REF-1000,87,2025-11-02 03:17:29,3,2997
2008,REF-1013,214,2025-11-02 03:55:29,1,299
2009,REF-1021,353,2025-11-02 04:47:29,1,250
2010,REF-1023,337,2025-11-02 04:55:29,2,800
2011,REF-1019,279,2025-11-02 05:35:29,1,850
2012,REF-1028,368,2025-11-02 05:44:29,1,220
2013,REF-1019,227,2025-11-02 06:06:29,2,1700
2014,REF-1005,453,2025-11-02 09:02:29,1,799
2015,REF-1011,485,2025-11-02 09:36:29,5,2250
2016,REF-1027,339,2025-11-02 09:51:29,3,660
2017,REF-1024,291,2025-11-02 11:37:29,1,450
2018,REF-1029,108,2025-11-02 14:49:29,1,220
2019,REF-1004,318,2025-11-02 15:22:29,1,1199
2020,REF-1023,131,2025-11-02 15:41:29,1,400
2021,REF-1015,17,2025-11-02 16:55:29,1,299
2022,REF-1007,68,2025-11-02 18:36:29,1,899
2023,REF-1019,424,2025-11-02 19:38:29,1,850
2024,REF-1026,192,2025-11-02 19:39:29,1,450
2025,REF-1014,310,2025-11-02 23:19:29,1,299
2026,REF-1006,226,2025-11-03 00:42:29,1,799
2027,REF-1012,486,2025-11-03 00:50:29,1,450
2028,REF-1002,222,2025-11-03 00:55:29,2,2398
2029,REF-1013,367,2025-11-03 01:06:29,3,897
2030,REF-1008,437,2025-11-03 02:43:29,1,899
2031,REF-1014,106,2025-11-03 02:59:29,1,299
2032,REF-1000,202,2025-11-03 03:27:29,1,999
2033,REF-1002,3,2025-11-03 03:29:29,1,1199
2034,REF-1016,117,2025-11-03 05:56:29,1,350
2035,REF-1022,80,2025-11-03 07:10:29,1,400
2036,REF-1017,200,2025-11-03 07:26:29,1,350
2037,REF-1019,239,2025-11-03 07:43:29,2,1700
2038,REF-1009,388,2025-11-03 07:56:29,1,1299
2039,REF-1014,361,2025-11-03 09:15:29,1,299
2040,REF-1006,431,2025-11-03 10:46:29,4,3196
2041,REF-1006,454,2025-11-03 10:50:29,1,799
2042,REF-1001,302,2025-11-03 11:33:29,1,999
2043,REF-1029,339,2025-11-03 12:03:29,1,220
2044,REF-1002,82,2025-11-03 12:21:29,1,1199
2045,REF-1000,326,2025-11-03 12:29:29,1,999
2046,REF-1015,399,2025-11-03 12:34:29,2,598
2047,REF-1012,431,2025-11-03 16:03:29,1,450
2048,REF-1015,40,2025-11-03 17:36:29,2,598
2049,REF-1010,299,2025-11-03 17:55:29,1,1299
2050,REF-1026,411,2025-11-03 18:34:29,1,450
2051,REF-1005,83,2025-11-03 19:00:29,1,799
2052,REF-1012,303,2025-11-03 20:14:29,1,450
2053,REF-1001,138,2025-11-03 20:15:29,1,999
2054,REF-1022,31,2025-11-03 22:20:29,1,400
2055,REF-1008,146,2025-11-03 22:54:29,1,899
2056,REF-1022,191,2025-11-03 23:07:29,1,400
2057,REF-1008,224,2025-11-04 01:04:29,1,899
2058,REF-1015,438,2025-11-04 04:43:29,1,299
2059,REF-1005,263,2025-11-04 05:49:29,1,799
2060,REF-1027,365,2025-11-04 07:07:29,1,220
2061,REF-1025,485,2025-11-04 07:27:29,2,900
2062,REF-1008,401,2025-11-04 07:28:29,1,899
2063,REF-1022,41,2025-11-04 08:58:29,1,400
2064,REF-1023,493,2025-11-04 09:26:29,2,800
2065,REF-1020,276,2025-11-04 10:02:29,1,250
2066,REF-1005,117,2025-11-04 14:01:29,2,1598
2067,REF-1005,148,2025-11-04 14:06:29,1,799
2068,REF-1000,111,2025-11-04 14:54:29,1,999
2069,REF-1018,226,2025-11-04 16:39:29,1,850
2070,REF-1013,244,2025-11-04 17:57:29,2,598
2071,REF-1012,235,2025-11-04 18:50:29,1,450
2072,REF-1012,308,2025-11-04 20:49:29,1,450
2073,REF-1000,379,2025-11-05 00:39:29,1,999
2074,REF-1018,475,2025-11-05 00:44:29,1,850
2075,REF-1023,480,2025-11-05 02:14:29,1,400
2076,REF-1022,487,2025-11-05 03:01:29,2,800
2077,REF-1011,308,2025-11-05 03:02:29,1,450
2078,REF-1022,488,2025-11-05 03:21:29,1,400
2079,REF-1013,186,2025-11-05 03:58:29,3,897
2080,REF-1020,10,2025-11-05 05:04:29,1,250
2081,REF-1009,439,2025-11-05 05:05:29,1,1299
2082,REF-1011,446,2025-11-05 06:14:29,1,450
2083,REF-1026,495,2025-11-05 06:42:29,1,450
2084,REF-1012,460,2025-11-05 06:50:29,1,450
2085,REF-1006,153,2025-11-05 07:17:29,1,799
2086,REF-1007,15,2025-11-05 08:10:29,1,899
2087,REF-1001,441,2025-11-05 09:56:29,1,999
2088,REF-1014,453,2025-11-05 10:54:29,1,299
2089,REF-1021,340,2025-11-05 11:02:29,1,250
2090,REF-1021,141,2025-11-05 11:33:29,1,250
2091,REF-1025,445,2025-11-05 12:18:29,4,1800
2092,REF-1024,403,2025-11-05 13:09:29,1,450
2093,REF-1009,287,2025-11-05 13:26:29,1,1299
2094,REF-1027,186,2025-11-05 13:33:29,1,220
2095,REF-1028,353,2025-11-05 14:49:29,1,220
2096,REF-1000,297,2025-11-05 15:28:29,1,999
2097,REF-1014,10,2025-11-05 15:28:29,1,299
2098,REF-1000,302,2025-11-05 15:40:29,1,999
2099,REF-1023,497,2025-11-05 17:05:29,1,400
2100,REF-1022,197,2025-11-05 19:04:29,1,400
2101,REF-1018,301,2025-11-05 20:31:29,1,850
2102,REF-1007,249,2025-11-05 20:55:29,3,2697
2103,REF-1013,156,2025-11-05 21:56:29,1,299
2104,REF-1023,348,2025-11-05 22:23:29,1,400
2105,REF-1020,381,2025-11-06 00:01:29,1,250
2106,REF-1018,243,2025-11-06 00:18:29,1,850
2107,REF-1026,446,2025-11-06 00:33:29,1,450
2108,REF-1027,3,2025-11-06 01:12:29,1,220
2109,REF-1020,8,2025-11-06 03:21:29,1,250
2110,REF-1010,81,2025-11-06 04:07:29,1,1299
2111,REF-1004,98,2025-11-06 04:47:29,1,1199
2112,REF-1029,103,2025-11-06 07:02:29,1,220
2113,REF-1015,166,2025-11-06 08:34:29,1,299
2114,REF-1017,358,2025-11-06 08:52:29,1,350
2115,REF-1017,424,2025-11-06 08:56:29,2,700
2116,REF-1022,446,2025-11-06 10:08:29,1,400
2117,REF-1002,166,2025-11-06 10:26:29,1,1199
2118,REF-1023,54,2025-11-06 10:36:29,3,1200
2119,REF-1017,106,2025-11-06 12:43:29,1,350
2120,REF-1006,500,2025-11-06 12:47:29,2,1598
2121,REF-1022,325,2025-11-06 13:14:29,1,400
2122,REF-1028,394,2025-11-06 13:17:29,1,220
2123,REF-1024,398,2025-11-06 14:35:29,2,900
2124,REF-1009,305,2025-11-06 14:45:29,2,2598
2125,REF-1010,479,2025-11-06 16:42:29,1,1299
2126,REF-1014,401,2025-11-06 16:45:29,1,299
2127,REF-1000,193,2025-11-06 18:47:29,1,999
2128,REF-1007,106,2025-11-06 21:16:29,1,899
2129,REF-1002,467,2025-11-07 01:48:29,1,1199
2130,REF-1009,74,2025-11-07 02:52:29,3,3897
2131,REF-1011,78,2025-11-07 03:26:29,3,1350
2132,REF-1024,79,2025-11-07 04:22:29,1,450
2133,REF-1024,319,2025-11-07 04:37:29,1,450
2134,REF-1027,257,2025-11-07 06:49:29,1,220
2135,REF-1013,63,2025-11-07 08:30:29,1,299
2136,REF-1018,12,2025-11-07 08:37:29,1,850
2137,REF-1000,280,2025-11-07 10:07:29,2,1998
2138,REF-1021,269,2025-11-07 11:04:29,1,250
2139,REF-1002,341,2025-11-07 11:32:29,1,1199
2140,REF-1021,57,2025-11-07 12:31:29,4,1000
2141,REF-1006,8,2025-11-07 13:11:29,1,799
2142,REF-1025,303,2025-11-07 14:07:29,1,450
2143,REF-1002,36,2025-11-07 15:04:29,1,1199
2144,REF-1021,413,2025-11-07 15:19:29,1,250
2145,REF-1015,265,2025-11-07 16:37:29,1,299
2146,REF-1004,256,2025-11-07 16:52:29,1,1199
2147,REF-1029,12,2025-11-07 20:51:29,1,220
2148,REF-1022,294,2025-11-07 21:28:29,1,400
2149,REF-1016,204,2025-11-07 21:32:29,1,350
2150,REF-1002,154,2025-11-07 23:49:29,2,2398
2151,REF-1011,147,2025-11-08 00:12:29,1,450
2152,REF-1021,423,2025-11-08 00:49:29,1,250
2153,REF-1023,500,2025-11-08 02:14:29,1,400
2154,REF-1013,227,2025-11-08 02:51:29,3,897
2155,REF-1023,98,2025-11-08 03:04:29,2,800
2156,REF-1013,22,2025-11-08 03:11:29,2,598
2157,REF-1029,238,2025-11-08 03:50:29,2,440
2158,REF-1012,6,2025-11-08 06:42:29,1,450
2159,REF-1019,107,2025-11-08 07:22:29,1,850
2160,REF-1027,91,2025-11-08 09:04:29,1,220
2161,REF-1024,457,2025-11-08 09:09:29,1,450
2162,REF-1008,378,2025-11-08 09:27:29,1,899
2163,REF-1007,254,2025-11-08 09:47:29,1,899
2164,REF-1010,14,2025-11-08 10:06:29,1,1299
2165,REF-1008,381,2025-11-08 11:00:29,1,899
2166,REF-1015,48,2025-11-08 11:29:29,1,299
2167,REF-1025,480,2025-11-08 13:03:29,1,450
2168,REF-1010,394,2025-11-08 13:51:29,1,1299
2169,REF-1007,13,2025-11-08 14:52:29,1,899
2170,REF-1005,365,2025-11-08 15:21:29,1,799
2171,REF-1022,216,2025-11-08 15:52:29,1,400
2172,REF-1003,63,2025-11-08 16:25:29,3,3597
2173,REF-1023,405,2025-11-08 17:18:29,2,800
2174,REF-1013,36,2025-11-08 17:18:29,1,299
2175,REF-1009,20,2025-11-08 17:34:29,1,1299
2176,REF-1018,49,2025-11-08 17:41:29,1,850
2177,REF-1009,393,2025-11-08 17:48:29,2,2598
2178,REF-1020,497,2025-11-08 19:54:29,1,250
2179,REF-1021,479,2025-11-08 20:32:29,1,250
2180,REF-1010,286,2025-11-08 20:42:29,1,1299
2181,REF-1007,290,2025-11-08 21:52:29,1,899
2182,REF-1019,71,2025-11-08 21:57:29,1,850
2183,REF-1027,357,2025-11-09 00:22:29,1,220
2184,REF-1004,491,2025-11-09 00:34:29,2,2398
2185,REF-1015,360,2025-11-09 03:05:29,1,299
2186,REF-1008,303,2025-11-09 04:15:29,1,899
2187,REF-1008,117,2025-11-09 04:50:29,1,899
2188,REF-1013,171,2025-11-09 05:20:29,2,598
2189,REF-1029,403,2025-11-09 06:14:29,1,220
2190,REF-1013,184,2025-11-09 06:37:29,1,299
2191,REF-1016,101,2025-11-09 08:31:29,1,350
2192,REF-1015,500,2025-11-09 09:07:29,1,299
2193,REF-1001,483,2025-11-09 09:11:29,1,999
2194,REF-1004,128,2025-11-09 10:03:29,1,1199
2195,REF-1001,59,2025-11-09 10:40:29,1,999
2196,REF-1015,182,2025-11-09 10:41:29,1,299
2197,REF-1019,18,2025-11-09 12:48:29,2,1700
2198,REF-1015,99,2025-11-09 13:26:29,5,1495
2199,REF-1017,450,2025-11-09 13:32:29,1,350
2200,REF-1006,70,2025-11-09 13:33:29,1,799
2201,REF-1009,143,2025-11-09 14:03:29,1,1299
2202,REF-1009,124,2025-11-09 15:12:29,1,1299
2203,REF-1000,458,2025-11-09 16:18:29,1,999
2204,REF-1008,416,2025-11-09 16:46:29,1,899
2205,REF-1007,98,2025-11-09 17:17:29,1,899
2206,REF-1024,377,2025-11-09 18:55:29,1,450
2207,REF-1005,123,2025-11-09 20:37:29,1,799
2208,REF-1020,348,2025-11-09 20:46:29,1,250
2209,REF-1003,480,2025-11-09 22:09:29,1,1199
2210,REF-1011,298,2025-11-09 22:17:29,1,450
2211,REF-1023,255,2025-11-09 22:51:29,1,400
2212,REF-1004,16,2025-11-10 00:59:29,1,1199
2213,REF-1018,297,2025-11-10 01:18:29,1,850
2214,REF-1024,40,2025-11-10 01:51:29,1,450
2215,REF-1013,184,2025-11-10 01:58:29,1,299
2216,REF-1018,145,2025-11-10 07:24:29,1,850
2217,REF-1002,9,2025-11-10 08:02:29,2,2398
2218,REF-1019,183,2025-11-10 08:25:29,5,4250
2219,REF-1013,103,2025-11-10 09:45:29,1,299
2220,REF-1003,490,2025-11-10 10:01:29,1,1199
2221,REF-1005,204,2025-11-10 10:05:29,1,799
2222,REF-1022,226,2025-11-10 10:55:29,1,400
2223,REF-1015,223,2025-11-10 12:19:29,3,897
2224,REF-1029,282,2025-11-10 12:25:29,1,220
2225,REF-1000,454,2025-11-10 13:18:29,1,999
2226,REF-1016,365,2025-11-10 13:33:29,1,350
2227,REF-1013,47,2025-11-10 14:52:29,1,299
2228,REF-1012,430,2025-11-10 16:55:29,1,450
2229,REF-1006,486,2025-11-10 18:18:29,1,799
2230,REF-1024,290,2025-11-10 19:06:29,1,450
2231,REF-1026,132,2025-11-10 19:15:29,1,450
2232,REF-1001,331,2025-11-10 19:33:29,1,999
2233,REF-1025,393,2025-11-10 19:42:29,1,450
2234,REF-1003,114,2025-11-10 20:18:29,1,1199
2235,REF-1013,3,2025-11-10 20:50:29,1,299
2236,REF-1027,84,2025-11-10 21:31:29,1,220
2237,REF-1008,118,2025-11-10 22:47:29,1,899
2238,REF-1023,169,2025-11-11 00:49:29,1,400
2239,REF-1022,352,2025-11-11 01:08:29,1,400
2240,REF-1018,272,2025-11-11 01:22:29,2,1700
2241,REF-1008,437,2025-11-11 02:32:29,1,899
2242,REF-1029,324,2025-11-11 02:37:29,1,220
2243,REF-1003,91,2025-11-11 02:44:29,1,1199
2244,REF-1005,103,2025-11-11 03:34:29,1,799
2245,REF-1004,396,2025-11-11 03:41:29,1,1199
2246,REF-1017,320,2025-11-11 04:14:29,1,350
2247,REF-1001,175,2025-11-11 07:23:29,1,999
2248,REF-1005,176,2025-11-11 10:19:29,1,799
2249,REF-1011,6,2025-11-11 11:02:29,1,450
2250,REF-1005,68,2025-11-11 11:36:29,1,799
2251,REF-1004,319,2025-11-11 11:46:29,1,1199
2252,REF-1019,138,2025-11-11 13:31:29,1,850
2253,REF-1010,163,2025-11-11 14:09:29,1,1299
2254,REF-1011,150,2025-11-11 15:01:29,1,450
2255,REF-1006,142,2025-11-11 15:45:29,1,799
2256,REF-1027,380,2025-11-11 16:53:29,1,220
2257,REF-1022,442,2025-11-11 17:03:29,1,400
2258,REF-1007,256,2025-11-11 17:09:29,1,899
2259,REF-1020,271,2025-11-11 23:00:29,2,500
2260,REF-1026,426,2025-11-12 00:20:29,1,450
2261,REF-1017,225,2025-11-12 00:46:29,1,350
2262,REF-1011,121,2025-11-12 01:50:29,2,900
2263,REF-1014,378,2025-11-12 04:46:29,1,299
2264,REF-1027,437,2025-11-12 05:19:29,1,220
2265,REF-1020,386,2025-11-12 07:54:29,1,250
2266,REF-1002,156,2025-11-12 08:15:29,1,1199
2267,REF-1011,158,2025-11-12 08:16:29,1,450
2268,REF-1003,47,2025-11-12 09:01:29,1,1199
2269,REF-1007,2,2025-11-12 10:25:29,3,2697
2270,REF-1013,334,2025-11-12 13:19:29,1,299
2271,REF-1007,15,2025-11-12 14:33:29,1,899
2272,REF-1003,127,2025-11-12 15:58:29,1,1199
2273,REF-1001,123,2025-11-12 19:11:29,1,999
2274,REF-1024,231,2025-11-12 19:40:29,2,900
2275,REF-1016,48,2025-11-12 20:31:29,1,350
2276,REF-1029,434,2025-11-12 20:40:29,2,440
2277,REF-1007,430,2025-11-12 20:51:29,1,899
2278,REF-1024,20,2025-11-12 21:12:29,1,450
2279,REF-1025,151,2025-11-12 23:04:29,1,450
2280,REF-1009,335,2025-11-12 23:53:29,1,1299
2281,REF-1028,45,2025-11-13 00:48:29,1,220
2282,REF-1008,147,2025-11-13 01:50:29,1,899
2283,REF-1028,328,2025-11-13 02:06:29,1,220
2284,REF-1017,166,2025-11-13 02:18:29,1,350
2285,REF-1022,150,2025-11-13 02:27:29,1,400
2286,REF-1019,394,2025-11-13 03:22:29,2,1700
2287,REF-1027,197,2025-11-13 05:16:29,2,440
2288,REF-1018,147,2025-11-13 05:48:29,1,850
2289,REF-1014,52,2025-11-13 06:20:29,1,299
2290,REF-1023,87,2025-11-13 07:14:29,1,400
2291,REF-1008,177,2025-11-13 07:35:29,2,1798
2292,REF-1013,70,2025-11-13 09:02:29,1,299
2293,REF-1015,460,2025-11-13 10:41:29,1,299
2294,REF-1012,128,2025-11-13 11:06:29,1,450
2295,REF-1010,263,2025-11-13 11:39:29,1,1299
2296,REF-1003,280,2025-11-13 12:25:29,1,1199
2297,REF-1009,453,2025-11-13 12:47:29,1,1299
2298,REF-1002,133,2025-11-13 12:57:29,1,1199
2299,REF-1009,398,2025-11-13 13:26:29,1,1299
2300,REF-1026,236,2025-11-13 14:35:29,1,450
2301,REF-1028,405,2025-11-13 15:18:29,3,660
2302,REF-1021,185,2025-11-13 16:33:29,2,500
2303,REF-1012,293,2025-11-13 16:51:29,1,450
2304,REF-1021,425,2025-11-13 17:11:29,1,250
2305,REF-1015,177,2025-11-13 18:14:29,2,598
2306,REF-1008,395,2025-11-13 19:49:29,1,899
2307,REF-1000,460,2025-11-13 20:05:29,1,999
2308,REF-1022,454,2025-11-13 20:46:29,1,400
2309,REF-1017,154,2025-11-13 21:31:29,1,350
2310,REF-1026,241,2025-11-13 21:39:29,1,450
2311,REF-1012,259,2025-11-13 21:46:29,1,450
2312,REF-1000,262,2025-11-13 22:03:29,1,999
2313,REF-1009,199,2025-11-13 22:29:29,1,1299
2314,REF-1004,390,2025-11-14 00:11:29,1,1199
2315,REF-1020,169,2025-11-14 00:46:29,2,500
2316,REF-1022,156,2025-11-14 01:13:29,1,400
2317,REF-1026,90,2025-11-14 01:18:29,1,450
2318,REF-1023,103,2025-11-14 02:26:29,1,400
2319,REF-1018,395,2025-11-14 03:50:29,1,850
2320,REF-1004,144,2025-11-14 04:23:29,1,1199
2321,REF-1009,309,2025-11-14 04:33:29,2,2598
2322,REF-1010,410,2025-11-14 05:02:29,1,1299
2323,REF-1027,438,2025-11-14 05:18:29,1,220
2324,REF-1015,39,2025-11-14 05:32:29,1,299
2325,REF-1015,70,2025-11-14 06:54:29,1,299
2326,REF-1002,247,2025-11-14 07:15:29,1,1199
2327,REF-1024,89,2025-11-14 07:36:29,1,450
2328,REF-1007,422,2025-11-14 09:29:29,2,1798
2329,REF-1000,135,2025-11-14 10:43:29,4,3996
2330,REF-1026,388,2025-11-14 13:58:29,2,900
2331,REF-1001,30,2025-11-14 14:47:29,2,1998
2332,REF-1016,409,2025-11-14 15:16:29,1,350
2333,REF-1028,450,2025-11-14 15:19:29,1,220
2334,REF-1003,282,2025-11-14 16:47:29,1,1199
2335,REF-1004,25,2025-11-14 17:02:29,1,1199
2336,REF-1006,334,2025-11-14 17:14:29,1,799
2337,REF-1026,337,2025-11-14 18:49:29,1,450
2338,REF-1026,427,2025-11-14 18:59:29,1,450
2339,REF-1014,378,2025-11-14 19:39:29,1,299
2340,REF-1020,55,2025-11-14 20:39:29,1,250
2341,REF-1001,398,2025-11-14 21:48:29,1,999
2342,REF-1001,200,2025-11-14 21:48:29,1,999
2343,REF-1016,399,2025-11-14 22:44:29,1,350
2344,REF-1004,247,2025-11-14 23:30:29,1,1199
2345,REF-1006,117,2025-11-15 00:19:29,1,799
2346,REF-1019,131,2025-11-15 00:38:29,1,850
2347,REF-1009,158,2025-11-15 02:30:29,1,1299
2348,REF-1020,490,2025-11-15 04:08:29,1,250
2349,REF-1000,5,2025-11-15 04:34:29,1,999
2350,REF-1022,95,2025-11-15 05:26:29,1,400
2351,REF-1026,254,2025-11-15 06:42:29,1,450
2352,REF-1005,104,2025-11-15 06:49:29,1,799
2353,REF-1023,234,2025-11-15 06:49:29,1,400
2354,REF-1011,483,2025-11-15 07:48:29,1,450
2355,REF-1028,303,2025-11-15 08:56:29,4,880
2356,REF-1010,442,2025-11-15 09:01:29,1,1299
2357,REF-1017,329,2025-11-15 09:14:29,1,350
2358,REF-1011,219,2025-11-15 09:23:29,1,450
2359,REF-1003,119,2025-11-15 09:38:29,1,1199
2360,REF-1020,323,2025-11-15 09:59:29,1,250
2361,REF-1019,46,2025-11-15 10:06:29,2,1700
2362,REF-1023,335,2025-11-15 10:21:29,1,400
2363,REF-1025,310,2025-11-15 12:19:29,2,900
2364,REF-1006,460,2025-11-15 12:23:29,1,799
2365,REF-1008,18,2025-11-15 12:23:29,1,899
2366,REF-1005,84,2025-11-15 13:43:29,1,799
2367,REF-1016,425,2025-11-15 14:04:29,1,350
2368,REF-1019,46,2025-11-15 14:14:29,1,850
2369,REF-1015,257,2025-11-15 14:33:29,1,299
2370,REF-1025,1,2025-11-15 15:20:29,1,450
2371,REF-1021,357,2025-11-15 16:12:29,1,250
2372,REF-1011,37,2025-11-15 16:33:29,1,450
2373,REF-1028,280,2025-11-15 16:40:29,1,220
2374,REF-1012,1,2025-11-15 18:38:29,1,450
2375,REF-1029,194,2025-11-15 19:34:29,1,220
2376,REF-1009,166,2025-11-15 19:53:29,1,1299
2377,REF-1003,43,2025-11-15 19:55:29,1,1199
2378,REF-1011,418,2025-11-15 20:56:29,1,450
2379,REF-1027,67,2025-11-16 00:52:29,1,220
2380,REF-1002,495,2025-11-16 01:23:29,1,1199
2381,REF-1002,391,2025-11-16 04:02:29,4,4796
2382,REF-1001,187,2025-11-16 04:14:29,1,999
2383,REF-1008,50,2025-11-16 05:56:29,1,899
2384,REF-1006,456,2025-11-16 05:58:29,1,799
2385,REF-1024,433,2025-11-16 06:59:29,1,450
2386,REF-1028,71,2025-11-16 08:17:29,5,1100
2387,REF-1029,410,2025-11-16 08:29:29,1,220
2388,REF-1022,427,2025-11-16 08:34:29,1,400
2389,REF-1029,221,2025-11-16 09:13:29,1,220
2390,REF-1010,467,2025-11-16 10:15:29,1,1299
2391,REF-1027,370,2025-11-16 10:16:29,1,220
2392,REF-1001,305,2025-11-16 10:58:29,1,999
2393,REF-1010,169,2025-11-16 11:36:29,1,1299
2394,REF-1016,360,2025-11-16 12:57:29,1,350
2395,REF-1009,114,2025-11-16 14:36:29,2,2598
2396,REF-1002,225,2025-11-16 14:38:29,1,1199
2397,REF-1015,388,2025-11-16 15:00:29,1,299
2398,REF-1021,461,2025-11-16 15:40:29,1,250
2399,REF-1004,79,2025-11-16 16:12:29,1,1199
2400,REF-1028,261,2025-11-16 17:34:29,2,440
2401,REF-1001,304,2025-11-16 17:59:29,1,999
2402,REF-1008,192,2025-11-16 18:19:29,1,899
2403,REF-1016,281,2025-11-16 20:43:29,1,350
2404,REF-1014,300,2025-11-16 21:29:29,1,299
2405,REF-1021,222,2025-11-16 22:33:29,1,250
2406,REF-1027,242,2025-11-16 23:08:29,1,220
2407,REF-1020,26,2025-11-17 00:41:29,1,250
2408,REF-1019,360,2025-11-17 03:22:29,2,1700
2409,REF-1004,234,2025-11-17 04:50:29,1,1199
2410,REF-1025,5,2025-11-17 06:58:29,1,450
2411,REF-1004,157,2025-11-17 07:12:29,1,1199
2412,REF-1018,209,2025-11-17 07:41:29,1,850
2413,REF-1023,82,2025-11-17 07:44:29,1,400
2414,REF-1003,92,2025-11-17 08:12:29,1,1199
2415,REF-1022,239,2025-11-17 10:09:29,1,400
2416,REF-1006,422,2025-11-17 10:53:29,1,799
2417,REF-1017,479,2025-11-17 11:01:29,1,350
2418,REF-1000,170,2025-11-17 11:16:29,1,999
2419,REF-1001,120,2025-11-17 11:20:29,1,999
2420,REF-1008,322,2025-11-17 12:56:29,1,899
2421,REF-1015,60,2025-11-17 13:21:29,2,598
2422,REF-1024,373,2025-11-17 15:02:29,1,450
2423,REF-1012,63,2025-11-17 15:16:29,3,1350
2424,REF-1011,485,2025-11-17 15:52:29,1,450
2425,REF-1001,397,2025-11-17 18:07:29,1,999
2426,REF-1024,417,2025-11-17 20:01:29,1,450
2427,REF-1017,84,2025-11-17 21:27:29,1,350
2428,REF-1013,192,2025-11-17 21:41:29,1,299
2429,REF-1023,284,2025-11-17 22:00:29,1,400
2430,REF-1013,11,2025-11-17 22:20:29,1,299
2431,REF-1010,189,2025-11-18 01:36:29,1,1299
2432,REF-1025,163,2025-11-18 03:58:29,1,450
2433,REF-1014,166,2025-11-18 03:59:29,1,299
2434,REF-1021,112,2025-11-18 04:11:29,2,500
2435,REF-1004,328,2025-11-18 04:46:29,1,1199
2436,REF-1007,434,2025-11-18 05:14:29,1,899
2437,REF-1010,442,2025-11-18 05:38:29,1,1299
2438,REF-1007,151,2025-11-18 06:19:29,1,899
2439,REF-1027,251,2025-11-18 07:18:29,1,220
2440,REF-1002,414,2025-11-18 07:47:29,1,1199
2441,REF-1023,309,2025-11-18 08:38:29,2,800
2442,REF-1011,107,2025-11-18 09:32:29,2,900
2443,REF-1012,183,2025-11-18 09:55:29,1,450
2444,REF-1008,120,2025-11-18 10:14:29,1,899
2445,REF-1009,281,2025-11-18 11:02:29,1,1299
2446,REF-1011,427,2025-11-18 11:43:29,1,450
2447,REF-1012,123,2025-11-18 12:06:29,1,450
2448,REF-1021,354,2025-11-18 13:20:29,1,250
2449,REF-1028,425,2025-11-18 14:02:29,1,220
2450,REF-1024,475,2025-11-18 16:57:29,1,450
2451,REF-1006,227,2025-11-18 19:47:29,1,799
2452,REF-1028,112,2025-11-18 19:55:29,1,220
2453,REF-1012,425,2025-11-18 20:03:29,1,450
2454,REF-1029,116,2025-11-18 20:08:29,1,220
2455,REF-1023,495,2025-11-18 21:01:29,2,800
2456,REF-1025,322,2025-11-18 22:07:29,1,450
2457,REF-1029,340,2025-11-18 22:55:29,2,440
2458,REF-1001,440,2025-11-19 01:05:29,1,999
2459,REF-1009,194,2025-11-19 01:07:29,1,1299
2460,REF-1018,130,2025-11-19 01:34:29,1,850
2461,REF-1007,134,2025-11-19 01:52:29,1,899
2462,REF-1009,366,2025-11-19 02:01:29,1,1299
2463,REF-1006,163,2025-11-19 02:29:29,1,799
2464,REF-1012,200,2025-11-19 03:08:29,5,2250
2465,REF-1011,415,2025-11-19 03:39:29,1,450
2466,REF-1015,278,2025-11-19 04:06:29,1,299
2467,REF-1001,326,2025-11-19 04:06:29,1,999
2468,REF-1028,98,2025-11-19 04:07:29,3,660
2469,REF-1024,66,2025-11-19 05:09:29,1,450
2470,REF-1018,413,2025-11-19 05:53:29,1,850
2471,REF-1011,328,2025-11-19 07:45:29,1,450
2472,REF-1008,252,2025-11-19 09:49:29,1,899
2473,REF-1028,203,2025-11-19 10:10:29,1,220
2474,REF-1020,59,2025-11-19 11:55:29,1,250
2475,REF-1017,428,2025-11-19 12:04:29,1,350
2476,REF-1002,311,2025-11-19 12:26:29,1,1199
2477,REF-1010,418,2025-11-19 14:05:29,1,1299
2478,REF-1006,100,2025-11-19 16:00:29,1,799
2479,REF-1014,190,2025-11-19 17:08:29,1,299
2480,REF-1029,200,2025-11-19 17:20:29,1,220
2481,REF-1003,114,2025-11-19 17:54:29,1,1199
2482,REF-1001,464,2025-11-19 17:59:29,1,999
2483,REF-1014,279,2025-11-19 18:18:29,1,299
2484,REF-1025,396,2025-11-19 18:58:29,1,450
2485,REF-1005,126,2025-11-19 20:06:29,1,799
2486,REF-1011,369,2025-11-19 20:20:29,3,1350
2487,REF-1029,454,2025-11-19 22:39:29,1,220
2488,REF-1026,71,2025-11-19 23:29:29,2,900
2489,REF-1009,181,2025-11-19 23:54:29,1,1299
2490,REF-1004,79,2025-11-20 03:54:29,1,1199
2491,REF-1020,253,2025-11-20 04:18:29,1,250
2492,REF-1004,6,2025-11-20 05:15:29,1,1199
2493,REF-1002,371,2025-11-20 06:15:29,1,1199
2494,REF-1008,201,2025-11-20 06:22:29,1,899
2495,REF-1001,295,2025-11-20 06:34:29,2,1998
2496,REF-1009,346,2025-11-20 07:44:29,1,1299
2497,REF-1019,103,2025-11-20 07:51:29,1,850
2498,REF-1007,246,2025-11-20 08:24:29,3,2697
2499,REF-1004,269,2025-11-20 08:26:29,1,1199
2500,REF-1029,23,2025-11-20 09:50:29,1,220
2501,REF-1024,54,2025-11-20 09:53:29,2,900
2502,REF-1026,382,2025-11-20 10:01:29,1,450
2503,REF-1012,188,2025-11-20 10:16:29,1,450
2504,REF-1014,192,2025-11-20 11:13:29,1,299
2505,REF-1010,428,2025-11-20 13:34:29,4,5196
2506,REF-1000,89,2025-11-20 13:54:29,4,3996
2507,REF-1023,185,2025-11-20 14:45:29,1,400
2508,REF-1011,428,2025-11-20 14:51:29,1,450
2509,REF-1029,384,2025-11-20 15:56:29,1,220
2510,REF-1005,157,2025-11-20 16:19:29,1,799
2511,REF-1024,83,2025-11-20 16:29:29,1,450
2512,REF-1012,486,2025-11-20 18:02:29,1,450
2513,REF-1015,366,2025-11-20 19:16:29,1,299
2514,REF-1013,1,2025-11-20 19:37:29,1,299
2515,REF-1008,198,2025-11-20 19:58:29,1,899
2516,REF-1001,51,2025-11-20 20:48:29,1,999
2517,REF-1021,64,2025-11-20 21:05:29,1,250
2518,REF-1026,388,2025-11-20 22:06:29,1,450
2519,REF-1029,372,2025-11-20 22:20:29,2,440
2520,REF-1011,495,2025-11-20 23:40:29,1,450
2521,REF-1018,454,2025-11-21 00:16:29,1,850
2522,REF-1001,342,2025-11-21 02:14:29,1,999
2523,REF-1003,118,2025-11-21 03:11:29,1,1199
2524,REF-1019,373,2025-11-21 03:21:29,1,850
2525,REF-1026,250,2025-11-21 03:29:29,1,450
2526,REF-1018,109,2025-11-21 03:32:29,1,850
2527,REF-1005,174,2025-11-21 05:16:29,1,799
2528,REF-1018,216,2025-11-21 05:24:29,1,850
2529,REF-1025,72,2025-11-21 05:51:29,1,450
2530,REF-1009,414,2025-11-21 05:52:29,1,1299
2531,REF-1023,275,2025-11-21 07:22:29,2,800
2532,REF-1026,201,2025-11-21 07:22:29,1,450
2533,REF-1008,440,2025-11-21 09:17:29,1,899
2534,REF-1007,282,2025-11-21 10:53:29,1,899
2535,REF-1011,46,2025-11-21 11:13:29,1,450
2536,REF-1017,66,2025-11-21 11:33:29,1,350
2537,REF-1022,59,2025-11-21 14:00:29,1,400
2538,REF-1015,216,2025-11-21 14:12:29,1,299
2539,REF-1002,400,2025-11-21 15:16:29,1,1199
2540,REF-1016,248,2025-11-21 15:21:29,1,350
2541,REF-1022,323,2025-11-21 15:27:29,2,800
2542,REF-1021,347,2025-11-21 16:04:29,1,250
2543,REF-1002,362,2025-11-21 17:10:29,1,1199
2544,REF-1029,303,2025-11-21 20:34:29,1,220
2545,REF-1014,41,2025-11-21 21:44:29,1,299
2546,REF-1022,242,2025-11-21 22:11:29,1,400
2547,REF-1027,302,2025-11-21 23:07:29,1,220
2548,REF-1000,336,2025-11-21 23:31:29,1,999
2549,REF-1008,14,2025-11-22 00:31:29,1,899
2550,REF-1025,462,2025-11-22 01:26:29,1,450
2551,REF-1017,157,2025-11-22 01:57:29,1,350
2552,REF-1025,497,2025-11-22 02:59:29,1,450
2553,REF-1009,157,2025-11-22 03:16:29,1,1299
2554,REF-1015,496,2025-11-22 03:20:29,1,299
2555,REF-1022,234,2025-11-22 04:45:29,1,400
2556,REF-1010,184,2025-11-22 05:04:29,1,1299
2557,REF-1004,321,2025-11-22 07:03:29,1,1199
2558,REF-1025,386,2025-11-22 07:18:29,1,450
2559,REF-1002,498,2025-11-22 08:02:29,2,2398
2560,REF-1016,398,2025-11-22 12:02:29,1,350
2561,REF-1022,47,2025-11-22 12:50:29,1,400
2562,REF-1016,486,2025-11-22 13:05:29,1,350
2563,REF-1010,54,2025-11-22 13:48:29,1,1299
2564,REF-1021,470,2025-11-22 14:02:29,1,250
2565,REF-1018,323,2025-11-22 14:11:29,3,2550
2566,REF-1020,396,2025-11-22 14:35:29,1,250
2567,REF-1028,457,2025-11-22 15:24:29,1,220
2568,REF-1028,262,2025-11-22 17:32:29,1,220
2569,REF-1005,49,2025-11-22 17:48:29,1,799
2570,REF-1025,285,2025-11-22 18:23:29,4,1800
2571,REF-1010,28,2025-11-22 18:34:29,1,1299
2572,REF-1028,53,2025-11-22 18:48:29,1,220
2573,REF-1003,155,2025-11-22 19:00:29,1,1199
2574,REF-1012,197,2025-11-22 22:03:29,1,450
2575,REF-1019,140,2025-11-22 23:08:29,1,850
2576,REF-1022,35,2025-11-23 00:28:29,1,400
2577,REF-1016,407,2025-11-23 01:15:29,1,350
2578,REF-1024,40,2025-11-23 01:30:29,1,450
2579,REF-1024,471,2025-11-23 02:41:29,1,450
2580,REF-1017,132,2025-11-23 03:25:29,1,350
2581,REF-1016,251,2025-11-23 03:43:29,1,350
2582,REF-1029,308,2025-11-23 08:08:29,1,220
2583,REF-1019,114,2025-11-23 09:43:29,1,850
2584,REF-1014,294,2025-11-23 09:55:29,1,299
2585,REF-1011,293,2025-11-23 10:23:29,1,450
2586,REF-1001,112,2025-11-23 10:49:29,1,999
2587,REF-1017,497,2025-11-23 11:27:29,1,350
2588,REF-1003,63,2025-11-23 11:42:29,1,1199
2589,REF-1009,491,2025-11-23 11:45:29,1,1299
2590,REF-1028,354,2025-11-23 12:21:29,1,220
2591,REF-1025,464,2025-11-23 12:27:29,1,450
2592,REF-1020,445,2025-11-23 13:44:29,1,250
2593,REF-1026,409,2025-11-23 14:23:29,1,450
2594,REF-1016,152,2025-11-23 15:42:29,1,350
2595,REF-1005,103,2025-11-23 15:54:29,1,799
2596,REF-1001,219,2025-11-23 15:54:29,2,1998
2597,REF-1001,457,2025-11-23 16:16:29,1,999
2598,REF-1022,278,2025-11-23 17:01:29,1,400
2599,REF-1021,445,2025-11-23 18:42:29,2,500
2600,REF-1004,451,2025-11-23 19:33:29,1,1199
2601,REF-1010,461,2025-11-23 19:52:29,1,1299
2602,REF-1004,403,2025-11-23 20:43:29,1,1199
2603,REF-1013,417,2025-11-23 21:21:29,1,299
2604,REF-1028,17,2025-11-23 21:24:29,1,220
2605,REF-1009,87,2025-11-23 21:57:29,2,2598
2606,REF-1011,385,2025-11-23 23:10:29,1,450
2607,REF-1012,237,2025-11-24 00:09:29,1,450
2608,REF-1011,231,2025-11-24 00:20:29,1,450
2609,REF-1023,443,2025-11-24 00:40:29,1,400
2610,REF-1016,214,2025-11-24 00:57:29,2,700
2611,REF-1026,443,2025-11-24 01:09:29,1,450
2612,REF-1010,4,2025-11-24 01:50:29,1,1299
2613,REF-1025,20,2025-11-24 01:52:29,1,450
2614,REF-1021,34,2025-11-24 02:28:29,3,750
2615,REF-1014,36,2025-11-24 02:52:29,1,299
2616,REF-1003,139,2025-11-24 03:32:29,2,2398
2617,REF-1000,481,2025-11-24 03:58:29,1,999
2618,REF-1020,258,2025-11-24 04:42:29,1,250
2619,REF-1005,402,2025-11-24 04:46:29,1,799
2620,REF-1019,278,2025-11-24 05:49:29,1,850
2621,REF-1023,240,2025-11-24 06:25:29,1,400
2622,REF-1018,414,2025-11-24 06:49:29,1,850
2623,REF-1008,288,2025-11-24 08:28:29,5,4495
2624,REF-1001,406,2025-11-24 09:49:29,1,999
2625,REF-1008,270,2025-11-24 09:50:29,1,899
2626,REF-1007,466,2025-11-24 10:17:29,1,899
2627,REF-1002,389,2025-11-24 10:58:29,1,1199
2628,REF-1009,418,2025-11-24 11:39:29,2,2598
2629,REF-1008,10,2025-11-24 11:56:29,1,899
2630,REF-1022,206,2025-11-24 13:11:29,1,400
2631,REF-1020,115,2025-11-24 14:20:29,1,250
2632,REF-1028,8,2025-11-24 15:02:29,1,220
2633,REF-1015,229,2025-11-24 16:12:29,1,299
2634,REF-1007,332,2025-11-24 16:28:29,1,899
2635,REF-1021,186,2025-11-24 16:29:29,1,250
2636,REF-1018,210,2025-11-24 17:24:29,2,1700
2637,REF-1009,288,2025-11-24 18:15:29,1,1299
2638,REF-1029,461,2025-11-24 18:28:29,1,220
2639,REF-1029,52,2025-11-24 19:50:29,1,220
2640,REF-1023,196,2025-11-24 20:09:29,1,400
2641,REF-1010,256,2025-11-24 20:13:29,1,1299
2642,REF-1003,8,2025-11-24 20:35:29,1,1199
2643,REF-1025,335,2025-11-24 21:50:29,1,450
2644,REF-1004,141,2025-11-24 22:59:29,1,1199
2645,REF-1000,14,2025-11-24 23:14:29,1,999
2646,REF-1011,180,2025-11-24 23:18:29,1,450
2647,REF-1001,371,2025-11-24 23:40:29,1,999
2648,REF-1003,383,2025-11-25 04:09:29,1,1199
2649,REF-1020,493,2025-11-25 04:47:29,1,250
2650,REF-1001,138,2025-11-25 05:44:29,1,999
2651,REF-1015,324,2025-11-25 06:07:29,1,299
2652,REF-1014,387,2025-11-25 09:29:29,1,299
2653,REF-1023,190,2025-11-25 10:45:29,1,400
2654,REF-1002,157,2025-11-25 11:47:29,1,1199
2655,REF-1006,119,2025-11-25 12:49:29,1,799
2656,REF-1028,5,2025-11-25 13:05:29,1,220
2657,REF-1016,318,2025-11-25 14:12:29,2,700
2658,REF-1019,262,2025-11-25 14:28:29,1,850
2659,REF-1004,270,2025-11-25 15:58:29,1,1199
2660,REF-1016,351,2025-11-25 16:28:29,1,350
2661,REF-1024,423,2025-11-25 18:29:29,1,450
2662,REF-1012,408,2025-11-25 18:43:29,1,450
2663,REF-1025,451,2025-11-25 19:30:29,1,450
2664,REF-1022,109,2025-11-25 20:36:29,1,400
2665,REF-1009,359,2025-11-25 22:42:29,1,1299
2666,REF-1003,30,2025-11-25 22:52:29,3,3597
2667,REF-1025,394,2025-11-25 23:05:29,1,450
2668,REF-1021,296,2025-11-25 23:17:29,1,250
2669,REF-1000,425,2025-11-26 00:06:29,1,999
2670,REF-1010,292,2025-11-26 00:58:29,1,1299
2671,REF-1011,413,2025-11-26 01:41:29,1,450
2672,REF-1027,143,2025-11-26 02:51:29,1,220
2673,REF-1026,26,2025-11-26 03:08:29,2,900
2674,REF-1002,380,2025-11-26 05:38:29,2,2398
2675,REF-1006,396,2025-11-26 06:08:29,1,799
2676,REF-1026,401,2025-11-26 06:16:29,1,450
2677,REF-1006,387,2025-11-26 06:47:29,1,799
2678,REF-1010,42,2025-11-26 07:58:29,3,3897
2679,REF-1009,155,2025-11-26 08:20:29,1,1299
2680,REF-1026,240,2025-11-26 09:02:29,1,450
2681,REF-1019,491,2025-11-26 09:10:29,1,850
2682,REF-1007,98,2025-11-26 09:13:29,1,899
2683,REF-1023,407,2025-11-26 10:14:29,1,400
2684,REF-1014,47,2025-11-26 10:58:29,1,299
2685,REF-1028,92,2025-11-26 11:14:29,1,220
2686,REF-1011,375,2025-11-26 11:26:29,1,450
2687,REF-1019,86,2025-11-26 11:34:29,1,850
2688,REF-1006,37,2025-11-26 13:52:29,1,799
2689,REF-1020,430,2025-11-26 16:04:29,1,250
2690,REF-1016,238,2025-11-26 17:39:29,1,350
2691,REF-1020,471,2025-11-26 17:47:29,1,250
2692,REF-1019,393,2025-11-26 18:38:29,3,2550
2693,REF-1027,61,2025-11-26 18:40:29,1,220
2694,REF-1029,259,2025-11-26 18:49:29,1,220
2695,REF-1007,467,2025-11-26 19:34:29,1,899
2696,REF-1017,436,2025-11-26 20:13:29,2,700
2697,REF-1017,135,2025-11-26 20:19:29,1,350
2698,REF-1005,493,2025-11-26 21:54:29,1,799
2699,REF-1016,251,2025-11-27 01:56:29,1,350
2700,REF-1027,400,2025-11-27 02:44:29,1,220
2701,REF-1005,174,2025-11-27 02:54:29,5,3995
2702,REF-1001,67,2025-11-27 04:13:29,1,999
2703,REF-1013,28,2025-11-27 04:26:29,1,299
2704,REF-1023,439,2025-11-27 04:39:29,2,800
2705,REF-1025,449,2025-11-27 06:40:29,1,450
2706,REF-1020,56,2025-11-27 07:14:29,1,250
2707,REF-1003,326,2025-11-27 08:18:29,1,1199
2708,REF-1014,294,2025-11-27 10:15:29,1,299
2709,REF-1020,470,2025-11-27 10:52:29,1,250
2710,REF-1011,304,2025-11-27 11:13:29,1,450
2711,REF-1006,452,2025-11-27 11:25:29,1,799
2712,REF-1019,5,2025-11-27 11:59:29,1,850
2713,REF-1001,393,2025-11-27 12:28:29,1,999
2714,REF-1017,416,2025-11-27 12:40:29,1,350
2715,REF-1024,252,2025-11-27 12:42:29,2,900
2716,REF-1008,314,2025-11-27 13:13:29,1,899
2717,REF-1011,186,2025-11-27 14:07:29,1,450
2718,REF-1005,110,2025-11-27 14:30:29,1,799
2719,REF-1008,426,2025-11-27 15:03:29,1,899
2720,REF-1010,422,2025-11-27 15:46:29,1,1299
2721,REF-1023,327,2025-11-27 15:56:29,1,400
2722,REF-1000,31,2025-11-27 16:42:29,1,999
2723,REF-1003,258,2025-11-27 16:57:29,2,2398
2724,REF-1001,105,2025-11-27 17:15:29,1,999
2725,REF-1027,186,2025-11-27 18:44:29,1,220
2726,REF-1021,185,2025-11-27 19:20:29,1,250
2727,REF-1026,108,2025-11-27 19:23:29,1,450
2728,REF-1026,178,2025-11-27 19:44:29,1,450
2729,REF-1009,487,2025-11-27 20:32:29,1,1299
2730,REF-1025,111,2025-11-27 21:40:29,1,450
2731,REF-1017,99,2025-11-27 23:32:29,1,350
2732,REF-1021,249,2025-11-28 00:18:29,1,250
2733,REF-1009,186,2025-11-28 01:24:29,1,1299
2734,REF-1011,1,2025-11-28 03:29:29,1,450
2735,REF-1006,484,2025-11-28 03:39:29,1,799
2736,REF-1025,199,2025-11-28 03:46:29,1,450
2737,REF-1016,250,2025-11-28 03:51:29,1,350
2738,REF-1025,212,2025-11-28 04:11:29,1,450
2739,REF-1020,207,2025-11-28 04:59:29,1,250
2740,REF-1018,89,2025-11-28 05:28:29,1,850
2741,REF-1025,200,2025-11-28 06:12:29,1,450
2742,REF-1012,335,2025-11-28 06:21:29,1,450
2743,REF-1021,74,2025-11-28 06:45:29,1,250
2744,REF-1023,315,2025-11-28 06:58:29,1,400
2745,REF-1012,440,2025-11-28 07:53:29,1,450
2746,REF-1021,68,2025-11-28 10:50:29,1,250
2747,REF-1022,87,2025-11-28 11:07:29,1,400
2748,REF-1009,287,2025-11-28 12:18:29,1,1299
2749,REF-1020,149,2025-11-28 12:30:29,1,250
2750,REF-1009,4,2025-11-28 12:51:29,1,1299
2751,REF-1005,428,2025-11-28 13:48:29,1,799
2752,REF-1028,51,2025-11-28 15:06:29,2,440
2753,REF-1026,153,2025-11-28 15:47:29,1,450
2754,REF-1006,332,2025-11-28 16:03:29,2,1598
2755,REF-1007,392,2025-11-28 17:23:29,1,899
2756,REF-1022,232,2025-11-28 17:57:29,1,400
2757,REF-1000,442,2025-11-28 18:17:29,1,999
2758,REF-1001,3,2025-11-28 20:23:29,1,999
2759,REF-1008,231,2025-11-28 21:28:29,1,899
2760,REF-1020,134,2025-11-28 21:31:29,5,1250
2761,REF-1013,17,2025-11-28 21:51:29,1,299
2762,REF-1005,372,2025-11-28 22:23:29,1,799
2763,REF-1013,241,2025-11-28 23:01:29,1,299
2764,REF-1012,382,2025-11-28 23:51:29,1,450
2765,REF-1018,247,2025-11-29 02:28:29,1,850
2766,REF-1007,41,2025-11-29 02:39:29,1,899
2767,REF-1018,64,2025-11-29 03:20:29,2,1700
2768,REF-1000,216,2025-11-29 04:02:29,1,999
2769,REF-1006,58,2025-11-29 04:46:29,1,799
2770,REF-1000,186,2025-11-29 05:02:29,1,999
2771,REF-1012,360,2025-11-29 05:21:29,1,450
2772,REF-1020,185,2025-11-29 06:17:29,1,250
2773,REF-1007,437,2025-11-29 06:21:29,1,899
2774,REF-1016,486,2025-11-29 07:35:29,2,700
2775,REF-1002,76,2025-11-29 08:20:29,1,1199
2776,REF-1005,328,2025-11-29 08:23:29,1,799
2777,REF-1015,316,2025-11-29 09:50:29,1,299
2778,REF-1022,181,2025-11-29 10:54:29,1,400
2779,REF-1015,479,2025-11-29 11:13:29,1,299
2780,REF-1023,126,2025-11-29 11:22:29,1,400
2781,REF-1019,463,2025-11-29 12:39:29,2,1700
2782,REF-1013,166,2025-11-29 13:35:29,3,897
2783,REF-1015,240,2025-11-29 14:13:29,1,299
2784,REF-1012,309,2025-11-29 15:49:29,2,900
2785,REF-1016,52,2025-11-29 16:03:29,1,350
2786,REF-1027,459,2025-11-29 16:55:29,1,220
2787,REF-1008,153,2025-11-29 17:00:29,1,899
2788,REF-1025,267,2025-11-29 17:41:29,2,900
2789,REF-1014,422,2025-11-29 19:10:29,4,1196
2790,REF-1016,159,2025-11-29 20:58:29,1,350
2791,REF-1001,196,2025-11-29 21:45:29,1,999
2792,REF-1021,209,2025-11-30 00:23:29,1,250
2793,REF-1021,461,2025-11-30 00:40:29,1,250
2794,REF-1024,166,2025-11-30 01:05:29,2,900
2795,REF-1006,84,2025-11-30 01:39:29,1,799
2796,REF-1011,186,2025-11-30 05:18:29,2,900
2797,REF-1021,18,2025-11-30 05:45:29,1,250
2798,REF-1018,279,2025-11-30 06:43:29,1,850
2799,REF-1027,263,2025-11-30 06:45:29,1,220
2800,REF-1009,184,2025-11-30 06:49:29,1,1299
2801,REF-1023,222,2025-11-30 07:24:29,1,400
2802,REF-1029,26,2025-11-30 08:21:29,1,220
2803,REF-1029,328,2025-11-30 08:48:29,1,220
2804,REF-1020,22,2025-11-30 09:17:29,1,250
2805,REF-1003,88,2025-11-30 09:21:29,1,1199
2806,REF-1027,27,2025-11-30 09:41:29,1,220
2807,REF-1017,42,2025-11-30 10:06:29,2,700
2808,REF-1029,412,2025-11-30 10:14:29,1,220
2809,REF-1013,453,2025-11-30 10:36:29,1,299
2810,REF-1012,389,2025-11-30 10:48:29,1,450
2811,REF-1006,474,2025-11-30 11:10:29,1,799
2812,REF-1017,346,2025-11-30 11:45:29,1,350
2813,REF-1024,250,2025-11-30 12:06:29,1,450
2814,REF-1029,451,2025-11-30 12:41:29,1,220
2815,REF-1000,400,2025-11-30 12:44:29,1,999
2816,REF-1015,403,2025-11-30 12:46:29,1,299
2817,REF-1026,9,2025-11-30 13:08:29,1,450
2818,REF-1028,59,2025-11-30 15:43:29,1,220
2819,REF-1017,91,2025-11-30 16:41:29,1,350
2820,REF-1012,65,2025-11-30 17:30:29,1,450
2821,REF-1000,215,2025-11-30 20:13:29,1,999
2822,REF-1025,372,2025-11-30 20:52:29,1,450
2823,REF-1019,5,2025-11-30 21:09:29,1,850
2824,REF-1007,248,2025-11-30 21:17:29,1,899
2825,REF-1003,352,2025-11-30 21:41:29,1,1199
2826,REF-1010,72,2025-11-30 22:34:29,1,1299
2827,REF-1012,289,2025-11-30 23:33:29,1,450
2828,REF-1005,453,2025-11-30 23:42:29,1,799
2829,REF-1021,479,2025-11-30 23:42:29,1,250
2830,REF-1002,18,2025-11-30 23:42:29,1,1199
2831,REF-1006,468,2025-12-01 02:43:29,1,799
2832,REF-1021,327,2025-12-01 03:15:29,1,250
2833,REF-1012,486,2025-12-01 03:29:29,1,450
2834,REF-1014,467,2025-12-01 03:40:29,1,299
2835,REF-1012,282,2025-12-01 04:41:29,2,900
2836,REF-1026,95,2025-12-01 05:23:29,1,450
2837,REF-1024,67,2025-12-01 05:54:29,1,450
2838,REF-1007,312,2025-12-01 06:38:29,2,1798
2839,REF-1004,463,2025-12-01 06:55:29,1,1199
2840,REF-1010,434,2025-12-01 07:04:29,1,1299
2841,REF-1007,13,2025-12-01 07:06:29,1,899
2842,REF-1014,106,2025-12-01 07:29:29,2,598
2843,REF-1009,477,2025-12-01 07:30:29,1,1299
2844,REF-1017,262,2025-12-01 08:44:29,1,350
2845,REF-1019,342,2025-12-01 09:01:29,1,850
2846,REF-1008,479,2025-12-01 09:46:29,1,899
2847,REF-1022,416,2025-12-01 10:42:29,1,400
2848,REF-1021,44,2025-12-01 11:46:29,1,250
2849,REF-1016,38,2025-12-01 12:15:29,1,350
2850,REF-1021,108,2025-12-01 12:42:29,1,250
2851,REF-1016,43,2025-12-01 13:57:29,1,350
2852,REF-1025,386,2025-12-01 14:20:29,1,450
2853,REF-1010,83,2025-12-01 14:49:29,1,1299
2854,REF-1027,219,2025-12-01 15:33:29,1,220
2855,REF-1023,115,2025-12-01 16:20:29,1,400
2856,REF-1029,321,2025-12-01 17:42:29,2,440
2857,REF-1000,467,2025-12-01 20:13:29,1,999
2858,REF-1004,97,2025-12-01 21:13:29,1,1199
2859,REF-1000,270,2025-12-01 21:58:29,1,999
2860,REF-1022,456,2025-12-01 22:11:29,1,400
2861,REF-1028,392,2025-12-01 22:30:29,1,220
2862,REF-1020,199,2025-12-02 00:52:29,1,250
2863,REF-1012,396,2025-12-02 01:25:29,1,450
2864,REF-1009,62,2025-12-02 01:32:29,1,1299
2865,REF-1026,105,2025-12-02 01:51:29,1,450
2866,REF-1018,326,2025-12-02 02:10:29,1,850
2867,REF-1004,185,2025-12-02 02:57:29,1,1199
2868,REF-1014,393,2025-12-02 02:57:29,1,299
2869,REF-1014,199,2025-12-02 03:02:29,2,598
2870,REF-1023,156,2025-12-02 03:04:29,1,400
2871,REF-1028,421,2025-12-02 03:28:29,2,440
2872,REF-1002,180,2025-12-02 04:07:29,1,1199
2873,REF-1018,156,2025-12-02 04:31:29,1,850
2874,REF-1027,480,2025-12-02 07:08:29,1,220
2875,REF-1005,426,2025-12-02 07:42:29,1,799
2876,REF-1004,177,2025-12-02 09:00:29,1,1199
2877,REF-1007,131,2025-12-02 09:47:29,1,899
2878,REF-1017,313,2025-12-02 10:00:29,1,350
2879,REF-1024,53,2025-12-02 11:20:29,1,450
2880,REF-1011,22,2025-12-02 12:15:29,1,450
2881,REF-1000,168,2025-12-02 12:35:29,1,999
2882,REF-1028,223,2025-12-02 12:37:29,1,220
2883,REF-1010,258,2025-12-02 13:59:29,1,1299
2884,REF-1028,59,2025-12-02 14:23:29,1,220
2885,REF-1026,169,2025-12-02 16:16:29,1,450
2886,REF-1029,404,2025-12-02 16:59:29,1,220
2887,REF-1019,60,2025-12-02 17:01:29,1,850
2888,REF-1027,231,2025-12-02 17:05:29,1,220
2889,REF-1008,76,2025-12-02 17:11:29,1,899
2890,REF-1021,92,2025-12-02 17:34:29,1,250
2891,REF-1004,379,2025-12-02 18:08:29,1,1199
2892,REF-1028,328,2025-12-02 19:59:29,2,440
2893,REF-1002,71,2025-12-02 22:05:29,1,1199
2894,REF-1010,338,2025-12-02 22:28:29,1,1299
2895,REF-1015,189,2025-12-02 23:21:29,1,299
2896,REF-1029,44,2025-12-03 00:01:29,1,220
2897,REF-1009,25,2025-12-03 01:42:29,1,1299
2898,REF-1022,371,2025-12-03 02:58:29,1,400
2899,REF-1028,427,2025-12-03 05:00:29,1,220
2900,REF-1011,82,2025-12-03 05:09:29,1,450
2901,REF-1004,460,2025-12-03 05:32:29,3,3597
2902,REF-1017,114,2025-12-03 06:11:29,1,350
2903,REF-1002,296,2025-12-03 06:52:29,1,1199
2904,REF-1023,299,2025-12-03 09:55:29,1,400
2905,REF-1015,358,2025-12-03 10:06:29,1,299
2906,REF-1019,367,2025-12-03 12:15:29,3,2550
2907,REF-1001,55,2025-12-03 12:42:29,1,999
2908,REF-1008,358,2025-12-03 12:45:29,1,899
2909,REF-1022,358,2025-12-03 14:30:29,1,400
2910,REF-1012,303,2025-12-03 16:03:29,1,450
2911,REF-1028,492,2025-12-03 16:48:29,1,220
2912,REF-1007,394,2025-12-03 17:23:29,1,899
2913,REF-1027,300,2025-12-03 17:51:29,1,220
2914,REF-1001,259,2025-12-03 17:59:29,1,999
2915,REF-1000,285,2025-12-03 18:08:29,1,999
2916,REF-1021,423,2025-12-03 18:24:29,1,250
2917,REF-1015,433,2025-12-03 18:50:29,1,299
2918,REF-1017,178,2025-12-03 21:00:29,3,1050
2919,REF-1028,7,2025-12-03 21:02:29,1,220
2920,REF-1012,37,2025-12-03 21:39:29,1,450
2921,REF-1003,326,2025-12-03 22:20:29,1,1199
2922,REF-1026,289,2025-12-03 22:58:29,1,450
2923,REF-1021,303,2025-12-03 23:21:29,2,500
2924,REF-1025,357,2025-12-04 01:06:29,5,2250
2925,REF-1029,174,2025-12-04 01:31:29,1,220
2926,REF-1007,282,2025-12-04 01:55:29,1,899
2927,REF-1016,82,2025-12-04 02:52:29,1,350
2928,REF-1026,427,2025-12-04 03:47:29,1,450
2929,REF-1016,351,2025-12-04 05:27:29,1,350
2930,REF-1024,402,2025-12-04 06:06:29,1,450
2931,REF-1020,442,2025-12-04 06:26:29,1,250
2932,REF-1016,375,2025-12-04 06:32:29,1,350
2933,REF-1025,51,2025-12-04 06:34:29,1,450
2934,REF-1010,191,2025-12-04 08:40:29,1,1299
2935,REF-1029,69,2025-12-04 09:29:29,1,220
2936,REF-1024,22,2025-12-04 10:29:29,2,900
2937,REF-1008,18,2025-12-04 11:47:29,3,2697
2938,REF-1009,311,2025-12-04 12:30:29,3,3897
2939,REF-1014,328,2025-12-04 12:54:29,1,299
2940,REF-1006,497,2025-12-04 13:23:29,1,799
2941,REF-1010,346,2025-12-04 13:25:29,1,1299
2942,REF-1023,224,2025-12-04 16:19:29,1,400
2943,REF-1004,273,2025-12-04 18:29:29,2,2398
2944,REF-1010,75,2025-12-04 18:56:29,1,1299
2945,REF-1007,421,2025-12-04 19:03:29,1,899
2946,REF-1018,395,2025-12-04 19:13:29,1,850
2947,REF-1017,236,2025-12-04 21:12:29,1,350
2948,REF-1026,216,2025-12-04 22:14:29,2,900
2949,REF-1014,169,2025-12-04 23:39:29,1,299
2950,REF-1024,461,2025-12-04 23:44:29,1,450
2951,REF-1000,410,2025-12-05 00:49:29,1,999
2952,REF-1023,265,2025-12-05 03:38:29,4,1600
2953,REF-1022,103,2025-12-05 04:02:29,2,800
2954,REF-1007,341,2025-12-05 04:14:29,1,899
2955,REF-1015,83,2025-12-05 08:35:29,1,299
2956,REF-1003,148,2025-12-05 10:33:29,1,1199
2957,REF-1004,233,2025-12-05 11:14:29,1,1199
2958,REF-1002,61,2025-12-05 12:57:29,1,1199
2959,REF-1016,182,2025-12-05 14:00:29,1,350
2960,REF-1023,483,2025-12-05 15:55:29,1,400
2961,REF-1013,73,2025-12-05 16:03:29,1,299
2962,REF-1004,46,2025-12-05 16:08:29,1,1199
2963,REF-1028,62,2025-12-05 16:22:29,1,220
2964,REF-1023,203,2025-12-05 19:04:29,1,400
2965,REF-1025,304,2025-12-05 19:42:29,1,450
2966,REF-1024,170,2025-12-05 22:53:29,1,450
2967,REF-1020,317,2025-12-05 23:42:29,1,250
2968,REF-1018,336,2025-12-06 00:42:29,1,850
2969,REF-1006,447,2025-12-06 01:12:29,3,2397
2970,REF-1022,474,2025-12-06 02:54:29,1,400
2971,REF-1001,240,2025-12-06 04:45:29,1,999
2972,REF-1015,122,2025-12-06 05:34:29,1,299
2973,REF-1028,85,2025-12-06 05:36:29,1,220
2974,REF-1025,109,2025-12-06 07:44:29,1,450
2975,REF-1020,384,2025-12-06 07:52:29,1,250
2976,REF-1003,2,2025-12-06 09:39:29,1,1199
2977,REF-1011,48,2025-12-06 09:41:29,1,450
2978,REF-1003,419,2025-12-06 10:37:29,1,1199
2979,REF-1014,372,2025-12-06 12:02:29,2,598
2980,REF-1028,118,2025-12-06 13:23:29,2,440
2981,REF-1005,325,2025-12-06 13:25:29,1,799
2982,REF-1020,42,2025-12-06 14:42:29,1,250
2983,REF-1001,378,2025-12-06 16:02:29,1,999
2984,REF-1012,177,2025-12-06 16:35:29,1,450
2985,REF-1027,86,2025-12-06 17:34:29,1,220
2986,REF-1016,299,2025-12-06 17:46:29,1,350
2987,REF-1024,276,2025-12-06 17:56:29,1,450
2988,REF-1004,85,2025-12-06 19:14:29,1,1199
2989,REF-1018,50,2025-12-06 20:25:29,2,1700
2990,REF-1016,245,2025-12-06 21:52:29,1,350
2991,REF-1004,6,2025-12-06 21:57:29,1,1199
2992,REF-1007,79,2025-12-06 22:07:29,1,899
2993,REF-1018,455,2025-12-07 02:10:29,1,850
2994,REF-1022,64,2025-12-07 03:06:29,1,400
2995,REF-1026,479,2025-12-07 03:14:29,1,450
2996,REF-1016,379,2025-12-07 03:25:29,1,350
2997,REF-1019,258,2025-12-07 03:40:29,1,850
2998,REF-1008,214,2025-12-07 06:06:29,1,899
2999,REF-1013,342,2025-12-07 06:07:29,2,598
3000,REF-1012,169,2025-12-07 06:37:29,1,450
3001,REF-1015,422,2025-12-07 06:48:29,1,299
3002,REF-1005,21,2025-12-07 08:23:29,1,799
3003,REF-1001,250,2025-12-07 08:34:29,1,999
3004,REF-1024,267,2025-12-07 09:52:29,1,450
3005,REF-1005,89,2025-12-07 10:14:29,2,1598
3006,REF-1022,369,2025-12-07 10:47:29,1,400
3007,REF-1000,143,2025-12-07 10:55:29,1,999
3008,REF-1011,25,2025-12-07 11:05:29,1,450
3009,REF-1009,148,2025-12-07 11:31:29,1,1299
3010,REF-1027,494,2025-12-07 12:29:29,1,220
3011,REF-1012,6,2025-12-07 12:36:29,1,450
3012,REF-1017,167,2025-12-07 13:26:29,1,350
3013,REF-1017,102,2025-12-07 14:16:29,1,350
3014,REF-1026,171,2025-12-07 14:31:29,1,450
3015,REF-1027,239,2025-12-07 16:01:29,1,220
3016,REF-1015,72,2025-12-07 16:59:29,1,299
3017,REF-1003,376,2025-12-07 18:31:29,1,1199
3018,REF-1008,313,2025-12-07 18:34:29,1,899
3019,REF-1004,258,2025-12-07 18:53:29,1,1199
3020,REF-1022,457,2025-12-07 19:42:29,1,400
3021,REF-1005,376,2025-12-07 20:19:29,1,799
3022,REF-1001,320,2025-12-07 21:16:29,1,999
3023,REF-1021,397,2025-12-07 21:17:29,1,250
3024,REF-1010,11,2025-12-07 21:25:29,1,1299
3025,REF-1004,278,2025-12-07 22:42:29,1,1199
3026,REF-1029,421,2025-12-08 00:03:29,1,220
3027,REF-1008,232,2025-12-08 00:14:29,1,899
3028,REF-1015,417,2025-12-08 00:15:29,1,299
3029,REF-1020,40,2025-12-08 00:24:29,1,250
3030,REF-1000,62,2025-12-08 02:18:29,1,999
3031,REF-1026,109,2025-12-08 05:14:29,1,450
3032,REF-1011,253,2025-12-08 05:42:29,1,450
3033,REF-1023,477,2025-12-08 06:31:29,1,400
3034,REF-1029,441,2025-12-08 08:54:29,3,660
3035,REF-1018,451,2025-12-08 08:55:29,1,850
3036,REF-1021,284,2025-12-08 09:22:29,1,250
3037,REF-1020,121,2025-12-08 10:23:29,1,250
3038,REF-1008,275,2025-12-08 10:38:29,2,1798
3039,REF-1019,228,2025-12-08 12:19:29,1,850
3040,REF-1027,37,2025-12-08 14:39:29,1,220
3041,REF-1002,152,2025-12-08 14:58:29,1,1199
3042,REF-1021,265,2025-12-08 17:20:29,1,250
3043,REF-1024,452,2025-12-08 19:21:29,1,450
3044,REF-1009,104,2025-12-08 20:41:29,1,1299
3045,REF-1002,265,2025-12-08 21:06:29,1,1199
3046,REF-1015,417,2025-12-08 21:29:29,1,299
3047,REF-1007,479,2025-12-08 22:06:29,1,899
3048,REF-1011,346,2025-12-08 22:36:29,2,900
3049,REF-1000,97,2025-12-08 23:10:29,1,999
3050,REF-1016,307,2025-12-08 23:12:29,1,350
3051,REF-1009,350,2025-12-09 00:32:29,1,1299
3052,REF-1005,466,2025-12-09 02:44:29,1,799
3053,REF-1012,340,2025-12-09 03:08:29,1,450
3054,REF-1013,222,2025-12-09 03:58:29,1,299
3055,REF-1019,198,2025-12-09 04:10:29,1,850
3056,REF-1022,283,2025-12-09 06:21:29,1,400
3057,REF-1027,207,2025-12-09 10:38:29,2,440
3058,REF-1027,364,2025-12-09 11:48:29,1,220
3059,REF-1011,476,2025-12-09 12:16:29,1,450
3060,REF-1000,139,2025-12-09 12:23:29,1,999
3061,REF-1026,479,2025-12-09 13:25:29,1,450
3062,REF-1025,49,2025-12-09 15:25:29,1,450
3063,REF-1008,6,2025-12-09 16:38:29,1,899
3064,REF-1015,145,2025-12-09 18:37:29,1,299
3065,REF-1016,111,2025-12-09 18:42:29,4,1400
3066,REF-1004,41,2025-12-09 19:14:29,2,2398
3067,REF-1000,304,2025-12-09 19:34:29,1,999
3068,REF-1009,65,2025-12-09 20:37:29,1,1299
3069,REF-1008,378,2025-12-09 21:38:29,1,899
3070,REF-1015,160,2025-12-09 21:38:29,1,299
3071,REF-1003,493,2025-12-09 22:37:29,1,1199
3072,REF-1025,85,2025-12-09 22:42:29,1,450
3073,REF-1006,60,2025-12-10 00:08:29,1,799
3074,REF-1014,332,2025-12-10 02:29:29,1,299
3075,REF-1009,185,2025-12-10 02:37:29,1,1299
3076,REF-1004,328,2025-12-10 03:07:29,1,1199
3077,REF-1017,73,2025-12-10 04:39:29,1,350
3078,REF-1006,92,2025-12-10 05:19:29,1,799
3079,REF-1006,97,2025-12-10 06:13:29,1,799
3080,REF-1017,294,2025-12-10 06:36:29,1,350
3081,REF-1021,406,2025-12-10 07:17:29,1,250
3082,REF-1012,136,2025-12-10 07:36:29,1,450
3083,REF-1019,198,2025-12-10 07:45:29,1,850
3084,REF-1012,31,2025-12-10 07:51:29,2,900
3085,REF-1017,70,2025-12-10 08:22:29,1,350
3086,REF-1014,458,2025-12-10 09:52:29,1,299
3087,REF-1019,80,2025-12-10 10:05:29,1,850
3088,REF-1009,29,2025-12-10 10:11:29,2,2598
3089,REF-1024,64,2025-12-10 13:24:29,1,450
3090,REF-1002,5,2025-12-10 14:28:29,2,2398
3091,REF-1021,18,2025-12-10 14:56:29,1,250
3092,REF-1005,283,2025-12-10 16:57:29,1,799
3093,REF-1026,143,2025-12-10 16:59:29,1,450
3094,REF-1006,60,2025-12-10 17:51:29,1,799
3095,REF-1004,158,2025-12-10 18:39:29,1,1199
3096,REF-1002,170,2025-12-10 19:09:29,1,1199
3097,REF-1000,16,2025-12-10 20:18:29,1,999
3098,REF-1018,291,2025-12-10 21:32:29,2,1700
3099,REF-1012,159,2025-12-10 22:34:29,1,450
3100,REF-1011,111,2025-12-11 00:56:29,1,450
3101,REF-1008,251,2025-12-11 01:12:29,1,899
3102,REF-1004,403,2025-12-11 03:38:29,1,1199
3103,REF-1020,247,2025-12-11 04:02:29,1,250
3104,REF-1028,222,2025-12-11 04:53:29,1,220
3105,REF-1011,217,2025-12-11 04:58:29,1,450
3106,REF-1022,337,2025-12-11 05:31:29,1,400
3107,REF-1019,488,2025-12-11 06:15:29,1,850
3108,REF-1013,245,2025-12-11 07:20:29,1,299
3109,REF-1000,216,2025-12-11 07:52:29,1,999
3110,REF-1015,45,2025-12-11 08:28:29,1,299
3111,REF-1003,227,2025-12-11 11:41:29,1,1199
3112,REF-1005,467,2025-12-11 12:30:29,1,799
3113,REF-1022,35,2025-12-11 14:13:29,2,800
3114,REF-1000,71,2025-12-11 14:24:29,1,999
3115,REF-1018,238,2025-12-11 14:37:29,1,850
3116,REF-1013,139,2025-12-11 15:56:29,1,299
3117,REF-1003,260,2025-12-11 15:58:29,1,1199
3118,REF-1009,206,2025-12-11 16:50:29,1,1299
3119,REF-1002,39,2025-12-11 17:09:29,1,1199
3120,REF-1004,399,2025-12-11 19:44:29,1,1199
3121,REF-1008,304,2025-12-11 20:13:29,1,899
3122,REF-1009,136,2025-12-11 22:04:29,1,1299
3123,REF-1005,278,2025-12-11 22:07:29,1,799
3124,REF-1004,243,2025-12-11 22:20:29,2,2398
3125,REF-1020,43,2025-12-11 23:15:29,1,250
3126,REF-1016,109,2025-12-12 00:05:29,1,350
3127,REF-1001,217,2025-12-12 00:44:29,2,1998
3128,REF-1010,486,2025-12-12 01:01:29,1,1299
3129,REF-1016,216,2025-12-12 01:19:29,1,350
3130,REF-1010,86,2025-12-12 01:20:29,1,1299
3131,REF-1017,362,2025-12-12 01:21:29,1,350
3132,REF-1019,120,2025-12-12 01:31:29,1,850
3133,REF-1012,230,2025-12-12 01:47:29,1,450
3134,REF-1019,155,2025-12-12 02:26:29,1,850
3135,REF-1025,211,2025-12-12 03:09:29,1,450
3136,REF-1000,433,2025-12-12 06:18:29,1,999
3137,REF-1009,195,2025-12-12 06:46:29,2,2598
3138,REF-1028,373,2025-12-12 07:28:29,1,220
3139,REF-1028,135,2025-12-12 09:05:29,1,220
3140,REF-1006,127,2025-12-12 09:45:29,1,799
3141,REF-1012,362,2025-12-12 09:54:29,1,450
3142,REF-1014,223,2025-12-12 10:25:29,2,598
3143,REF-1013,116,2025-12-12 11:15:29,1,299
3144,REF-1014,220,2025-12-12 11:46:29,1,299
3145,REF-1013,157,2025-12-12 12:18:29,1,299
3146,REF-1018,244,2025-12-12 13:37:29,2,1700
3147,REF-1020,116,2025-12-12 13:52:29,1,250
3148,REF-1023,493,2025-12-12 16:15:29,1,400
3149,REF-1000,127,2025-12-12 16:35:29,1,999
3150,REF-1029,388,2025-12-12 16:39:29,2,440
3151,REF-1029,372,2025-12-12 16:46:29,1,220
3152,REF-1001,412,2025-12-12 18:21:29,1,999
3153,REF-1009,409,2025-12-12 18:47:29,1,1299
3154,REF-1000,194,2025-12-12 19:41:29,1,999
3155,REF-1003,154,2025-12-12 21:13:29,2,2398
3156,REF-1016,249,2025-12-12 21:35:29,1,350
3157,REF-1008,415,2025-12-12 22:55:29,1,899
3158,REF-1000,390,2025-12-12 23:20:29,1,999
3159,REF-1016,292,2025-12-12 23:52:29,2,700
3160,REF-1021,350,2025-12-13 00:30:29,1,250
3161,REF-1012,481,2025-12-13 00:31:29,1,450
3162,REF-1012,379,2025-12-13 01:45:29,1,450
3163,REF-1004,124,2025-12-13 02:31:29,1,1199
3164,REF-1017,144,2025-12-13 03:58:29,1,350
3165,REF-1018,330,2025-12-13 06:00:29,1,850
3166,REF-1010,154,2025-12-13 06:17:29,1,1299
3167,REF-1028,429,2025-12-13 06:45:29,1,220
3168,REF-1026,111,2025-12-13 06:59:29,1,450
3169,REF-1006,442,2025-12-13 07:59:29,1,799
3170,REF-1021,458,2025-12-13 08:24:29,2,500
3171,REF-1027,444,2025-12-13 09:50:29,3,660
3172,REF-1022,494,2025-12-13 12:04:29,1,400
3173,REF-1019,238,2025-12-13 12:28:29,2,1700
3174,REF-1028,110,2025-12-13 13:07:29,1,220
3175,REF-1024,358,2025-12-13 13:31:29,1,450
3176,REF-1019,151,2025-12-13 14:42:29,1,850
3177,REF-1020,234,2025-12-13 17:44:29,1,250
3178,REF-1027,410,2025-12-13 18:28:29,1,220
3179,REF-1002,188,2025-12-13 19:41:29,1,1199
3180,REF-1001,262,2025-12-13 20:15:29,2,1998
3181,REF-1007,352,2025-12-13 20:20:29,1,899
3182,REF-1017,33,2025-12-13 20:37:29,1,350
3183,REF-1005,364,2025-12-13 21:57:29,1,799
3184,REF-1019,3,2025-12-13 22:09:29,1,850
3185,REF-1016,18,2025-12-13 22:31:29,1,350
3186,REF-1028,330,2025-12-13 22:58:29,1,220
3187,REF-1020,255,2025-12-13 23:06:29,2,500
3188,REF-1009,189,2025-12-14 01:57:29,1,1299
3189,REF-1025,444,2025-12-14 02:16:29,1,450
3190,REF-1004,160,2025-12-14 03:22:29,1,1199
3191,REF-1004,38,2025-12-14 03:24:29,1,1199
3192,REF-1000,247,2025-12-14 04:05:29,2,1998
3193,REF-1015,192,2025-12-14 04:49:29,1,299
3194,REF-1027,264,2025-12-14 05:16:29,1,220
3195,REF-1019,105,2025-12-14 05:38:29,1,850
3196,REF-1021,260,2025-12-14 06:45:29,1,250
3197,REF-1017,470,2025-12-14 06:58:29,1,350
3198,REF-1009,442,2025-12-14 07:18:29,1,1299
3199,REF-1028,344,2025-12-14 09:03:29,1,220
3200,REF-1008,95,2025-12-14 09:24:29,1,899
3201,REF-1021,372,2025-12-14 09:27:29,1,250
3202,REF-1015,338,2025-12-14 09:41:29,1,299
3203,REF-1021,496,2025-12-14 11:13:29,1,250
3204,REF-1011,14,2025-12-14 11:52:29,1,450
3205,REF-1008,471,2025-12-14 12:35:29,1,899
3206,REF-1027,307,2025-12-14 14:37:29,1,220
3207,REF-1013,148,2025-12-14 16:13:29,1,299
3208,REF-1022,328,2025-12-14 16:50:29,1,400
3209,REF-1002,54,2025-12-14 17:25:29,1,1199
3210,REF-1023,228,2025-12-14 17:55:29,1,400
3211,REF-1020,4,2025-12-14 18:15:29,2,500
3212,REF-1000,82,2025-12-14 19:34:29,1,999
3213,REF-1011,457,2025-12-14 21:00:29,1,450
3214,REF-1000,119,2025-12-14 21:16:29,1,999
3215,REF-1013,464,2025-12-14 21:49:29,1,299
3216,REF-1007,353,2025-12-14 23:11:29,1,899
3217,REF-1005,265,2025-12-14 23:11:29,1,799
3218,REF-1019,411,2025-12-14 23:32:29,1,850
3219,REF-1013,271,2025-12-15 00:13:29,1,299
3220,REF-1026,274,2025-12-15 02:31:29,1,450
3221,REF-1015,66,2025-12-15 04:04:29,1,299
3222,REF-1010,477,2025-12-15 05:48:29,1,1299
3223,REF-1019,202,2025-12-15 07:21:29,1,850
3224,REF-1025,420,2025-12-15 07:43:29,2,900
3225,REF-1027,174,2025-12-15 07:57:29,3,660
3226,REF-1006,14,2025-12-15 08:23:29,1,799
3227,REF-1001,110,2025-12-15 10:11:29,1,999
3228,REF-1029,492,2025-12-15 11:05:29,1,220
3229,REF-1026,28,2025-12-15 11:18:29,1,450
3230,REF-1005,238,2025-12-15 11:49:29,1,799
3231,REF-1007,38,2025-12-15 11:50:29,2,1798
3232,REF-1007,201,2025-12-15 13:43:29,1,899
3233,REF-1004,158,2025-12-15 14:30:29,1,1199
3234,REF-1024,139,2025-12-15 14:38:29,1,450
3235,REF-1009,22,2025-12-15 14:51:29,1,1299
3236,REF-1012,499,2025-12-15 14:57:29,1,450
3237,REF-1014,321,2025-12-15 15:01:29,1,299
3238,REF-1015,154,2025-12-15 15:16:29,1,299
3239,REF-1019,428,2025-12-15 15:28:29,1,850
3240,REF-1001,27,2025-12-15 16:35:29,1,999
3241,REF-1029,423,2025-12-15 19:25:29,3,660
3242,REF-1018,65,2025-12-15 20:13:29,1,850
3243,REF-1013,325,2025-12-15 20:55:29,1,299
3244,REF-1014,431,2025-12-15 21:54:29,2,598
3245,REF-1014,346,2025-12-15 22:12:29,3,897
3246,REF-1009,403,2025-12-15 22:14:29,1,1299
3247,REF-1007,182,2025-12-15 22:51:29,1,899
3248,REF-1019,415,2025-12-15 23:12:29,1,850
3249,REF-1002,159,2025-12-15 23:44:29,1,1199
3250,REF-1005,478,2025-12-16 00:46:29,1,799
3251,REF-1020,24,2025-12-16 01:10:29,2,500
3252,REF-1023,354,2025-12-16 02:00:29,1,400
3253,REF-1023,390,2025-12-16 02:10:29,1,400
3254,REF-1015,259,2025-12-16 02:44:29,1,299
3255,REF-1001,39,2025-12-16 03:02:29,2,1998
3256,REF-1026,411,2025-12-16 03:54:29,1,450
3257,REF-1004,358,2025-12-16 04:29:29,1,1199
3258,REF-1027,391,2025-12-16 04:41:29,1,220
3259,REF-1000,104,2025-12-16 05:19:29,1,999
3260,REF-1029,320,2025-12-16 05:32:29,1,220
3261,REF-1018,400,2025-12-16 05:56:29,1,850
3262,REF-1017,263,2025-12-16 06:47:29,1,350
3263,REF-1006,284,2025-12-16 10:15:29,1,799
3264,REF-1017,84,2025-12-16 10:41:29,1,350
3265,REF-1019,87,2025-12-16 11:56:29,1,850
3266,REF-1029,59,2025-12-16 12:35:29,1,220
3267,REF-1020,459,2025-12-16 14:01:29,1,250
3268,REF-1020,364,2025-12-16 15:01:29,1,250
3269,REF-1019,308,2025-12-16 15:10:29,1,850
3270,REF-1013,195,2025-12-16 18:43:29,1,299
3271,REF-1006,349,2025-12-16 20:16:29,3,2397
3272,REF-1010,423,2025-12-16 20:38:29,1,1299
3273,REF-1024,459,2025-12-16 21:19:29,1,450
3274,REF-1026,42,2025-12-16 22:45:29,1,450
3275,REF-1022,442,2025-12-16 23:32:29,1,400
3276,REF-1028,34,2025-12-17 00:14:29,1,220
3277,REF-1022,270,2025-12-17 02:17:29,1,400
3278,REF-1020,370,2025-12-17 02:17:29,1,250
3279,REF-1000,89,2025-12-17 02:33:29,1,999
3280,REF-1021,346,2025-12-17 02:47:29,1,250
3281,REF-1003,493,2025-12-17 03:11:29,1,1199
3282,REF-1014,146,2025-12-17 03:32:29,2,598
3283,REF-1015,20,2025-12-17 04:10:29,1,299
3284,REF-1003,247,2025-12-17 06:05:29,2,2398
3285,REF-1020,68,2025-12-17 07:27:29,1,250
3286,REF-1003,447,2025-12-17 07:28:29,3,3597
3287,REF-1000,207,2025-12-17 08:34:29,1,999
3288,REF-1020,148,2025-12-17 09:36:29,1,250
3289,REF-1029,472,2025-12-17 09:54:29,2,440
3290,REF-1017,33,2025-12-17 10:20:29,1,350
3291,REF-1024,117,2025-12-17 10:59:29,1,450
3292,REF-1006,121,2025-12-17 12:02:29,1,799
3293,REF-1003,309,2025-12-17 12:04:29,1,1199
3294,REF-1003,364,2025-12-17 13:12:29,1,1199
3295,REF-1021,186,2025-12-17 14:20:29,1,250
3296,REF-1028,11,2025-12-17 15:20:29,1,220
3297,REF-1029,180,2025-12-17 16:39:29,1,220
3298,REF-1027,383,2025-12-17 17:25:29,1,220
3299,REF-1012,21,2025-12-17 20:25:29,1,450
3300,REF-1022,211,2025-12-17 23:33:29,1,400
3301,REF-1017,376,2025-12-18 01:40:29,1,350
3302,REF-1009,450,2025-12-18 03:03:29,2,2598
3303,REF-1003,53,2025-12-18 05:25:29,1,1199
3304,REF-1011,324,2025-12-18 05:28:29,1,450
3305,REF-1009,234,2025-12-18 07:54:29,1,1299
3306,REF-1000,76,2025-12-18 08:12:29,1,999
3307,REF-1008,336,2025-12-18 08:22:29,1,899
3308,REF-1010,272,2025-12-18 08:23:29,1,1299
3309,REF-1026,187,2025-12-18 09:32:29,1,450
3310,REF-1000,264,2025-12-18 09:45:29,1,999
3311,REF-1024,168,2025-12-18 10:44:29,1,450
3312,REF-1017,495,2025-12-18 10:45:29,1,350
3313,REF-1019,408,2025-12-18 12:30:29,1,850
3314,REF-1019,320,2025-12-18 12:48:29,1,850
3315,REF-1025,417,2025-12-18 14:24:29,2,900
3316,REF-1022,83,2025-12-18 14:59:29,1,400
3317,REF-1008,212,2025-12-18 16:07:29,1,899
3318,REF-1020,430,2025-12-18 16:16:29,1,250
3319,REF-1013,174,2025-12-18 16:48:29,1,299
3320,REF-1006,217,2025-12-18 19:03:29,1,799
3321,REF-1025,154,2025-12-18 20:06:29,1,450
3322,REF-1009,17,2025-12-18 20:44:29,1,1299
3323,REF-1002,342,2025-12-18 21:00:29,1,1199
3324,REF-1010,294,2025-12-19 00:18:29,1,1299
3325,REF-1016,124,2025-12-19 00:24:29,1,350
3326,REF-1006,326,2025-12-19 00:42:29,1,799
3327,REF-1029,321,2025-12-19 01:04:29,1,220
3328,REF-1026,275,2025-12-19 01:26:29,1,450
3329,REF-1005,1,2025-12-19 04:58:29,1,799
3330,REF-1017,327,2025-12-19 06:00:29,1,350
3331,REF-1019,105,2025-12-19 06:02:29,1,850
3332,REF-1010,329,2025-12-19 08:10:29,1,1299
3333,REF-1027,48,2025-12-19 10:50:29,1,220
3334,REF-1001,118,2025-12-19 11:19:29,1,999
3335,REF-1008,296,2025-12-19 11:29:29,1,899
3336,REF-1019,208,2025-12-19 12:17:29,3,2550
3337,REF-1000,79,2025-12-19 13:06:29,1,999
3338,REF-1010,323,2025-12-19 15:05:29,1,1299
3339,REF-1011,409,2025-12-19 16:28:29,1,450
3340,REF-1018,33,2025-12-19 16:43:29,1,850
3341,REF-1019,112,2025-12-19 16:58:29,1,850
3342,REF-1003,271,2025-12-19 18:02:29,1,1199
3343,REF-1026,82,2025-12-19 18:58:29,1,450
3344,REF-1003,308,2025-12-19 20:51:29,1,1199
3345,REF-1025,395,2025-12-19 20:52:29,1,450
3346,REF-1008,433,2025-12-19 21:15:29,1,899
3347,REF-1025,224,2025-12-19 23:21:29,1,450
3348,REF-1002,142,2025-12-19 23:46:29,1,1199
3349,REF-1000,276,2025-12-20 00:06:29,1,999
3350,REF-1026,451,2025-12-20 03:14:29,1,450
3351,REF-1001,203,2025-12-20 03:31:29,1,999
3352,REF-1011,482,2025-12-20 03:32:29,1,450
3353,REF-1013,221,2025-12-20 03:45:29,1,299
3354,REF-1022,145,2025-12-20 04:08:29,1,400
3355,REF-1021,479,2025-12-20 05:08:29,3,750
3356,REF-1002,192,2025-12-20 05:09:29,1,1199
3357,REF-1010,207,2025-12-20 06:48:29,1,1299
3358,REF-1005,283,2025-12-20 08:33:29,1,799
3359,REF-1017,228,2025-12-20 11:20:29,1,350
3360,REF-1021,190,2025-12-20 11:35:29,1,250
3361,REF-1005,242,2025-12-20 12:40:29,3,2397
3362,REF-1007,345,2025-12-20 14:18:29,4,3596
3363,REF-1026,282,2025-12-20 14:26:29,1,450
3364,REF-1017,287,2025-12-20 15:10:29,1,350
3365,REF-1005,15,2025-12-20 16:07:29,1,799
3366,REF-1000,87,2025-12-20 16:18:29,1,999
3367,REF-1027,58,2025-12-20 16:22:29,1,220
3368,REF-1004,313,2025-12-20 16:50:29,1,1199
3369,REF-1021,4,2025-12-20 17:13:29,1,250
3370,REF-1019,197,2025-12-20 20:29:29,1,850
3371,REF-1017,46,2025-12-20 21:44:29,2,700
3372,REF-1028,419,2025-12-20 23:03:29,1,220
3373,REF-1003,437,2025-12-20 23:21:29,1,1199
3374,REF-1004,488,2025-12-20 23:40:29,1,1199
3375,REF-1012,472,2025-12-20 23:42:29,2,900
3376,REF-1028,488,2025-12-21 00:09:29,1,220
3377,REF-1016,67,2025-12-21 00:14:29,1,350
3378,REF-1010,495,2025-12-21 00:41:29,1,1299
3379,REF-1024,229,2025-12-21 02:20:29,1,450
3380,REF-1015,22,2025-12-21 02:55:29,1,299
3381,REF-1026,351,2025-12-21 02:57:29,1,450
3382,REF-1005,483,2025-12-21 03:27:29,2,1598
3383,REF-1009,200,2025-12-21 05:39:29,1,1299
3384,REF-1017,136,2025-12-21 06:41:29,1,350
3385,REF-1008,391,2025-12-21 06:53:29,1,899
3386,REF-1004,89,2025-12-21 07:27:29,1,1199
3387,REF-1029,283,2025-12-21 07:28:29,3,660
3388,REF-1022,416,2025-12-21 07:55:29,1,400
3389,REF-1026,55,2025-12-21 08:27:29,1,450
3390,REF-1010,367,2025-12-21 08:29:29,1,1299
3391,REF-1017,248,2025-12-21 09:10:29,1,350
3392,REF-1010,47,2025-12-21 11:56:29,1,1299
3393,REF-1012,69,2025-12-21 12:34:29,2,900
3394,REF-1007,317,2025-12-21 12:36:29,1,899
3395,REF-1006,64,2025-12-21 13:31:29,1,799
3396,REF-1013,149,2025-12-21 13:47:29,1,299
3397,REF-1010,340,2025-12-21 14:06:29,4,5196
3398,REF-1020,64,2025-12-21 14:20:29,1,250
3399,REF-1011,370,2025-12-21 14:29:29,1,450
3400,REF-1016,499,2025-12-21 15:32:29,1,350
3401,REF-1009,231,2025-12-21 15:45:29,5,6495
3402,REF-1026,186,2025-12-21 16:54:29,1,450
3403,REF-1019,136,2025-12-21 17:17:29,1,850
3404,REF-1026,294,2025-12-21 17:31:29,1,450
3405,REF-1003,46,2025-12-21 18:09:29,1,1199
3406,REF-1019,25,2025-12-21 18:40:29,1,850
3407,REF-1021,405,2025-12-21 20:59:29,1,250
3408,REF-1012,11,2025-12-21 21:12:29,1,450
3409,REF-1025,289,2025-12-21 21:34:29,1,450
3410,REF-1013,264,2025-12-21 22:11:29,1,299
3411,REF-1021,373,2025-12-21 23:02:29,1,250
3412,REF-1004,245,2025-12-21 23:23:29,2,2398
3413,REF-1008,84,2025-12-22 02:16:29,1,899
3414,REF-1017,274,2025-12-22 02:22:29,1,350
3415,REF-1027,91,2025-12-22 04:19:29,2,440
3416,REF-1013,431,2025-12-22 06:27:29,1,299
3417,REF-1000,398,2025-12-22 07:00:29,1,999
3418,REF-1012,273,2025-12-22 07:13:29,1,450
3419,REF-1009,35,2025-12-22 08:28:29,1,1299
3420,REF-1020,262,2025-12-22 10:48:29,1,250
3421,REF-1025,224,2025-12-22 11:21:29,1,450
3422,REF-1021,325,2025-12-22 11:50:29,1,250
3423,REF-1002,87,2025-12-22 12:46:29,1,1199
3424,REF-1003,413,2025-12-22 12:49:29,1,1199
3425,REF-1017,401,2025-12-22 15:14:29,1,350
3426,REF-1000,197,2025-12-22 15:14:29,1,999
3427,REF-1002,27,2025-12-22 15:37:29,1,1199
3428,REF-1007,88,2025-12-22 16:02:29,2,1798
3429,REF-1015,362,2025-12-22 17:16:29,3,897
3430,REF-1016,191,2025-12-22 17:44:29,1,350
3431,REF-1024,452,2025-12-22 18:32:29,1,450
3432,REF-1007,183,2025-12-22 23:44:29,1,899
3433,REF-1002,34,2025-12-23 00:42:29,2,2398
3434,REF-1017,43,2025-12-23 03:04:29,2,700
3435,REF-1013,461,2025-12-23 03:30:29,1,299
3436,REF-1028,121,2025-12-23 03:38:29,1,220
3437,REF-1028,358,2025-12-23 03:50:29,1,220
3438,REF-1019,147,2025-12-23 04:51:29,1,850
3439,REF-1005,315,2025-12-23 05:28:29,1,799
3440,REF-1015,179,2025-12-23 05:55:29,1,299
3441,REF-1015,421,2025-12-23 05:55:29,1,299
3442,REF-1015,349,2025-12-23 05:57:29,1,299
3443,REF-1006,163,2025-12-23 06:10:29,1,799
3444,REF-1008,73,2025-12-23 08:36:29,1,899
3445,REF-1018,284,2025-12-23 10:33:29,1,850
3446,REF-1027,370,2025-12-23 10:53:29,1,220
3447,REF-1010,44,2025-12-23 11:02:29,1,1299
3448,REF-1000,249,2025-12-23 11:07:29,1,999
3449,REF-1020,126,2025-12-23 11:41:29,1,250
3450,REF-1013,93,2025-12-23 14:32:29,3,897
3451,REF-1027,201,2025-12-23 14:48:29,2,440
3452,REF-1029,157,2025-12-23 16:19:29,1,220
3453,REF-1010,365,2025-12-23 16:48:29,1,1299
3454,REF-1002,375,2025-12-23 18:05:29,1,1199
3455,REF-1020,301,2025-12-23 21:15:29,1,250
3456,REF-1006,104,2025-12-23 21:26:29,1,799
3457,REF-1008,142,2025-12-23 23:23:29,1,899
3458,REF-1000,177,2025-12-24 01:02:29,1,999
3459,REF-1002,253,2025-12-24 01:15:29,2,2398
3460,REF-1001,400,2025-12-24 01:49:29,1,999
3461,REF-1013,112,2025-12-24 02:09:29,1,299
3462,REF-1010,329,2025-12-24 02:21:29,1,1299
3463,REF-1016,229,2025-12-24 03:34:29,5,1750
3464,REF-1005,113,2025-12-24 05:54:29,1,799
3465,REF-1011,402,2025-12-24 06:49:29,1,450
3466,REF-1029,127,2025-12-24 07:00:29,1,220
3467,REF-1011,47,2025-12-24 07:44:29,2,900
3468,REF-1007,251,2025-12-24 08:08:29,1,899
3469,REF-1008,350,2025-12-24 09:31:29,1,899
3470,REF-1024,143,2025-12-24 09:44:29,1,450
3471,REF-1021,149,2025-12-24 09:52:29,1,250
3472,REF-1019,19,2025-12-24 10:15:29,1,850
3473,REF-1024,81,2025-12-24 10:30:29,3,1350
3474,REF-1000,196,2025-12-24 11:47:29,1,999
3475,REF-1002,411,2025-12-24 12:16:29,1,1199
3476,REF-1005,417,2025-12-24 12:24:29,1,799
3477,REF-1029,182,2025-12-24 12:38:29,1,220
3478,REF-1018,88,2025-12-24 13:40:29,1,850
3479,REF-1012,433,2025-12-24 14:12:29,2,900
3480,REF-1029,299,2025-12-24 14:43:29,1,220
3481,REF-1007,459,2025-12-24 15:55:29,2,1798
3482,REF-1009,499,2025-12-24 16:16:29,1,1299
3483,REF-1016,189,2025-12-24 19:15:29,1,350
3484,REF-1017,332,2025-12-24 19:40:29,1,350
3485,REF-1001,123,2025-12-24 20:53:29,1,999
3486,REF-1007,291,2025-12-24 21:16:29,1,899
3487,REF-1026,451,2025-12-24 22:30:29,1,450
3488,REF-1007,32,2025-12-24 22:57:29,1,899
3489,REF-1016,479,2025-12-24 23:05:29,1,350
3490,REF-1028,438,2025-12-25 01:03:29,1,220
3491,REF-1017,12,2025-12-25 03:50:29,1,350
3492,REF-1014,115,2025-12-25 04:56:29,1,299
3493,REF-1028,459,2025-12-25 05:02:29,1,220
3494,REF-1016,153,2025-12-25 05:31:29,1,350
3495,REF-1022,409,2025-12-25 05:51:29,1,400
3496,REF-1000,164,2025-12-25 05:51:29,1,999
3497,REF-1000,468,2025-12-25 06:23:29,1,999
3498,REF-1026,37,2025-12-25 06:26:29,1,450
3499,REF-1011,209,2025-12-25 08:32:29,1,450
3500,REF-1000,246,2025-12-25 08:50:29,2,1998
3501,REF-1000,333,2025-12-25 14:25:29,1,999
3502,REF-1017,332,2025-12-25 16:29:29,2,700
3503,REF-1005,195,2025-12-25 16:50:29,1,799
3504,REF-1004,67,2025-12-25 19:43:29,1,1199
3505,REF-1018,285,2025-12-25 20:59:29,2,1700
3506,REF-1003,342,2025-12-25 21:16:29,1,1199
3507,REF-1004,301,2025-12-25 22:09:29,2,2398
3508,REF-1003,358,2025-12-25 22:16:29,1,1199
3509,REF-1007,393,2025-12-25 22:27:29,1,899
3510,REF-1004,265,2025-12-25 23:29:29,1,1199
3511,REF-1010,125,2025-12-26 01:01:29,1,1299
3512,REF-1020,457,2025-12-26 01:32:29,4,1000
3513,REF-1007,308,2025-12-26 01:55:29,1,899
3514,REF-1017,136,2025-12-26 04:08:29,1,350
3515,REF-1020,449,2025-12-26 05:11:29,1,250
3516,REF-1007,79,2025-12-26 05:26:29,1,899
3517,REF-1010,382,2025-12-26 07:00:29,1,1299
3518,REF-1024,107,2025-12-26 09:04:29,1,450
3519,REF-1001,374,2025-12-26 09:16:29,1,999
3520,REF-1008,362,2025-12-26 10:20:29,1,899
3521,REF-1004,32,2025-12-26 10:47:29,1,1199
3522,REF-1023,388,2025-12-26 11:08:29,1,400
3523,REF-1016,82,2025-12-26 11:33:29,1,350
3524,REF-1029,134,2025-12-26 12:51:29,1,220
3525,REF-1012,17,2025-12-26 13:41:29,1,450
3526,REF-1002,209,2025-12-26 13:54:29,1,1199
3527,REF-1020,488,2025-12-26 15:24:29,1,250
3528,REF-1001,45,2025-12-26 16:29:29,1,999
3529,REF-1025,357,2025-12-26 16:36:29,1,450
3530,REF-1011,301,2025-12-26 17:02:29,1,450
3531,REF-1022,478,2025-12-26 17:39:29,1,400
3532,REF-1021,324,2025-12-26 19:22:29,1,250
3533,REF-1009,270,2025-12-26 19:38:29,2,2598
3534,REF-1001,150,2025-12-26 20:19:29,2,1998
3535,REF-1002,49,2025-12-26 20:45:29,1,1199
3536,REF-1004,206,2025-12-26 20:51:29,1,1199
3537,REF-1023,426,2025-12-26 22:03:29,1,400
3538,REF-1013,256,2025-12-26 23:45:29,1,299
3539,REF-1024,243,2025-12-26 23:45:29,1,450
3540,REF-1028,214,2025-12-27 00:02:29,1,220
3541,REF-1027,166,2025-12-27 02:34:29,1,220
3542,REF-1000,305,2025-12-27 03:02:29,1,999
3543,REF-1014,13,2025-12-27 03:14:29,1,299
3544,REF-1011,450,2025-12-27 03:28:29,1,450
3545,REF-1026,482,2025-12-27 04:43:29,1,450
3546,REF-1002,459,2025-12-27 05:05:29,1,1199
3547,REF-1028,269,2025-12-27 05:35:29,1,220
3548,REF-1018,24,2025-12-27 05:51:29,1,850
3549,REF-1015,243,2025-12-27 06:24:29,1,299
3550,REF-1022,329,2025-12-27 06:37:29,1,400
3551,REF-1014,161,2025-12-27 06:43:29,1,299
3552,REF-1007,208,2025-12-27 07:27:29,1,899
3553,REF-1000,68,2025-12-27 09:56:29,1,999
3554,REF-1000,274,2025-12-27 11:57:29,1,999
3555,REF-1017,188,2025-12-27 12:47:29,1,350
3556,REF-1012,498,2025-12-27 13:26:29,1,450
3557,REF-1016,105,2025-12-27 13:30:29,1,350
3558,REF-1027,406,2025-12-27 13:36:29,1,220
3559,REF-1011,340,2025-12-27 13:46:29,1,450
3560,REF-1007,361,2025-12-27 14:36:29,1,899
3561,REF-1002,307,2025-12-27 17:31:29,1,1199
3562,REF-1017,98,2025-12-27 18:05:29,1,350
3563,REF-1023,488,2025-12-27 18:49:29,1,400
3564,REF-1015,72,2025-12-27 22:13:29,1,299
3565,REF-1001,76,2025-12-27 23:33:29,1,999
3566,REF-1025,249,2025-12-27 23:49:29,1,450
3567,REF-1025,344,2025-12-28 00:12:29,1,450
3568,REF-1010,327,2025-12-28 01:03:29,1,1299
3569,REF-1013,167,2025-12-28 01:12:29,1,299
3570,REF-1003,9,2025-12-28 01:27:29,1,1199
3571,REF-1007,426,2025-12-28 01:56:29,1,899
3572,REF-1002,254,2025-12-28 02:02:29,2,2398
3573,REF-1010,249,2025-12-28 05:26:29,1,1299
3574,REF-1009,206,2025-12-28 06:38:29,1,1299
3575,REF-1020,287,2025-12-28 06:51:29,2,500
3576,REF-1010,459,2025-12-28 07:19:29,2,2598
3577,REF-1028,191,2025-12-28 07:33:29,1,220
3578,REF-1026,67,2025-12-28 08:17:29,1,450
3579,REF-1026,442,2025-12-28 10:52:29,1,450
3580,REF-1020,460,2025-12-28 12:45:29,1,250
3581,REF-1018,201,2025-12-28 13:41:29,2,1700
3582,REF-1026,492,2025-12-28 14:08:29,1,450
3583,REF-1029,217,2025-12-28 14:19:29,1,220
3584,REF-1001,125,2025-12-28 15:04:29,1,999
3585,REF-1015,453,2025-12-28 15:08:29,1,299
3586,REF-1010,428,2025-12-28 15:41:29,1,1299
3587,REF-1021,38,2025-12-28 17:42:29,1,250
3588,REF-1012,434,2025-12-28 18:16:29,1,450
3589,REF-1011,467,2025-12-28 20:15:29,1,450
3590,REF-1028,458,2025-12-28 20:22:29,1,220
3591,REF-1016,171,2025-12-28 20:34:29,1,350
3592,REF-1013,321,2025-12-28 21:19:29,1,299
3593,REF-1015,271,2025-12-28 22:45:29,1,299
3594,REF-1002,91,2025-12-29 00:02:29,1,1199
3595,REF-1026,9,2025-12-29 00:04:29,3,1350
3596,REF-1003,261,2025-12-29 02:01:29,1,1199
3597,REF-1022,172,2025-12-29 02:08:29,3,1200
3598,REF-1025,268,2025-12-29 05:11:29,1,450
3599,REF-1001,400,2025-12-29 06:12:29,1,999
3600,REF-1010,460,2025-12-29 06:17:29,1,1299
3601,REF-1012,343,2025-12-29 06:43:29,1,450
3602,REF-1023,226,2025-12-29 06:43:29,1,400
3603,REF-1021,280,2025-12-29 07:08:29,1,250
3604,REF-1029,354,2025-12-29 07:56:29,5,1100
3605,REF-1024,476,2025-12-29 08:06:29,1,450
3606,REF-1007,49,2025-12-29 10:10:29,1,899
3607,REF-1016,303,2025-12-29 12:49:29,1,350
3608,REF-1028,273,2025-12-29 12:56:29,1,220
3609,REF-1008,237,2025-12-29 13:38:29,3,2697
3610,REF-1019,316,2025-12-29 15:42:29,4,3400
3611,REF-1011,273,2025-12-29 16:45:29,1,450
3612,REF-1020,403,2025-12-29 19:40:29,5,1250
3613,REF-1005,374,2025-12-29 19:48:29,2,1598
3614,REF-1005,210,2025-12-29 20:48:29,1,799
3615,REF-1008,33,2025-12-29 21:21:29,1,899
3616,REF-1015,203,2025-12-29 22:42:29,3,897
3617,REF-1016,448,2025-12-29 22:44:29,1,350
3618,REF-1016,484,2025-12-29 23:48:29,1,350
3619,REF-1013,161,2025-12-30 03:48:29,2,598
3620,REF-1013,241,2025-12-30 04:06:29,1,299
3621,REF-1028,409,2025-12-30 05:17:29,1,220
3622,REF-1017,8,2025-12-30 05:49:29,1,350
3623,REF-1004,175,2025-12-30 06:48:29,1,1199
3624,REF-1005,116,2025-12-30 08:13:29,1,799
3625,REF-1012,283,2025-12-30 08:14:29,1,450
3626,REF-1026,483,2025-12-30 08:38:29,1,450
3627,REF-1000,439,2025-12-30 08:53:29,1,999
3628,REF-1027,15,2025-12-30 11:15:29,1,220
3629,REF-1021,38,2025-12-30 12:24:29,1,250
3630,REF-1021,299,2025-12-30 13:23:29,1,250
3631,REF-1015,278,2025-12-30 13:29:29,1,299
3632,REF-1010,250,2025-12-30 15:12:29,1,1299
3633,REF-1021,262,2025-12-30 15:32:29,1,250
3634,REF-1016,408,2025-12-30 15:43:29,1,350
3635,REF-1019,483,2025-12-30 17:42:29,1,850
3636,REF-1010,76,2025-12-30 17:51:29,1,1299
3637,REF-1018,223,2025-12-30 18:30:29,1,850
3638,REF-1003,379,2025-12-30 18:40:29,1,1199
3639,REF-1000,143,2025-12-30 20:05:29,1,999
3640,REF-1023,220,2025-12-30 20:18:29,1,400
3641,REF-1017,48,2025-12-30 21:05:29,1,350
3642,REF-1008,175,2025-12-30 21:44:29,1,899
3643,REF-1011,407,2025-12-30 23:58:29,5,2250
3644,REF-1010,256,2025-12-31 00:09:29,1,1299
3645,REF-1012,254,2025-12-31 00:16:29,1,450
3646,REF-1009,498,2025-12-31 02:05:29,1,1299
3647,REF-1005,77,2025-12-31 02:32:29,1,799
3648,REF-1006,262,2025-12-31 03:32:29,1,799
3649,REF-1028,83,2025-12-31 04:42:29,1,220
3650,REF-1011,1,2025-12-31 05:15:29,1,450
3651,REF-1016,323,2025-12-31 05:16:29,1,350
3652,REF-1014,351,2025-12-31 05:52:29,1,299
3653,REF-1015,54,2025-12-31 05:55:29,1,299
3654,REF-1024,296,2025-12-31 06:22:29,1,450
3655,REF-1010,184,2025-12-31 07:46:29,1,1299
3656,REF-1020,73,2025-12-31 08:18:29,1,250
3657,REF-1024,487,2025-12-31 10:43:29,1,450
3658,REF-1003,280,2025-12-31 10:57:29,1,1199
3659,REF-1018,269,2025-12-31 12:02:29,1,850
3660,REF-1025,271,2025-12-31 12:28:29,2,900
3661,REF-1006,292,2025-12-31 12:49:29,1,799
3662,REF-1004,395,2025-12-31 14:45:29,1,1199
3663,REF-1021,295,2025-12-31 14:58:29,1,250
3664,REF-1003,118,2025-12-31 16:43:29,1,1199
3665,REF-1007,347,2025-12-31 17:03:29,1,899
3666,REF-1027,408,2025-12-31 17:06:29,1,220
3667,REF-1022,62,2025-12-31 17:12:29,3,1200
3668,REF-1026,146,2025-12-31 17:51:29,1,450
3669,REF-1016,447,2025-12-31 18:39:29,1,350
3670,REF-1005,295,2025-12-31 18:44:29,1,799
3671,REF-1028,80,2025-12-31 22:04:29,1,220
3672,REF-1001,198,2026-01-01 01:57:29,1,999
3673,REF-1023,408,2026-01-01 01:59:29,1,400
3674,REF-1020,204,2026-01-01 03:35:29,1,250
3675,REF-1021,476,2026-01-01 03:38:29,1,250
3676,REF-1007,457,2026-01-01 05:16:29,1,899
3677,REF-1003,167,2026-01-01 05:44:29,1,1199
3678,REF-1026,173,2026-01-01 07:17:29,1,450
3679,REF-1013,451,2026-01-01 08:16:29,1,299
3680,REF-1011,281,2026-01-01 09:59:29,1,450
3681,REF-1007,125,2026-01-01 10:04:29,1,899
3682,REF-1013,143,2026-01-01 11:47:29,1,299
3683,REF-1021,117,2026-01-01 13:16:29,1,250
3684,REF-1008,78,2026-01-01 15:14:29,1,899
3685,REF-1019,107,2026-01-01 15:32:29,2,1700
3686,REF-1009,1,2026-01-01 15:40:29,1,1299
3687,REF-1001,170,2026-01-01 15:45:29,1,999
3688,REF-1027,257,2026-01-01 16:22:29,1,220
3689,REF-1007,133,2026-01-01 17:06:29,1,899
3690,REF-1012,177,2026-01-01 18:52:29,1,450
3691,REF-1013,150,2026-01-01 19:16:29,1,299
3692,REF-1001,127,2026-01-01 20:18:29,1,999
3693,REF-1020,302,2026-01-01 20:38:29,1,250
3694,REF-1024,467,2026-01-01 20:56:29,2,900
3695,REF-1023,123,2026-01-01 22:26:29,1,400
3696,REF-1019,489,2026-01-01 23:09:29,4,3400
3697,REF-1018,318,2026-01-01 23:13:29,1,850
3698,REF-1021,390,2026-01-02 00:17:29,3,750
3699,REF-1022,26,2026-01-02 01:02:29,1,400
3700,REF-1005,394,2026-01-02 02:52:29,1,799
3701,REF-1018,186,2026-01-02 03:16:29,1,850
3702,REF-1024,6,2026-01-02 03:24:29,1,450
3703,REF-1015,474,2026-01-02 03:27:29,1,299
3704,REF-1011,123,2026-01-02 03:51:29,1,450
3705,REF-1007,88,2026-01-02 04:44:29,1,899
3706,REF-1017,7,2026-01-02 06:58:29,1,350
3707,REF-1026,41,2026-01-02 09:59:29,1,450
3708,REF-1028,155,2026-01-02 11:06:29,1,220
3709,REF-1014,35,2026-01-02 11:38:29,1,299
3710,REF-1027,405,2026-01-02 12:25:29,1,220
3711,REF-1004,442,2026-01-02 12:48:29,1,1199
3712,REF-1026,250,2026-01-02 15:18:29,1,450
3713,REF-1026,484,2026-01-02 15:31:29,1,450
3714,REF-1022,127,2026-01-02 15:37:29,1,400
3715,REF-1013,344,2026-01-02 15:38:29,2,598
3716,REF-1004,216,2026-01-02 15:51:29,1,1199
3717,REF-1026,486,2026-01-02 17:51:29,1,450
3718,REF-1013,324,2026-01-02 18:24:29,1,299
3719,REF-1004,447,2026-01-02 18:32:29,1,1199
3720,REF-1022,357,2026-01-02 19:21:29,1,400
3721,REF-1017,56,2026-01-02 19:39:29,1,350
3722,REF-1001,240,2026-01-02 21:13:29,1,999
3723,REF-1008,466,2026-01-02 21:38:29,1,899
3724,REF-1021,139,2026-01-02 21:49:29,1,250
3725,REF-1008,358,2026-01-02 22:45:29,2,1798
3726,REF-1025,313,2026-01-02 23:11:29,1,450
3727,REF-1020,487,2026-01-02 23:31:29,1,250
3728,REF-1008,442,2026-01-03 01:52:29,1,899
3729,REF-1010,32,2026-01-03 02:09:29,1,1299
3730,REF-1013,56,2026-01-03 02:10:29,1,299
3731,REF-1007,389,2026-01-03 02:29:29,2,1798
3732,REF-1000,141,2026-01-03 05:30:29,1,999
3733,REF-1010,388,2026-01-03 05:39:29,1,1299
3734,REF-1005,281,2026-01-03 05:52:29,1,799
3735,REF-1024,11,2026-01-03 08:45:29,3,1350
3736,REF-1022,451,2026-01-03 08:54:29,1,400
3737,REF-1016,384,2026-01-03 09:39:29,1,350
3738,REF-1023,238,2026-01-03 09:52:29,1,400
3739,REF-1016,249,2026-01-03 10:13:29,2,700
3740,REF-1024,220,2026-01-03 10:41:29,1,450
3741,REF-1002,217,2026-01-03 11:01:29,1,1199
3742,REF-1024,424,2026-01-03 11:34:29,1,450
3743,REF-1014,273,2026-01-03 11:53:29,1,299
3744,REF-1023,312,2026-01-03 13:07:29,1,400
3745,REF-1005,388,2026-01-03 15:21:29,1,799
3746,REF-1025,482,2026-01-03 15:51:29,1,450
3747,REF-1012,444,2026-01-03 16:37:29,1,450
3748,REF-1007,256,2026-01-03 16:37:29,1,899
3749,REF-1012,332,2026-01-03 16:46:29,1,450
3750,REF-1007,433,2026-01-03 16:49:29,1,899
3751,REF-1014,43,2026-01-03 16:49:29,1,299
3752,REF-1025,424,2026-01-03 17:19:29,1,450
3753,REF-1002,258,2026-01-03 17:27:29,1,1199
3754,REF-1018,106,2026-01-03 19:27:29,1,850
3755,REF-1002,191,2026-01-03 20:49:29,1,1199
3756,REF-1026,20,2026-01-03 21:45:29,1,450
3757,REF-1022,222,2026-01-03 22:44:29,1,400
3758,REF-1009,157,2026-01-04 01:24:29,2,2598
3759,REF-1003,8,2026-01-04 03:08:29,2,2398
3760,REF-1014,1,2026-01-04 03:15:29,1,299
3761,REF-1021,21,2026-01-04 04:12:29,1,250
3762,REF-1029,343,2026-01-04 05:38:29,1,220
3763,REF-1008,40,2026-01-04 08:53:29,1,899
3764,REF-1025,150,2026-01-04 09:06:29,1,450
3765,REF-1001,222,2026-01-04 12:12:29,1,999
3766,REF-1005,414,2026-01-04 13:21:29,2,1598
3767,REF-1012,266,2026-01-04 13:29:29,1,450
3768,REF-1003,268,2026-01-04 13:37:29,1,1199
3769,REF-1010,64,2026-01-04 14:32:29,1,1299
3770,REF-1024,286,2026-01-04 14:56:29,1,450
3771,REF-1005,292,2026-01-04 15:40:29,1,799
3772,REF-1015,62,2026-01-04 16:33:29,1,299
3773,REF-1006,272,2026-01-04 16:51:29,1,799
3774,REF-1015,295,2026-01-04 17:53:29,1,299
3775,REF-1007,465,2026-01-04 18:11:29,1,899
3776,REF-1000,474,2026-01-04 18:12:29,1,999
3777,REF-1001,247,2026-01-04 18:21:29,1,999
3778,REF-1021,302,2026-01-04 18:28:29,1,250
3779,REF-1028,109,2026-01-04 20:31:29,1,220
3780,REF-1026,319,2026-01-04 21:25:29,1,450
3781,REF-1006,214,2026-01-04 21:49:29,1,799
3782,REF-1023,184,2026-01-04 21:49:29,1,400
3783,REF-1001,131,2026-01-04 22:18:29,1,999
3784,REF-1028,55,2026-01-04 22:25:29,1,220
3785,REF-1004,265,2026-01-04 23:54:29,1,1199
3786,REF-1019,321,2026-01-05 01:26:29,4,3400
3787,REF-1010,363,2026-01-05 01:46:29,1,1299
3788,REF-1027,125,2026-01-05 01:55:29,2,440
3789,REF-1005,120,2026-01-05 01:56:29,2,1598
3790,REF-1017,133,2026-01-05 02:28:29,1,350
3791,REF-1000,377,2026-01-05 03:11:29,1,999
3792,REF-1013,119,2026-01-05 04:05:29,1,299
3793,REF-1009,499,2026-01-05 05:29:29,1,1299
3794,REF-1009,118,2026-01-05 05:37:29,2,2598
3795,REF-1027,212,2026-01-05 08:20:29,1,220
3796,REF-1028,260,2026-01-05 08:35:29,1,220
3797,REF-1004,378,2026-01-05 10:38:29,1,1199
3798,REF-1000,59,2026-01-05 11:55:29,1,999
3799,REF-1004,238,2026-01-05 12:18:29,1,1199
3800,REF-1012,345,2026-01-05 12:58:29,1,450
3801,REF-1016,298,2026-01-05 14:03:29,1,350
3802,REF-1017,475,2026-01-05 15:43:29,1,350
3803,REF-1011,58,2026-01-05 15:46:29,1,450
3804,REF-1004,450,2026-01-05 16:06:29,1,1199
3805,REF-1010,342,2026-01-05 17:39:29,1,1299
3806,REF-1025,439,2026-01-05 18:54:29,1,450
3807,REF-1004,146,2026-01-05 20:46:29,2,2398
3808,REF-1014,299,2026-01-05 21:04:29,1,299
3809,REF-1010,119,2026-01-05 21:24:29,1,1299
3810,REF-1015,499,2026-01-05 21:27:29,3,897
3811,REF-1002,207,2026-01-05 22:01:29,1,1199
3812,REF-1006,224,2026-01-05 22:04:29,2,1598
3813,REF-1024,42,2026-01-05 22:23:29,2,900
3814,REF-1027,355,2026-01-05 23:13:29,1,220
3815,REF-1029,406,2026-01-05 23:46:29,1,220
3816,REF-1023,2,2026-01-06 02:11:29,3,1200
3817,REF-1006,382,2026-01-06 06:00:29,1,799
3818,REF-1000,115,2026-01-06 06:13:29,1,999
3819,REF-1012,15,2026-01-06 06:18:29,1,450
3820,REF-1017,392,2026-01-06 06:33:29,4,1400
3821,REF-1007,244,2026-01-06 07:15:29,1,899
3822,REF-1010,385,2026-01-06 07:23:29,1,1299
3823,REF-1028,345,2026-01-06 07:48:29,1,220
3824,REF-1007,221,2026-01-06 08:06:29,1,899
3825,REF-1011,369,2026-01-06 09:31:29,1,450
3826,REF-1019,281,2026-01-06 09:44:29,1,850
3827,REF-1014,467,2026-01-06 10:42:29,1,299
3828,REF-1019,279,2026-01-06 12:40:29,1,850
3829,REF-1022,285,2026-01-06 13:57:29,1,400
3830,REF-1009,423,2026-01-06 14:22:29,1,1299
3831,REF-1025,10,2026-01-06 14:36:29,1,450
3832,REF-1014,336,2026-01-06 15:27:29,1,299
3833,REF-1025,51,2026-01-06 15:56:29,1,450
3834,REF-1008,493,2026-01-06 15:58:29,1,899
3835,REF-1021,113,2026-01-06 16:01:29,1,250
3836,REF-1013,161,2026-01-06 17:52:29,3,897
3837,REF-1001,6,2026-01-06 19:35:29,1,999
3838,REF-1007,240,2026-01-06 19:53:29,3,2697
3839,REF-1029,370,2026-01-06 20:21:29,1,220
3840,REF-1013,79,2026-01-06 20:48:29,1,299
3841,REF-1010,426,2026-01-06 20:57:29,1,1299
3842,REF-1027,452,2026-01-06 21:29:29,1,220
3843,REF-1002,167,2026-01-06 21:40:29,1,1199
3844,REF-1015,91,2026-01-06 22:41:29,1,299
3845,REF-1023,217,2026-01-06 23:45:29,1,400
3846,REF-1000,452,2026-01-07 01:53:29,1,999
3847,REF-1026,410,2026-01-07 02:14:29,1,450
3848,REF-1029,294,2026-01-07 02:15:29,1,220
3849,REF-1022,402,2026-01-07 03:19:29,1,400
3850,REF-1024,485,2026-01-07 03:44:29,3,1350
3851,REF-1007,181,2026-01-07 05:36:29,1,899
3852,REF-1026,380,2026-01-07 06:59:29,1,450
3853,REF-1021,65,2026-01-07 07:20:29,1,250
3854,REF-1011,362,2026-01-07 08:31:29,1,450
3855,REF-1015,96,2026-01-07 09:12:29,1,299
3856,REF-1010,355,2026-01-07 09:35:29,1,1299
3857,REF-1027,181,2026-01-07 09:40:29,1,220
3858,REF-1016,232,2026-01-07 10:52:29,2,700
3859,REF-1028,192,2026-01-07 14:32:29,1,220
3860,REF-1022,60,2026-01-07 15:36:29,1,400
3861,REF-1012,294,2026-01-07 15:58:29,1,450
3862,REF-1006,481,2026-01-07 16:45:29,3,2397
3863,REF-1002,397,2026-01-07 16:47:29,1,1199
3864,REF-1025,436,2026-01-07 16:55:29,1,450
3865,REF-1019,212,2026-01-07 19:03:29,2,1700
3866,REF-1004,156,2026-01-07 20:59:29,1,1199
3867,REF-1027,52,2026-01-07 21:36:29,1,220
3868,REF-1010,318,2026-01-07 21:48:29,3,3897
3869,REF-1020,217,2026-01-07 21:57:29,1,250
3870,REF-1029,429,2026-01-07 23:49:29,1,220
3871,REF-1001,14,2026-01-08 00:15:29,1,999
3872,REF-1000,392,2026-01-08 02:03:29,1,999
3873,REF-1022,165,2026-01-08 02:34:29,1,400
3874,REF-1018,405,2026-01-08 03:32:29,1,850
3875,REF-1013,286,2026-01-08 07:03:29,1,299
3876,REF-1005,143,2026-01-08 08:19:29,1,799
3877,REF-1006,70,2026-01-08 09:47:29,1,799
3878,REF-1029,332,2026-01-08 11:37:29,1,220
3879,REF-1011,320,2026-01-08 12:48:29,2,900
3880,REF-1020,369,2026-01-08 12:55:29,1,250
3881,REF-1008,274,2026-01-08 13:10:29,1,899
3882,REF-1000,134,2026-01-08 14:03:29,1,999
3883,REF-1018,151,2026-01-08 15:57:29,1,850
3884,REF-1014,143,2026-01-08 18:45:29,1,299
3885,REF-1022,474,2026-01-08 19:05:29,1,400
3886,REF-1016,320,2026-01-08 19:40:29,1,350
3887,REF-1011,204,2026-01-08 20:30:29,1,450
3888,REF-1005,347,2026-01-08 21:55:29,1,799
3889,REF-1000,238,2026-01-08 22:53:29,1,999
3890,REF-1010,41,2026-01-09 00:44:29,1,1299
3891,REF-1002,210,2026-01-09 02:45:29,1,1199
3892,REF-1005,124,2026-01-09 03:07:29,1,799
3893,REF-1022,337,2026-01-09 03:16:29,1,400
3894,REF-1027,385,2026-01-09 03:40:29,1,220
3895,REF-1003,243,2026-01-09 05:37:29,1,1199
3896,REF-1025,337,2026-01-09 06:06:29,2,900
3897,REF-1014,98,2026-01-09 06:47:29,1,299
3898,REF-1019,139,2026-01-09 09:06:29,1,850
3899,REF-1012,327,2026-01-09 09:09:29,1,450
3900,REF-1015,213,2026-01-09 09:36:29,1,299
3901,REF-1018,197,2026-01-09 11:24:29,3,2550
3902,REF-1018,69,2026-01-09 11:51:29,1,850
3903,REF-1023,345,2026-01-09 11:55:29,1,400
3904,REF-1004,467,2026-01-09 12:30:29,1,1199
3905,REF-1010,37,2026-01-09 13:07:29,1,1299
3906,REF-1002,320,2026-01-09 13:48:29,1,1199
3907,REF-1021,64,2026-01-09 14:49:29,1,250
3908,REF-1021,457,2026-01-09 15:00:29,1,250
3909,REF-1026,168,2026-01-09 16:16:29,1,450
3910,REF-1007,458,2026-01-09 17:07:29,1,899
3911,REF-1003,310,2026-01-09 17:16:29,1,1199
3912,REF-1012,258,2026-01-09 19:44:29,2,900
3913,REF-1007,234,2026-01-09 20:43:29,1,899
3914,REF-1016,6,2026-01-09 20:47:29,3,1050
3915,REF-1023,371,2026-01-09 21:17:29,1,400
3916,REF-1008,141,2026-01-09 22:55:29,1,899
3917,REF-1006,233,2026-01-09 23:10:29,1,799
3918,REF-1028,295,2026-01-09 23:56:29,1,220
3919,REF-1022,308,2026-01-10 00:34:29,1,400
3920,REF-1007,472,2026-01-10 01:25:29,1,899
3921,REF-1016,99,2026-01-10 01:28:29,1,350
3922,REF-1017,449,2026-01-10 02:13:29,1,350
3923,REF-1028,135,2026-01-10 02:29:29,2,440
3924,REF-1002,402,2026-01-10 02:47:29,2,2398
3925,REF-1010,366,2026-01-10 03:05:29,1,1299
3926,REF-1013,348,2026-01-10 03:19:29,1,299
3927,REF-1019,279,2026-01-10 04:31:29,1,850
3928,REF-1019,259,2026-01-10 05:15:29,1,850
3929,REF-1029,226,2026-01-10 06:23:29,1,220
3930,REF-1022,327,2026-01-10 07:42:29,1,400
3931,REF-1016,48,2026-01-10 09:06:29,1,350
3932,REF-1026,215,2026-01-10 09:11:29,1,450
3933,REF-1029,166,2026-01-10 09:17:29,1,220
3934,REF-1025,221,2026-01-10 09:53:29,3,1350
3935,REF-1012,63,2026-01-10 09:58:29,5,2250
3936,REF-1019,416,2026-01-10 12:07:29,1,850
3937,REF-1012,175,2026-01-10 13:54:29,1,450
3938,REF-1000,52,2026-01-10 15:48:29,3,2997
3939,REF-1023,198,2026-01-10 16:44:29,1,400
3940,REF-1017,442,2026-01-10 18:22:29,1,350
3941,REF-1015,416,2026-01-10 20:03:29,1,299
3942,REF-1000,9,2026-01-10 21:44:29,1,999
3943,REF-1020,69,2026-01-10 21:54:29,1,250
3944,REF-1019,72,2026-01-10 22:02:29,1,850
3945,REF-1013,150,2026-01-10 22:04:29,1,299
3946,REF-1023,177,2026-01-10 22:59:29,2,800
3947,REF-1012,121,2026-01-11 00:23:29,1,450
3948,REF-1027,241,2026-01-11 00:30:29,1,220
3949,REF-1008,475,2026-01-11 00:37:29,1,899
3950,REF-1016,234,2026-01-11 01:41:29,1,350
3951,REF-1007,400,2026-01-11 02:03:29,1,899
3952,REF-1001,134,2026-01-11 02:27:29,3,2997
3953,REF-1024,217,2026-01-11 02:32:29,1,450
3954,REF-1023,329,2026-01-11 02:58:29,1,400
3955,REF-1001,296,2026-01-11 03:00:29,1,999
3956,REF-1017,78,2026-01-11 04:14:29,1,350
3957,REF-1028,316,2026-01-11 04:16:29,1,220
3958,REF-1007,116,2026-01-11 07:01:29,1,899
3959,REF-1013,1,2026-01-11 07:25:29,2,598
3960,REF-1017,49,2026-01-11 07:42:29,1,350
3961,REF-1003,401,2026-01-11 09:15:29,1,1199
3962,REF-1024,46,2026-01-11 10:20:29,1,450
3963,REF-1004,227,2026-01-11 13:05:29,1,1199
3964,REF-1020,318,2026-01-11 13:11:29,1,250
3965,REF-1020,394,2026-01-11 13:20:29,1,250
3966,REF-1002,91,2026-01-11 15:13:29,1,1199
3967,REF-1025,328,2026-01-11 15:41:29,1,450
3968,REF-1007,356,2026-01-11 15:52:29,1,899
3969,REF-1027,124,2026-01-11 16:20:29,1,220
3970,REF-1017,291,2026-01-11 17:05:29,1,350
3971,REF-1019,162,2026-01-11 18:20:29,1,850
3972,REF-1027,231,2026-01-11 19:53:29,2,440
3973,REF-1005,159,2026-01-11 20:31:29,1,799
3974,REF-1027,472,2026-01-11 21:36:29,1,220
3975,REF-1002,443,2026-01-11 22:00:29,1,1199
3976,REF-1024,30,2026-01-11 22:56:29,1,450
3977,REF-1024,211,2026-01-11 23:12:29,2,900
3978,REF-1010,202,2026-01-11 23:42:29,1,1299
3979,REF-1004,345,2026-01-12 01:52:29,1,1199
3980,REF-1018,370,2026-01-12 02:14:29,1,850
3981,REF-1003,450,2026-01-12 02:51:29,1,1199
3982,REF-1027,243,2026-01-12 03:55:29,2,440
3983,REF-1024,293,2026-01-12 06:07:29,2,900
3984,REF-1027,439,2026-01-12 06:44:29,1,220
3985,REF-1007,58,2026-01-12 07:15:29,2,1798
3986,REF-1020,359,2026-01-12 08:12:29,1,250
3987,REF-1015,448,2026-01-12 10:00:29,1,299
3988,REF-1012,207,2026-01-12 10:51:29,1,450
3989,REF-1014,342,2026-01-12 11:20:29,1,299
3990,REF-1017,281,2026-01-12 11:46:29,1,350
3991,REF-1002,377,2026-01-12 11:46:29,5,5995
3992,REF-1015,453,2026-01-12 12:07:29,1,299
3993,REF-1026,230,2026-01-12 13:08:29,1,450
3994,REF-1010,161,2026-01-12 13:21:29,1,1299
3995,REF-1007,287,2026-01-12 14:25:29,1,899
3996,REF-1022,167,2026-01-12 14:30:29,1,400
3997,REF-1023,355,2026-01-12 14:48:29,1,400
3998,REF-1007,120,2026-01-12 15:14:29,1,899
3999,REF-1005,74,2026-01-12 15:29:29,1,799
4000,REF-1020,28,2026-01-12 15:47:29,1,250
4001,REF-1014,345,2026-01-12 15:49:29,1,299
4002,REF-1007,164,2026-01-12 16:07:29,1,899
4003,REF-1011,490,2026-01-12 16:09:29,1,450
4004,REF-1005,299,2026-01-12 17:38:29,1,799
4005,REF-1008,366,2026-01-12 18:18:29,1,899
4006,REF-1015,366,2026-01-12 18:23:29,1,299
4007,REF-1020,423,2026-01-12 18:25:29,1,250
4008,REF-1023,272,2026-01-12 18:27:29,1,400
4009,REF-1025,13,2026-01-12 18:32:29,1,450
4010,REF-1022,166,2026-01-12 19:28:29,1,400
4011,REF-1024,292,2026-01-12 20:06:29,1,450
4012,REF-1013,99,2026-01-12 21:07:29,1,299
4013,REF-1001,220,2026-01-12 21:21:29,1,999
4014,REF-1009,108,2026-01-12 21:41:29,1,1299
4015,REF-1023,299,2026-01-12 23:58:29,1,400
4016,REF-1015,384,2026-01-13 03:57:29,5,1495
4017,REF-1008,458,2026-01-13 04:04:29,3,2697
4018,REF-1024,213,2026-01-13 06:25:29,1,450
4019,REF-1029,406,2026-01-13 08:06:29,1,220
4020,REF-1016,21,2026-01-13 08:25:29,2,700
4021,REF-1019,290,2026-01-13 10:28:29,1,850
4022,REF-1028,78,2026-01-13 12:20:29,1,220
4023,REF-1005,440,2026-01-13 13:29:29,1,799
4024,REF-1003,350,2026-01-13 15:19:29,1,1199
4025,REF-1000,360,2026-01-13 15:40:29,1,999
4026,REF-1003,9,2026-01-13 16:06:29,1,1199
4027,REF-1007,205,2026-01-13 17:16:29,1,899
4028,REF-1015,55,2026-01-13 17:25:29,1,299
4029,REF-1009,483,2026-01-13 18:38:29,2,2598
4030,REF-1015,32,2026-01-13 18:49:29,2,598
4031,REF-1026,238,2026-01-13 19:19:29,1,450
4032,REF-1006,315,2026-01-13 19:22:29,2,1598
4033,REF-1013,184,2026-01-13 20:12:29,1,299
4034,REF-1005,144,2026-01-13 20:34:29,3,2397
4035,REF-1006,65,2026-01-13 20:40:29,1,799
4036,REF-1013,171,2026-01-13 21:21:29,1,299
4037,REF-1010,451,2026-01-13 21:22:29,1,1299
4038,REF-1002,165,2026-01-13 22:35:29,4,4796
4039,REF-1017,218,2026-01-13 23:01:29,1,350
4040,REF-1003,424,2026-01-13 23:31:29,1,1199
4041,REF-1018,465,2026-01-14 01:38:29,1,850
4042,REF-1028,306,2026-01-14 04:07:29,1,220
4043,REF-1019,402,2026-01-14 05:06:29,2,1700
4044,REF-1014,337,2026-01-14 06:12:29,3,897
4045,REF-1008,105,2026-01-14 08:24:29,1,899
4046,REF-1013,171,2026-01-14 08:45:29,1,299
4047,REF-1027,42,2026-01-14 08:59:29,3,660
4048,REF-1018,403,2026-01-14 12:44:29,1,850
4049,REF-1026,497,2026-01-14 13:17:29,1,450
4050,REF-1010,29,2026-01-14 13:44:29,1,1299
4051,REF-1019,84,2026-01-14 14:42:29,2,1700
4052,REF-1028,190,2026-01-14 15:25:29,1,220
4053,REF-1026,402,2026-01-14 16:51:29,1,450
4054,REF-1002,197,2026-01-14 17:09:29,1,1199
4055,REF-1029,136,2026-01-14 19:29:29,1,220
4056,REF-1011,166,2026-01-14 19:54:29,1,450
4057,REF-1002,445,2026-01-14 20:27:29,1,1199
4058,REF-1006,258,2026-01-14 20:34:29,3,2397
4059,REF-1003,147,2026-01-14 21:17:29,1,1199
4060,REF-1012,369,2026-01-14 21:56:29,1,450
4061,REF-1028,412,2026-01-14 22:30:29,1,220
4062,REF-1005,487,2026-01-15 00:15:29,1,799
4063,REF-1006,331,2026-01-15 01:06:29,1,799
4064,REF-1001,195,2026-01-15 02:17:29,2,1998
4065,REF-1016,238,2026-01-15 03:01:29,1,350
4066,REF-1021,399,2026-01-15 04:03:29,1,250
4067,REF-1023,311,2026-01-15 04:29:29,1,400
4068,REF-1019,374,2026-01-15 06:05:29,1,850
4069,REF-1018,125,2026-01-15 07:18:29,1,850
4070,REF-1007,337,2026-01-15 09:05:29,2,1798
4071,REF-1005,91,2026-01-15 09:09:29,1,799
4072,REF-1016,117,2026-01-15 09:15:29,1,350
4073,REF-1014,410,2026-01-15 10:02:29,1,299
4074,REF-1023,263,2026-01-15 12:15:29,1,400
4075,REF-1021,267,2026-01-15 13:20:29,1,250
4076,REF-1006,248,2026-01-15 13:58:29,1,799
4077,REF-1013,408,2026-01-15 15:06:29,1,299
4078,REF-1023,71,2026-01-15 15:08:29,1,400
4079,REF-1025,396,2026-01-15 15:08:29,3,1350
4080,REF-1022,22,2026-01-15 15:16:29,1,400
4081,REF-1012,264,2026-01-15 15:25:29,1,450
4082,REF-1028,476,2026-01-15 16:07:29,1,220
4083,REF-1014,35,2026-01-15 16:11:29,2,598
4084,REF-1017,492,2026-01-15 16:33:29,1,350
4085,REF-1026,293,2026-01-15 16:40:29,1,450
4086,REF-1029,451,2026-01-15 17:15:29,1,220
4087,REF-1017,457,2026-01-15 18:29:29,1,350
4088,REF-1009,358,2026-01-15 19:03:29,1,1299
4089,REF-1010,61,2026-01-15 19:09:29,1,1299
4090,REF-1028,454,2026-01-15 20:38:29,1,220
4091,REF-1000,31,2026-01-15 21:52:29,2,1998
4092,REF-1029,323,2026-01-15 21:53:29,1,220
4093,REF-1003,469,2026-01-15 22:10:29,2,2398
4094,REF-1009,451,2026-01-15 22:22:29,5,6495
4095,REF-1001,373,2026-01-15 23:01:29,1,999
4096,REF-1003,38,2026-01-16 01:32:29,1,1199
4097,REF-1012,379,2026-01-16 02:36:29,1,450
4098,REF-1029,94,2026-01-16 02:43:29,1,220
4099,REF-1028,6,2026-01-16 03:09:29,1,220
4100,REF-1004,137,2026-01-16 04:14:29,1,1199
4101,REF-1027,236,2026-01-16 05:25:29,1,220
4102,REF-1000,213,2026-01-16 06:39:29,1,999
4103,REF-1028,266,2026-01-16 06:43:29,1,220
4104,REF-1006,271,2026-01-16 08:08:29,3,2397
4105,REF-1023,31,2026-01-16 08:13:29,1,400
4106,REF-1011,436,2026-01-16 08:55:29,1,450
4107,REF-1024,216,2026-01-16 10:05:29,1,450
4108,REF-1005,227,2026-01-16 11:54:29,2,1598
4109,REF-1011,57,2026-01-16 12:59:29,1,450
4110,REF-1013,256,2026-01-16 14:01:29,1,299
4111,REF-1025,23,2026-01-16 17:49:29,1,450
4112,REF-1024,68,2026-01-16 19:45:29,1,450
4113,REF-1014,371,2026-01-16 19:50:29,1,299
4114,REF-1002,366,2026-01-16 22:17:29,1,1199
4115,REF-1002,437,2026-01-16 22:40:29,1,1199
4116,REF-1017,70,2026-01-16 23:25:29,1,350
4117,REF-1012,429,2026-01-16 23:44:29,1,450
4118,REF-1018,251,2026-01-17 00:59:29,1,850
4119,REF-1005,286,2026-01-17 01:21:29,1,799
4120,REF-1026,450,2026-01-17 01:34:29,1,450
4121,REF-1013,354,2026-01-17 02:02:29,1,299
4122,REF-1010,240,2026-01-17 02:24:29,1,1299
4123,REF-1017,84,2026-01-17 03:16:29,1,350
4124,REF-1009,61,2026-01-17 03:47:29,1,1299
4125,REF-1003,204,2026-01-17 04:49:29,1,1199
4126,REF-1029,306,2026-01-17 05:28:29,1,220
4127,REF-1016,443,2026-01-17 06:16:29,1,350
4128,REF-1020,393,2026-01-17 06:39:29,1,250
4129,REF-1023,62,2026-01-17 07:30:29,2,800
4130,REF-1019,75,2026-01-17 08:20:29,1,850
4131,REF-1005,458,2026-01-17 09:46:29,1,799
4132,REF-1013,40,2026-01-17 09:54:29,1,299
4133,REF-1001,452,2026-01-17 10:18:29,1,999
4134,REF-1009,110,2026-01-17 12:03:29,1,1299
4135,REF-1015,230,2026-01-17 12:46:29,1,299
4136,REF-1007,224,2026-01-17 14:12:29,3,2697
4137,REF-1021,239,2026-01-17 14:22:29,1,250
4138,REF-1023,64,2026-01-17 14:39:29,1,400
4139,REF-1023,305,2026-01-17 16:34:29,2,800
4140,REF-1021,317,2026-01-17 16:35:29,1,250
4141,REF-1007,272,2026-01-17 16:47:29,1,899
4142,REF-1002,466,2026-01-17 17:01:29,2,2398
4143,REF-1020,109,2026-01-17 17:11:29,1,250
4144,REF-1012,456,2026-01-17 18:25:29,1,450
4145,REF-1018,159,2026-01-17 19:05:29,2,1700
4146,REF-1006,318,2026-01-17 20:27:29,1,799
4147,REF-1009,382,2026-01-17 21:12:29,1,1299
4148,REF-1008,31,2026-01-17 21:38:29,1,899
4149,REF-1020,363,2026-01-17 21:53:29,1,250
4150,REF-1025,482,2026-01-17 21:54:29,1,450
4151,REF-1003,114,2026-01-17 22:51:29,1,1199
4152,REF-1003,467,2026-01-18 00:45:29,2,2398
4153,REF-1028,97,2026-01-18 01:00:29,2,440
4154,REF-1005,143,2026-01-18 01:05:29,1,799
4155,REF-1003,224,2026-01-18 02:29:29,1,1199
4156,REF-1017,326,2026-01-18 03:13:29,2,700
4157,REF-1022,302,2026-01-18 04:04:29,1,400
4158,REF-1002,98,2026-01-18 04:06:29,1,1199
4159,REF-1020,207,2026-01-18 07:06:29,1,250
4160,REF-1000,47,2026-01-18 07:12:29,1,999
4161,REF-1023,70,2026-01-18 08:01:29,1,400
4162,REF-1000,64,2026-01-18 08:04:29,1,999
4163,REF-1009,283,2026-01-18 08:22:29,1,1299
4164,REF-1017,143,2026-01-18 08:34:29,1,350
4165,REF-1024,290,2026-01-18 09:12:29,1,450
4166,REF-1002,369,2026-01-18 10:38:29,1,1199
4167,REF-1002,240,2026-01-18 10:56:29,1,1199
4168,REF-1019,431,2026-01-18 15:07:29,1,850
4169,REF-1020,477,2026-01-18 15:36:29,4,1000
4170,REF-1004,321,2026-01-18 15:54:29,3,3597
4171,REF-1016,94,2026-01-18 16:43:29,1,350
4172,REF-1000,368,2026-01-18 17:26:29,2,1998
4173,REF-1021,16,2026-01-18 20:28:29,1,250
4174,REF-1007,489,2026-01-18 20:59:29,1,899
4175,REF-1016,185,2026-01-18 21:13:29,1,350
4176,REF-1007,329,2026-01-18 21:14:29,1,899
4177,REF-1027,346,2026-01-18 22:13:29,3,660
4178,REF-1025,465,2026-01-19 03:46:29,1,450
4179,REF-1026,418,2026-01-19 09:00:29,1,450
4180,REF-1027,288,2026-01-19 10:23:29,1,220
4181,REF-1004,276,2026-01-19 11:42:29,1,1199
4182,REF-1016,400,2026-01-19 12:38:29,1,350
4183,REF-1011,129,2026-01-19 15:22:29,1,450
4184,REF-1016,292,2026-01-19 15:41:29,1,350
4185,REF-1015,14,2026-01-19 15:48:29,1,299
4186,REF-1017,202,2026-01-19 15:57:29,1,350
4187,REF-1025,417,2026-01-19 17:08:29,2,900
4188,REF-1005,161,2026-01-19 17:37:29,1,799
4189,REF-1006,384,2026-01-19 18:06:29,1,799
4190,REF-1005,245,2026-01-19 18:32:29,1,799
4191,REF-1008,39,2026-01-19 18:39:29,1,899
4192,REF-1003,270,2026-01-19 18:53:29,1,1199
4193,REF-1026,424,2026-01-19 19:21:29,1,450
4194,REF-1029,200,2026-01-19 19:57:29,1,220
4195,REF-1017,354,2026-01-19 21:21:29,2,700
4196,REF-1019,223,2026-01-19 22:16:29,1,850
4197,REF-1020,190,2026-01-19 22:21:29,1,250
4198,REF-1028,311,2026-01-19 22:37:29,1,220
4199,REF-1017,119,2026-01-19 22:39:29,1,350
4200,REF-1015,96,2026-01-19 23:55:29,1,299
4201,REF-1008,434,2026-01-20 00:58:29,1,899
4202,REF-1022,238,2026-01-20 01:18:29,2,800
4203,REF-1009,185,2026-01-20 03:33:29,1,1299
4204,REF-1012,95,2026-01-20 03:39:29,1,450
4205,REF-1014,84,2026-01-20 04:29:29,1,299
4206,REF-1004,450,2026-01-20 05:48:29,2,2398
4207,REF-1012,225,2026-01-20 06:30:29,1,450
4208,REF-1020,103,2026-01-20 06:37:29,1,250
4209,REF-1007,366,2026-01-20 08:06:29,1,899
4210,REF-1026,13,2026-01-20 09:03:29,1,450
4211,REF-1011,200,2026-01-20 09:23:29,3,1350
4212,REF-1016,20,2026-01-20 10:55:29,1,350
4213,REF-1006,375,2026-01-20 11:51:29,1,799
4214,REF-1007,497,2026-01-20 11:58:29,2,1798
4215,REF-1007,241,2026-01-20 12:10:29,1,899
4216,REF-1004,280,2026-01-20 17:40:29,1,1199
4217,REF-1000,451,2026-01-20 17:59:29,1,999
4218,REF-1000,149,2026-01-20 18:19:29,1,999
4219,REF-1016,138,2026-01-20 18:28:29,1,350
4220,REF-1016,332,2026-01-20 20:31:29,1,350
4221,REF-1020,325,2026-01-20 23:17:29,1,250
4222,REF-1020,387,2026-01-20 23:37:29,1,250
4223,REF-1024,450,2026-01-21 00:19:29,2,900
4224,REF-1000,228,2026-01-21 01:41:29,1,999
4225,REF-1023,319,2026-01-21 01:49:29,2,800
4226,REF-1012,381,2026-01-21 02:27:29,1,450
4227,REF-1014,135,2026-01-21 02:58:29,1,299
4228,REF-1005,76,2026-01-21 03:13:29,1,799
4229,REF-1027,271,2026-01-21 03:58:29,1,220
4230,REF-1009,256,2026-01-21 04:40:29,1,1299
4231,REF-1013,436,2026-01-21 06:11:29,1,299
4232,REF-1002,345,2026-01-21 06:37:29,1,1199
4233,REF-1027,109,2026-01-21 08:25:29,1,220
4234,REF-1006,82,2026-01-21 10:00:29,1,799
4235,REF-1006,187,2026-01-21 10:14:29,1,799
4236,REF-1021,90,2026-01-21 10:16:29,1,250
4237,REF-1005,90,2026-01-21 11:44:29,1,799
4238,REF-1027,260,2026-01-21 12:39:29,1,220
4239,REF-1020,432,2026-01-21 13:55:29,1,250
4240,REF-1017,134,2026-01-21 13:57:29,1,350
4241,REF-1002,294,2026-01-21 14:10:29,1,1199
4242,REF-1007,216,2026-01-21 14:21:29,1,899
4243,REF-1026,297,2026-01-21 18:34:29,3,1350
4244,REF-1018,55,2026-01-21 18:40:29,2,1700
4245,REF-1023,220,2026-01-21 21:05:29,1,400
4246,REF-1021,457,2026-01-21 21:25:29,1,250
4247,REF-1013,399,2026-01-21 23:23:29,1,299
4248,REF-1001,491,2026-01-22 01:05:29,1,999
4249,REF-1007,379,2026-01-22 01:25:29,1,899
4250,REF-1022,301,2026-01-22 02:00:29,1,400
4251,REF-1021,439,2026-01-22 03:24:29,1,250
4252,REF-1001,424,2026-01-22 04:32:29,1,999
4253,REF-1009,374,2026-01-22 04:33:29,1,1299
4254,REF-1023,434,2026-01-22 04:35:29,1,400
4255,REF-1011,307,2026-01-22 05:57:29,1,450
4256,REF-1027,38,2026-01-22 07:21:29,1,220
4257,REF-1015,227,2026-01-22 07:37:29,1,299
4258,REF-1009,214,2026-01-22 09:15:29,1,1299
4259,REF-1015,371,2026-01-22 09:59:29,1,299
4260,REF-1021,484,2026-01-22 11:02:29,1,250
4261,REF-1017,328,2026-01-22 11:35:29,1,350
4262,REF-1026,161,2026-01-22 13:11:29,1,450
4263,REF-1024,69,2026-01-22 14:34:29,1,450
4264,REF-1010,8,2026-01-22 15:13:29,1,1299
4265,REF-1021,241,2026-01-22 15:47:29,1,250
4266,REF-1028,135,2026-01-22 17:08:29,1,220
4267,REF-1012,434,2026-01-22 20:40:29,1,450
4268,REF-1012,155,2026-01-22 20:52:29,1,450
4269,REF-1019,369,2026-01-22 21:00:29,1,850
4270,REF-1003,133,2026-01-22 21:29:29,1,1199
4271,REF-1006,362,2026-01-22 23:04:29,1,799
4272,REF-1028,176,2026-01-22 23:17:29,1,220
4273,REF-1028,309,2026-01-23 00:06:29,1,220
4274,REF-1018,83,2026-01-23 00:42:29,1,850
4275,REF-1013,315,2026-01-23 00:50:29,1,299
4276,REF-1000,128,2026-01-23 01:44:29,1,999
4277,REF-1018,288,2026-01-23 02:33:29,1,850
4278,REF-1000,125,2026-01-23 05:17:29,1,999
4279,REF-1020,362,2026-01-23 05:20:29,1,250
4280,REF-1007,404,2026-01-23 06:54:29,1,899
4281,REF-1024,202,2026-01-23 07:29:29,1,450
4282,REF-1019,407,2026-01-23 09:06:29,2,1700
4283,REF-1029,315,2026-01-23 09:41:29,1,220
4284,REF-1002,107,2026-01-23 11:00:29,1,1199
4285,REF-1027,335,2026-01-23 11:11:29,1,220
4286,REF-1020,72,2026-01-23 12:00:29,1,250
4287,REF-1029,422,2026-01-23 12:20:29,1,220
4288,REF-1004,272,2026-01-23 12:22:29,2,2398
4289,REF-1025,474,2026-01-23 12:42:29,1,450
4290,REF-1029,290,2026-01-23 12:42:29,1,220
4291,REF-1026,474,2026-01-23 14:42:29,1,450
4292,REF-1004,60,2026-01-23 16:39:29,1,1199
4293,REF-1012,484,2026-01-23 17:28:29,1,450
4294,REF-1026,344,2026-01-23 20:18:29,1,450
4295,REF-1027,432,2026-01-23 21:11:29,1,220
4296,REF-1022,401,2026-01-23 21:40:29,1,400
4297,REF-1024,304,2026-01-23 23:14:29,1,450
4298,REF-1026,40,2026-01-23 23:20:29,1,450
4299,REF-1002,421,2026-01-23 23:22:29,2,2398
4300,REF-1007,221,2026-01-23 23:56:29,1,899
4301,REF-1027,89,2026-01-24 02:11:29,1,220
4302,REF-1009,9,2026-01-24 03:43:29,1,1299
4303,REF-1009,468,2026-01-24 04:10:29,1,1299
4304,REF-1017,490,2026-01-24 06:00:29,1,350
4305,REF-1018,415,2026-01-24 06:05:29,1,850
4306,REF-1015,405,2026-01-24 06:30:29,1,299
4307,REF-1013,145,2026-01-24 06:41:29,1,299
4308,REF-1001,378,2026-01-24 07:42:29,1,999
4309,REF-1017,34,2026-01-24 09:02:29,1,350
4310,REF-1001,450,2026-01-24 09:53:29,3,2997
4311,REF-1028,205,2026-01-24 11:18:29,1,220
4312,REF-1003,460,2026-01-24 12:59:29,1,1199
4313,REF-1023,493,2026-01-24 14:50:29,1,400
4314,REF-1015,156,2026-01-24 15:08:29,1,299
4315,REF-1021,282,2026-01-24 16:22:29,1,250
4316,REF-1027,436,2026-01-24 16:47:29,1,220
4317,REF-1024,29,2026-01-24 16:58:29,3,1350
4318,REF-1011,136,2026-01-24 17:00:29,2,900
4319,REF-1018,362,2026-01-24 17:14:29,1,850
4320,REF-1007,154,2026-01-24 17:48:29,2,1798
4321,REF-1029,363,2026-01-24 18:42:29,1,220
4322,REF-1026,339,2026-01-24 19:07:29,2,900
4323,REF-1010,344,2026-01-24 19:48:29,1,1299
4324,REF-1019,402,2026-01-24 20:02:29,1,850
4325,REF-1011,352,2026-01-24 21:43:29,1,450
4326,REF-1009,151,2026-01-24 21:49:29,1,1299
4327,REF-1009,410,2026-01-24 22:29:29,1,1299
4328,REF-1012,453,2026-01-25 01:10:29,1,450
4329,REF-1022,303,2026-01-25 02:33:29,1,400
4330,REF-1027,244,2026-01-25 03:38:29,1,220
4331,REF-1015,193,2026-01-25 03:44:29,1,299
4332,REF-1027,387,2026-01-25 05:09:29,1,220
4333,REF-1021,288,2026-01-25 05:52:29,1,250
4334,REF-1010,37,2026-01-25 06:27:29,1,1299
4335,REF-1015,134,2026-01-25 06:48:29,1,299
4336,REF-1017,228,2026-01-25 08:00:29,1,350
4337,REF-1003,425,2026-01-25 08:00:29,1,1199
4338,REF-1011,454,2026-01-25 08:10:29,1,450
4339,REF-1009,200,2026-01-25 08:30:29,1,1299
4340,REF-1016,264,2026-01-25 09:05:29,1,350
4341,REF-1009,435,2026-01-25 09:53:29,1,1299
4342,REF-1019,402,2026-01-25 11:11:29,1,850
4343,REF-1008,442,2026-01-25 12:07:29,1,899
4344,REF-1018,446,2026-01-25 12:26:29,1,850
4345,REF-1012,197,2026-01-25 12:38:29,2,900
4346,REF-1017,66,2026-01-25 13:39:29,1,350
4347,REF-1000,240,2026-01-25 14:04:29,1,999
4348,REF-1017,208,2026-01-25 14:10:29,1,350
4349,REF-1009,117,2026-01-25 14:20:29,1,1299
4350,REF-1018,379,2026-01-25 14:29:29,1,850
4351,REF-1019,426,2026-01-25 14:47:29,1,850
4352,REF-1026,36,2026-01-25 15:49:29,1,450
4353,REF-1026,207,2026-01-25 17:45:29,1,450
4354,REF-1021,189,2026-01-25 17:57:29,1,250
4355,REF-1028,378,2026-01-25 19:27:29,1,220
4356,REF-1023,63,2026-01-25 23:40:29,2,800
4357,REF-1006,347,2026-01-26 01:11:29,1,799
4358,REF-1017,67,2026-01-26 02:56:29,1,350
4359,REF-1016,249,2026-01-26 07:50:29,1,350
4360,REF-1026,344,2026-01-26 08:17:29,1,450
4361,REF-1006,347,2026-01-26 09:31:29,1,799
4362,REF-1011,87,2026-01-26 10:34:29,1,450
4363,REF-1028,62,2026-01-26 10:43:29,3,660
4364,REF-1007,131,2026-01-26 11:19:29,1,899
4365,REF-1026,300,2026-01-26 13:19:29,1,450
4366,REF-1023,462,2026-01-26 13:22:29,2,800
4367,REF-1020,392,2026-01-26 13:23:29,1,250
4368,REF-1013,386,2026-01-26 13:43:29,1,299
4369,REF-1005,223,2026-01-26 13:58:29,1,799
4370,REF-1028,280,2026-01-26 14:30:29,1,220
4371,REF-1003,151,2026-01-26 14:41:29,1,1199
4372,REF-1000,156,2026-01-26 15:07:29,1,999
4373,REF-1004,51,2026-01-26 16:30:29,1,1199
4374,REF-1010,445,2026-01-26 17:48:29,1,1299
4375,REF-1028,381,2026-01-26 18:52:29,1,220
4376,REF-1027,135,2026-01-26 19:11:29,1,220
4377,REF-1006,52,2026-01-26 20:11:29,1,799
4378,REF-1006,404,2026-01-26 21:01:29,1,799
4379,REF-1028,313,2026-01-26 22:55:29,1,220
4380,REF-1021,4,2026-01-26 23:02:29,1,250
4381,REF-1011,235,2026-01-27 00:55:29,1,450
4382,REF-1021,216,2026-01-27 03:41:29,1,250
4383,REF-1019,174,2026-01-27 05:39:29,1,850
4384,REF-1010,215,2026-01-27 06:44:29,1,1299
4385,REF-1005,409,2026-01-27 08:24:29,1,799
4386,REF-1029,169,2026-01-27 10:17:29,1,220
4387,REF-1025,48,2026-01-27 12:29:29,1,450
4388,REF-1027,344,2026-01-27 18:09:29,2,440
4389,REF-1005,472,2026-01-27 18:13:29,1,799
4390,REF-1003,420,2026-01-27 20:50:29,1,1199
4391,REF-1008,377,2026-01-27 22:30:29,1,899
4392,REF-1020,139,2026-01-28 00:55:29,1,250
4393,REF-1004,188,2026-01-28 01:08:29,1,1199
4394,REF-1026,82,2026-01-28 01:13:29,1,450
4395,REF-1001,130,2026-01-28 05:16:29,1,999
4396,REF-1007,190,2026-01-28 05:45:29,1,899
4397,REF-1023,296,2026-01-28 05:49:29,1,400
4398,REF-1024,100,2026-01-28 07:40:29,1,450
4399,REF-1010,164,2026-01-28 07:54:29,1,1299
4400,REF-1012,115,2026-01-28 08:32:29,1,450
4401,REF-1008,432,2026-01-28 08:48:29,1,899
4402,REF-1026,148,2026-01-28 09:25:29,1,450
4403,REF-1029,472,2026-01-28 10:14:29,2,440
4404,REF-1013,359,2026-01-28 11:32:29,1,299
4405,REF-1013,482,2026-01-28 11:39:29,1,299
4406,REF-1010,454,2026-01-28 12:20:29,1,1299
4407,REF-1011,317,2026-01-28 13:21:29,1,450
4408,REF-1009,230,2026-01-28 14:08:29,1,1299
4409,REF-1006,87,2026-01-28 15:41:29,1,799
4410,REF-1002,241,2026-01-28 15:44:29,1,1199
4411,REF-1024,130,2026-01-28 16:54:29,1,450
4412,REF-1022,255,2026-01-28 17:21:29,1,400
4413,REF-1002,16,2026-01-28 18:04:29,1,1199
4414,REF-1011,212,2026-01-28 18:06:29,2,900
4415,REF-1028,194,2026-01-28 18:11:29,1,220
4416,REF-1008,60,2026-01-28 18:16:29,1,899
4417,REF-1021,204,2026-01-28 18:35:29,1,250
4418,REF-1003,269,2026-01-28 21:13:29,1,1199
4419,REF-1025,55,2026-01-28 21:22:29,1,450
4420,REF-1029,178,2026-01-28 21:50:29,1,220
4421,REF-1016,102,2026-01-28 22:20:29,1,350
4422,REF-1013,15,2026-01-29 01:43:29,1,299
4423,REF-1021,151,2026-01-29 02:33:29,1,250
4424,REF-1022,45,2026-01-29 03:31:29,1,400
4425,REF-1006,122,2026-01-29 04:13:29,1,799
4426,REF-1022,59,2026-01-29 05:44:29,1,400
4427,REF-1017,164,2026-01-29 05:51:29,5,1750
4428,REF-1027,89,2026-01-29 06:06:29,1,220
4429,REF-1018,268,2026-01-29 06:55:29,1,850
4430,REF-1016,19,2026-01-29 07:44:29,1,350
4431,REF-1021,425,2026-01-29 09:06:29,1,250
4432,REF-1008,460,2026-01-29 10:47:29,1,899
4433,REF-1007,359,2026-01-29 12:00:29,1,899
4434,REF-1024,337,2026-01-29 12:41:29,1,450
4435,REF-1012,309,2026-01-29 12:53:29,2,900
4436,REF-1024,80,2026-01-29 13:07:29,1,450
4437,REF-1010,36,2026-01-29 13:17:29,1,1299
4438,REF-1011,401,2026-01-29 18:37:29,1,450
4439,REF-1001,305,2026-01-29 18:50:29,5,4995
4440,REF-1017,375,2026-01-29 21:21:29,1,350
4441,REF-1016,434,2026-01-29 21:43:29,1,350
4442,REF-1012,412,2026-01-29 22:37:29,1,450
4443,REF-1010,229,2026-01-29 23:15:29,2,2598
4444,REF-1012,17,2026-01-29 23:32:29,1,450
4445,REF-1005,106,2026-01-29 23:35:29,1,799
4446,REF-1017,397,2026-01-30 03:07:29,1,350
4447,REF-1020,147,2026-01-30 03:16:29,1,250
4448,REF-1000,68,2026-01-30 06:19:29,1,999
4449,REF-1017,137,2026-01-30 07:27:29,3,1050
4450,REF-1012,211,2026-01-30 09:14:29,3,1350
4451,REF-1014,216,2026-01-30 09:37:29,1,299
4452,REF-1029,342,2026-01-30 10:17:29,1,220
4453,REF-1002,474,2026-01-30 10:59:29,1,1199
4454,REF-1008,483,2026-01-30 12:40:29,2,1798
4455,REF-1023,211,2026-01-30 12:46:29,2,800
4456,REF-1010,412,2026-01-30 12:50:29,1,1299
4457,REF-1000,154,2026-01-30 12:56:29,1,999
4458,REF-1022,156,2026-01-30 16:41:29,1,400
4459,REF-1015,470,2026-01-30 17:37:29,1,299
4460,REF-1028,38,2026-01-30 18:16:29,1,220
4461,REF-1022,290,2026-01-30 18:34:29,1,400
4462,REF-1025,256,2026-01-30 21:31:29,1,450
4463,REF-1009,403,2026-01-30 22:03:29,1,1299
4464,REF-1013,46,2026-01-30 22:52:29,1,299
4465,REF-1015,184,2026-01-30 23:34:29,1,299
4466,REF-1006,18,2026-01-30 23:46:29,1,799
4467,REF-1010,172,2026-01-31 00:19:29,1,1299
4468,REF-1025,38,2026-01-31 01:40:29,1,450
4469,REF-1013,406,2026-01-31 01:42:29,1,299
4470,REF-1025,422,2026-01-31 02:08:29,2,900
4471,REF-1028,366,2026-01-31 02:21:29,1,220
4472,REF-1005,30,2026-01-31 02:47:29,1,799
4473,REF-1001,380,2026-01-31 02:51:29,1,999
4474,REF-1017,240,2026-01-31 05:31:29,1,350
4475,REF-1029,242,2026-01-31 10:29:29,2,440
4476,REF-1002,312,2026-01-31 10:35:29,1,1199
4477,REF-1015,64,2026-01-31 11:12:29,2,598
4478,REF-1011,398,2026-01-31 13:36:29,1,450
4479,REF-1022,322,2026-01-31 14:00:29,5,2000
4480,REF-1021,8,2026-01-31 15:01:29,1,250
4481,REF-1003,329,2026-01-31 19:33:29,1,1199
4482,REF-1025,187,2026-01-31 20:04:29,1,450
4483,REF-1004,201,2026-01-31 20:59:29,1,1199
4484,REF-1009,222,2026-01-31 21:09:29,2,2598
4485,REF-1018,387,2026-01-31 21:52:29,2,1700
4486,REF-1015,31,2026-01-31 22:02:29,1,299
4487,REF-1016,10,2026-01-31 23:06:29,1,350
4488,REF-1008,329,2026-01-31 23:10:29,1,899
4489,REF-1003,319,2026-01-31 23:23:29,1,1199
4490,REF-1016,83,2026-02-01 00:06:29,1,350
4491,REF-1029,206,2026-02-01 00:25:29,1,220
4492,REF-1014,358,2026-02-01 00:53:29,1,299
4493,REF-1016,207,2026-02-01 03:16:29,3,1050
4494,REF-1003,216,2026-02-01 03:17:29,1,1199
4495,REF-1029,420,2026-02-01 04:14:29,1,220
4496,REF-1018,367,2026-02-01 06:19:29,1,850
4497,REF-1001,64,2026-02-01 06:39:29,1,999
4498,REF-1021,332,2026-02-01 09:14:29,1,250
4499,REF-1027,477,2026-02-01 09:16:29,1,220
4500,REF-1007,144,2026-02-01 10:30:29,1,899
4501,REF-1001,248,2026-02-01 10:51:29,1,999
4502,REF-1002,32,2026-02-01 11:29:29,2,2398
4503,REF-1014,447,2026-02-01 12:13:29,1,299
4504,REF-1012,377,2026-02-01 13:37:29,1,450
4505,REF-1021,473,2026-02-01 14:41:29,1,250
4506,REF-1006,11,2026-02-01 14:45:29,1,799
4507,REF-1022,81,2026-02-01 15:20:29,1,400
4508,REF-1021,326,2026-02-01 15:42:29,1,250
4509,REF-1001,138,2026-02-01 15:56:29,1,999
4510,REF-1025,256,2026-02-01 16:39:29,1,450
4511,REF-1006,338,2026-02-01 18:09:29,1,799
4512,REF-1003,294,2026-02-01 19:00:29,1,1199
4513,REF-1003,343,2026-02-01 19:26:29,1,1199
4514,REF-1024,277,2026-02-01 20:24:29,1,450
4515,REF-1000,102,2026-02-01 20:45:29,1,999
4516,REF-1026,308,2026-02-01 21:51:29,1,450
4517,REF-1006,260,2026-02-01 22:12:29,1,799
4518,REF-1014,179,2026-02-01 22:39:29,1,299
4519,REF-1003,81,2026-02-02 01:04:29,1,1199
4520,REF-1006,355,2026-02-02 01:12:29,1,799
4521,REF-1023,7,2026-02-02 02:01:29,1,400
4522,REF-1024,346,2026-02-02 02:09:29,3,1350
4523,REF-1004,365,2026-02-02 02:59:29,1,1199
4524,REF-1027,306,2026-02-02 02:59:29,1,220
4525,REF-1017,101,2026-02-02 04:31:29,1,350
4526,REF-1018,367,2026-02-02 04:36:29,1,850
4527,REF-1018,103,2026-02-02 04:52:29,1,850
4528,REF-1012,404,2026-02-02 07:21:29,1,450
4529,REF-1019,135,2026-02-02 08:57:29,1,850
4530,REF-1023,250,2026-02-02 09:00:29,1,400
4531,REF-1010,233,2026-02-02 09:22:29,2,2598
4532,REF-1021,229,2026-02-02 11:47:29,1,250
4533,REF-1017,499,2026-02-02 12:06:29,5,1750
4534,REF-1024,277,2026-02-02 12:29:29,5,2250
4535,REF-1000,357,2026-02-02 13:10:29,1,999
4536,REF-1014,247,2026-02-02 13:26:29,1,299
4537,REF-1001,17,2026-02-02 13:49:29,1,999
4538,REF-1027,308,2026-02-02 14:20:29,1,220
4539,REF-1008,480,2026-02-02 15:11:29,2,1798
4540,REF-1000,109,2026-02-02 15:26:29,1,999
4541,REF-1016,244,2026-02-02 19:12:29,1,350
4542,REF-1018,123,2026-02-02 19:42:29,1,850
4543,REF-1026,398,2026-02-02 20:00:29,1,450
4544,REF-1000,426,2026-02-02 21:02:29,1,999
4545,REF-1004,137,2026-02-02 22:24:29,1,1199
4546,REF-1021,37,2026-02-02 23:01:29,2,500
4547,REF-1000,410,2026-02-03 03:05:29,1,999
4548,REF-1023,441,2026-02-03 03:47:29,1,400
4549,REF-1005,193,2026-02-03 06:43:29,1,799
4550,REF-1001,394,2026-02-03 07:06:29,2,1998
4551,REF-1002,131,2026-02-03 07:36:29,1,1199
4552,REF-1003,62,2026-02-03 08:26:29,1,1199
4553,REF-1002,299,2026-02-03 09:07:29,5,5995
4554,REF-1020,316,2026-02-03 09:14:29,4,1000
4555,REF-1024,104,2026-02-03 09:55:29,1,450
4556,REF-1029,486,2026-02-03 10:38:29,1,220
4557,REF-1021,359,2026-02-03 11:37:29,1,250
4558,REF-1004,187,2026-02-03 12:11:29,2,2398
4559,REF-1011,256,2026-02-03 13:17:29,1,450
4560,REF-1029,314,2026-02-03 13:19:29,2,440
4561,REF-1007,273,2026-02-03 14:59:29,1,899
4562,REF-1005,226,2026-02-03 15:22:29,2,1598
4563,REF-1015,19,2026-02-03 15:22:29,1,299
4564,REF-1019,423,2026-02-03 16:58:29,2,1700
4565,REF-1029,101,2026-02-03 17:43:29,1,220
4566,REF-1020,170,2026-02-03 18:40:29,1,250
4567,REF-1019,155,2026-02-03 18:54:29,2,1700
4568,REF-1015,283,2026-02-03 18:57:29,1,299
4569,REF-1023,432,2026-02-03 19:46:29,1,400
4570,REF-1012,462,2026-02-03 20:03:29,1,450
4571,REF-1003,217,2026-02-03 20:31:29,1,1199
4572,REF-1009,221,2026-02-03 20:43:29,1,1299
4573,REF-1016,411,2026-02-03 21:54:29,1,350
4574,REF-1016,148,2026-02-03 22:07:29,1,350
4575,REF-1012,202,2026-02-03 22:41:29,1,450
4576,REF-1025,420,2026-02-03 23:22:29,1,450
4577,REF-1013,382,2026-02-04 02:01:29,1,299
4578,REF-1003,424,2026-02-04 02:01:29,1,1199
4579,REF-1013,403,2026-02-04 02:08:29,3,897
4580,REF-1023,26,2026-02-04 06:05:29,1,400
4581,REF-1003,117,2026-02-04 06:16:29,1,1199
4582,REF-1006,396,2026-02-04 06:33:29,1,799
4583,REF-1014,92,2026-02-04 07:38:29,1,299
4584,REF-1018,476,2026-02-04 08:46:29,1,850
4585,REF-1024,263,2026-02-04 08:49:29,1,450
4586,REF-1019,289,2026-02-04 11:44:29,1,850
4587,REF-1003,436,2026-02-04 12:16:29,1,1199
4588,REF-1020,188,2026-02-04 13:37:29,1,250
4589,REF-1024,132,2026-02-04 18:03:29,1,450
4590,REF-1006,427,2026-02-04 18:33:29,1,799
4591,REF-1011,433,2026-02-04 19:50:29,1,450
4592,REF-1013,171,2026-02-04 19:51:29,1,299
4593,REF-1011,382,2026-02-04 20:23:29,3,1350
4594,REF-1017,307,2026-02-04 21:23:29,4,1400
4595,REF-1000,17,2026-02-04 22:04:29,1,999
4596,REF-1008,217,2026-02-04 22:12:29,1,899
4597,REF-1004,441,2026-02-05 00:03:29,1,1199
4598,REF-1009,382,2026-02-05 00:40:29,1,1299
4599,REF-1010,42,2026-02-05 01:16:29,1,1299
4600,REF-1020,90,2026-02-05 01:31:29,1,250
4601,REF-1020,335,2026-02-05 02:24:29,1,250
4602,REF-1002,93,2026-02-05 02:34:29,1,1199
4603,REF-1025,106,2026-02-05 03:01:29,1,450
4604,REF-1018,215,2026-02-05 03:21:29,1,850
4605,REF-1026,474,2026-02-05 03:46:29,1,450
4606,REF-1005,8,2026-02-05 04:15:29,1,799
4607,REF-1028,351,2026-02-05 05:06:29,2,440
4608,REF-1024,257,2026-02-05 05:10:29,1,450
4609,REF-1024,423,2026-02-05 06:28:29,1,450
4610,REF-1029,313,2026-02-05 06:30:29,1,220
4611,REF-1021,355,2026-02-05 08:44:29,1,250
4612,REF-1022,132,2026-02-05 11:59:29,1,400
4613,REF-1011,112,2026-02-05 13:13:29,1,450
4614,REF-1017,40,2026-02-05 14:44:29,1,350
4615,REF-1013,88,2026-02-05 15:23:29,4,1196
4616,REF-1029,59,2026-02-05 16:27:29,1,220
4617,REF-1023,387,2026-02-05 16:32:29,1,400
4618,REF-1003,406,2026-02-05 17:04:29,1,1199
4619,REF-1015,315,2026-02-05 17:43:29,1,299
4620,REF-1009,180,2026-02-05 18:27:29,1,1299
4621,REF-1026,83,2026-02-05 18:32:29,1,450
4622,REF-1010,19,2026-02-05 20:04:29,1,1299
4623,REF-1007,37,2026-02-05 20:11:29,1,899
4624,REF-1028,72,2026-02-05 20:41:29,1,220
4625,REF-1014,104,2026-02-05 21:05:29,1,299
4626,REF-1006,32,2026-02-05 21:18:29,1,799
4627,REF-1029,148,2026-02-05 21:42:29,1,220
4628,REF-1018,278,2026-02-05 22:16:29,1,850
4629,REF-1002,456,2026-02-05 22:44:29,1,1199
4630,REF-1013,3,2026-02-05 23:01:29,1,299
4631,REF-1014,50,2026-02-05 23:28:29,1,299
4632,REF-1012,369,2026-02-05 23:59:29,1,450
4633,REF-1017,391,2026-02-06 00:06:29,1,350
4634,REF-1020,276,2026-02-06 00:44:29,2,500
4635,REF-1019,438,2026-02-06 01:34:29,3,2550
4636,REF-1027,477,2026-02-06 01:55:29,1,220
4637,REF-1000,241,2026-02-06 02:42:29,1,999
4638,REF-1016,151,2026-02-06 03:32:29,1,350
4639,REF-1002,101,2026-02-06 04:27:29,1,1199
4640,REF-1018,103,2026-02-06 04:31:29,1,850
4641,REF-1003,440,2026-02-06 04:51:29,1,1199
4642,REF-1004,312,2026-02-06 05:06:29,2,2398
4643,REF-1004,334,2026-02-06 06:17:29,1,1199
4644,REF-1024,213,2026-02-06 07:04:29,1,450
4645,REF-1020,408,2026-02-06 07:50:29,3,750
4646,REF-1024,49,2026-02-06 08:15:29,1,450
4647,REF-1021,74,2026-02-06 09:14:29,1,250
4648,REF-1010,140,2026-02-06 09:39:29,1,1299
4649,REF-1025,307,2026-02-06 11:59:29,1,450
4650,REF-1000,213,2026-02-06 12:08:29,1,999
4651,REF-1007,29,2026-02-06 13:54:29,1,899
4652,REF-1000,216,2026-02-06 17:10:29,1,999
4653,REF-1012,450,2026-02-06 17:48:29,1,450
4654,REF-1008,263,2026-02-06 20:14:29,4,3596
4655,REF-1021,353,2026-02-06 22:34:29,1,250
4656,REF-1023,170,2026-02-06 23:28:29,1,400
4657,REF-1025,114,2026-02-07 00:47:29,2,900
4658,REF-1000,336,2026-02-07 00:53:29,1,999
4659,REF-1008,406,2026-02-07 00:54:29,1,899
4660,REF-1003,295,2026-02-07 04:03:29,1,1199
4661,REF-1015,326,2026-02-07 04:42:29,1,299
4662,REF-1006,493,2026-02-07 04:45:29,2,1598
4663,REF-1014,18,2026-02-07 07:33:29,1,299
4664,REF-1017,441,2026-02-07 08:53:29,1,350
4665,REF-1014,463,2026-02-07 09:25:29,1,299
4666,REF-1012,420,2026-02-07 09:35:29,1,450
4667,REF-1003,55,2026-02-07 10:01:29,1,1199
4668,REF-1023,176,2026-02-07 10:12:29,1,400
4669,REF-1002,62,2026-02-07 10:32:29,1,1199
4670,REF-1001,213,2026-02-07 11:41:29,1,999
4671,REF-1012,362,2026-02-07 11:51:29,1,450
4672,REF-1011,341,2026-02-07 12:14:29,1,450
4673,REF-1015,320,2026-02-07 12:52:29,1,299
4674,REF-1008,85,2026-02-07 12:59:29,3,2697
4675,REF-1006,430,2026-02-07 13:16:29,1,799
4676,REF-1022,495,2026-02-07 13:26:29,1,400
4677,REF-1017,208,2026-02-07 13:42:29,1,350
4678,REF-1019,189,2026-02-07 15:04:29,1,850
4679,REF-1021,112,2026-02-07 16:41:29,1,250
4680,REF-1011,62,2026-02-07 16:51:29,1,450
4681,REF-1018,153,2026-02-07 17:21:29,2,1700
4682,REF-1023,113,2026-02-07 18:09:29,1,400
4683,REF-1026,385,2026-02-07 19:28:29,1,450
4684,REF-1006,147,2026-02-07 20:03:29,5,3995
4685,REF-1002,366,2026-02-07 21:02:29,1,1199
4686,REF-1019,23,2026-02-07 21:30:29,1,850
4687,REF-1021,439,2026-02-07 22:49:29,1,250
4688,REF-1022,377,2026-02-08 01:09:29,3,1200
4689,REF-1003,7,2026-02-08 01:42:29,3,3597
4690,REF-1003,384,2026-02-08 02:37:29,1,1199
4691,REF-1021,93,2026-02-08 02:49:29,1,250
4692,REF-1017,378,2026-02-08 03:15:29,1,350
4693,REF-1011,196,2026-02-08 04:39:29,1,450
4694,REF-1015,257,2026-02-08 04:42:29,1,299
4695,REF-1012,33,2026-02-08 05:25:29,1,450
4696,REF-1010,375,2026-02-08 06:25:29,2,2598
4697,REF-1017,487,2026-02-08 10:53:29,1,350
4698,REF-1007,446,2026-02-08 11:34:29,1,899
4699,REF-1008,410,2026-02-08 12:03:29,1,899
4700,REF-1015,447,2026-02-08 12:37:29,1,299
4701,REF-1014,31,2026-02-08 18:07:29,1,299
4702,REF-1019,8,2026-02-08 21:28:29,1,850
4703,REF-1004,118,2026-02-08 21:36:29,1,1199
4704,REF-1009,305,2026-02-08 23:50:29,1,1299
4705,REF-1017,478,2026-02-09 00:13:29,3,1050
4706,REF-1025,18,2026-02-09 00:13:29,1,450
4707,REF-1005,265,2026-02-09 00:17:29,1,799
4708,REF-1002,398,2026-02-09 04:15:29,1,1199
4709,REF-1011,440,2026-02-09 04:22:29,1,450
4710,REF-1015,163,2026-02-09 05:32:29,1,299
4711,REF-1012,75,2026-02-09 05:57:29,1,450
4712,REF-1018,2,2026-02-09 06:49:29,1,850
4713,REF-1009,443,2026-02-09 10:00:29,1,1299
4714,REF-1005,472,2026-02-09 10:51:29,2,1598
4715,REF-1001,467,2026-02-09 11:26:29,1,999
4716,REF-1001,299,2026-02-09 11:32:29,1,999
4717,REF-1023,490,2026-02-09 12:26:29,1,400
4718,REF-1003,85,2026-02-09 12:30:29,1,1199
4719,REF-1029,108,2026-02-09 13:01:29,1,220
4720,REF-1003,444,2026-02-09 13:54:29,1,1199
4721,REF-1008,202,2026-02-09 14:24:29,2,1798
4722,REF-1011,327,2026-02-09 15:16:29,2,900
4723,REF-1003,152,2026-02-09 15:38:29,1,1199
4724,REF-1027,222,2026-02-09 15:42:29,3,660
4725,REF-1019,210,2026-02-09 17:28:29,1,850
4726,REF-1028,108,2026-02-09 18:27:29,1,220
4727,REF-1011,342,2026-02-09 18:36:29,1,450
4728,REF-1010,424,2026-02-09 19:41:29,2,2598
4729,REF-1000,324,2026-02-09 20:12:29,1,999
4730,REF-1029,390,2026-02-09 20:33:29,1,220
4731,REF-1017,436,2026-02-09 20:37:29,3,1050
4732,REF-1024,266,2026-02-09 22:24:29,1,450
4733,REF-1020,173,2026-02-09 22:48:29,1,250
4734,REF-1008,315,2026-02-09 23:01:29,1,899
4735,REF-1019,182,2026-02-09 23:32:29,1,850
4736,REF-1029,329,2026-02-10 00:58:29,5,1100
4737,REF-1005,447,2026-02-10 02:30:29,1,799
4738,REF-1019,325,2026-02-10 02:50:29,2,1700
4739,REF-1002,282,2026-02-10 03:49:29,1,1199
4740,REF-1002,45,2026-02-10 07:26:29,1,1199
4741,REF-1013,406,2026-02-10 08:00:29,1,299
4742,REF-1002,375,2026-02-10 08:05:29,1,1199
4743,REF-1012,34,2026-02-10 10:23:29,3,1350
4744,REF-1027,107,2026-02-10 10:38:29,2,440
4745,REF-1011,304,2026-02-10 11:35:29,1,450
4746,REF-1023,247,2026-02-10 12:36:29,1,400
4747,REF-1024,420,2026-02-10 13:19:29,1,450
4748,REF-1018,200,2026-02-10 14:07:29,1,850
4749,REF-1029,389,2026-02-10 15:10:29,2,440
4750,REF-1028,62,2026-02-10 16:13:29,1,220
4751,REF-1021,129,2026-02-10 18:26:29,1,250
4752,REF-1021,53,2026-02-10 19:41:29,1,250
4753,REF-1027,392,2026-02-10 20:04:29,1,220
4754,REF-1019,46,2026-02-10 20:27:29,1,850
4755,REF-1026,439,2026-02-10 20:43:29,1,450
4756,REF-1004,272,2026-02-10 21:32:29,1,1199
4757,REF-1021,445,2026-02-10 22:25:29,1,250
4758,REF-1010,168,2026-02-10 22:43:29,1,1299
4759,REF-1013,190,2026-02-10 23:02:29,1,299
4760,REF-1006,271,2026-02-10 23:29:29,1,799
4761,REF-1013,458,2026-02-10 23:41:29,1,299
4762,REF-1012,250,2026-02-10 23:43:29,1,450
4763,REF-1002,165,2026-02-11 01:40:29,1,1199
4764,REF-1007,254,2026-02-11 01:44:29,1,899
4765,REF-1012,122,2026-02-11 01:55:29,5,2250
4766,REF-1023,138,2026-02-11 02:02:29,1,400
4767,REF-1014,93,2026-02-11 02:24:29,1,299
4768,REF-1020,64,2026-02-11 02:26:29,1,250
4769,REF-1010,207,2026-02-11 02:26:29,1,1299
4770,REF-1004,321,2026-02-11 03:55:29,1,1199
4771,REF-1010,394,2026-02-11 04:46:29,1,1299
4772,REF-1006,203,2026-02-11 04:47:29,1,799
4773,REF-1026,369,2026-02-11 05:08:29,4,1800
4774,REF-1019,338,2026-02-11 05:44:29,1,850
4775,REF-1015,229,2026-02-11 06:26:29,1,299
4776,REF-1013,377,2026-02-11 07:50:29,1,299
4777,REF-1029,49,2026-02-11 08:32:29,1,220
4778,REF-1020,310,2026-02-11 09:53:29,1,250
4779,REF-1010,381,2026-02-11 10:23:29,2,2598
4780,REF-1006,352,2026-02-11 11:59:29,1,799
4781,REF-1016,260,2026-02-11 12:19:29,1,350
4782,REF-1001,410,2026-02-11 12:53:29,4,3996
4783,REF-1022,146,2026-02-11 13:44:29,1,400
4784,REF-1023,380,2026-02-11 15:08:29,1,400
4785,REF-1002,94,2026-02-11 16:17:29,2,2398
4786,REF-1022,167,2026-02-11 16:26:29,3,1200
4787,REF-1008,498,2026-02-11 17:00:29,1,899
4788,REF-1011,302,2026-02-11 18:15:29,1,450
4789,REF-1012,299,2026-02-11 20:04:29,1,450
4790,REF-1011,9,2026-02-11 20:52:29,1,450
4791,REF-1012,443,2026-02-11 21:35:29,2,900
4792,REF-1005,163,2026-02-11 23:22:29,1,799
4793,REF-1003,430,2026-02-12 00:27:29,1,1199
4794,REF-1009,376,2026-02-12 00:53:29,1,1299
4795,REF-1002,213,2026-02-12 01:16:29,1,1199
4796,REF-1014,65,2026-02-12 02:13:29,1,299
4797,REF-1010,496,2026-02-12 03:48:29,1,1299
4798,REF-1015,55,2026-02-12 04:03:29,2,598
4799,REF-1024,365,2026-02-12 05:01:29,1,450
4800,REF-1001,55,2026-02-12 05:48:29,2,1998
4801,REF-1024,457,2026-02-12 06:18:29,2,900
4802,REF-1022,310,2026-02-12 06:54:29,2,800
4803,REF-1018,245,2026-02-12 07:58:29,1,850
4804,REF-1005,172,2026-02-12 08:02:29,3,2397
4805,REF-1020,125,2026-02-12 08:10:29,2,500
4806,REF-1023,224,2026-02-12 09:27:29,3,1200
4807,REF-1013,123,2026-02-12 12:47:29,1,299
4808,REF-1006,414,2026-02-12 12:57:29,1,799
4809,REF-1011,181,2026-02-12 14:11:29,2,900
4810,REF-1016,468,2026-02-12 16:05:29,1,350
4811,REF-1015,403,2026-02-12 17:08:29,1,299
4812,REF-1002,278,2026-02-12 18:45:29,2,2398
4813,REF-1014,211,2026-02-12 19:25:29,1,299
4814,REF-1001,190,2026-02-12 21:04:29,4,3996
4815,REF-1023,124,2026-02-12 22:22:29,1,400
4816,REF-1018,180,2026-02-12 22:34:29,1,850
4817,REF-1012,209,2026-02-12 23:26:29,1,450
4818,REF-1029,425,2026-02-13 00:14:29,1,220
4819,REF-1027,434,2026-02-13 01:18:29,1,220
4820,REF-1020,38,2026-02-13 01:54:29,1,250
4821,REF-1022,334,2026-02-13 02:21:29,1,400
4822,REF-1021,140,2026-02-13 04:19:29,1,250
4823,REF-1003,446,2026-02-13 05:35:29,1,1199
4824,REF-1007,175,2026-02-13 06:36:29,1,899
4825,REF-1015,285,2026-02-13 06:42:29,3,897
4826,REF-1001,434,2026-02-13 07:32:29,1,999
4827,REF-1006,220,2026-02-13 09:33:29,1,799
4828,REF-1028,54,2026-02-13 10:56:29,1,220
4829,REF-1008,485,2026-02-13 11:21:29,2,1798
4830,REF-1015,102,2026-02-13 11:31:29,1,299
4831,REF-1007,210,2026-02-13 11:32:29,1,899
4832,REF-1025,243,2026-02-13 12:00:29,1,450
4833,REF-1018,217,2026-02-13 13:55:29,1,850
4834,REF-1022,417,2026-02-13 14:00:29,1,400
4835,REF-1006,318,2026-02-13 14:05:29,1,799
4836,REF-1012,120,2026-02-13 14:26:29,1,450
4837,REF-1027,17,2026-02-13 15:25:29,1,220
4838,REF-1001,152,2026-02-13 17:41:29,1,999
4839,REF-1012,105,2026-02-13 18:31:29,1,450
4840,REF-1015,452,2026-02-13 18:40:29,1,299
4841,REF-1007,378,2026-02-13 19:10:29,1,899
4842,REF-1009,213,2026-02-13 20:36:29,3,3897
4843,REF-1004,321,2026-02-13 21:39:29,1,1199
4844,REF-1026,454,2026-02-13 22:24:29,1,450
4845,REF-1002,198,2026-02-13 23:19:29,1,1199
4846,REF-1014,13,2026-02-13 23:34:29,1,299
4847,REF-1022,403,2026-02-13 23:44:29,1,400
4848,REF-1008,123,2026-02-13 23:50:29,1,899
4849,REF-1011,51,2026-02-14 03:03:29,1,450
4850,REF-1029,406,2026-02-14 03:27:29,1,220
4851,REF-1007,78,2026-02-14 07:10:29,1,899
4852,REF-1003,387,2026-02-14 07:22:29,2,2398
4853,REF-1016,443,2026-02-14 07:28:29,1,350
4854,REF-1014,216,2026-02-14 08:08:29,1,299
4855,REF-1027,105,2026-02-14 08:46:29,1,220
4856,REF-1001,218,2026-02-14 08:52:29,1,999
4857,REF-1003,423,2026-02-14 09:30:29,2,2398
4858,REF-1019,33,2026-02-14 09:44:29,1,850
4859,REF-1028,449,2026-02-14 10:51:29,1,220
4860,REF-1011,318,2026-02-14 11:19:29,1,450
4861,REF-1017,14,2026-02-14 11:53:29,1,350
4862,REF-1009,358,2026-02-14 13:40:29,1,1299
4863,REF-1024,355,2026-02-14 15:05:29,1,450
4864,REF-1010,396,2026-02-14 19:24:29,1,1299
4865,REF-1020,482,2026-02-14 19:40:29,1,250
4866,REF-1002,383,2026-02-14 20:11:29,1,1199
4867,REF-1023,261,2026-02-14 20:59:29,1,400
4868,REF-1026,169,2026-02-14 23:20:29,1,450
4869,REF-1019,187,2026-02-14 23:38:29,1,850
4870,REF-1026,436,2026-02-15 00:34:29,2,900
4871,REF-1028,480,2026-02-15 01:41:29,1,220
4872,REF-1019,53,2026-02-15 02:11:29,1,850
4873,REF-1011,410,2026-02-15 03:09:29,1,450
4874,REF-1013,463,2026-02-15 04:15:29,1,299
4875,REF-1010,304,2026-02-15 04:20:29,1,1299
4876,REF-1011,211,2026-02-15 08:14:29,1,450
4877,REF-1004,28,2026-02-15 10:48:29,1,1199
4878,REF-1008,150,2026-02-15 11:52:29,1,899
4879,REF-1009,90,2026-02-15 12:22:29,1,1299
4880,REF-1003,311,2026-02-15 14:32:29,1,1199
4881,REF-1013,208,2026-02-15 16:22:29,1,299
4882,REF-1023,110,2026-02-15 16:47:29,1,400
4883,REF-1013,119,2026-02-15 17:19:29,1,299
4884,REF-1020,94,2026-02-15 18:00:29,1,250
4885,REF-1008,347,2026-02-15 18:05:29,1,899
4886,REF-1017,487,2026-02-15 18:28:29,1,350
4887,REF-1003,457,2026-02-15 19:02:29,1,1199
4888,REF-1023,465,2026-02-15 19:21:29,3,1200
4889,REF-1013,185,2026-02-15 20:02:29,1,299
4890,REF-1007,132,2026-02-16 00:29:29,1,899
4891,REF-1002,372,2026-02-16 01:10:29,1,1199
4892,REF-1013,135,2026-02-16 01:44:29,1,299
4893,REF-1008,217,2026-02-16 03:31:29,1,899
4894,REF-1028,212,2026-02-16 03:37:29,1,220
4895,REF-1015,474,2026-02-16 04:20:29,1,299
4896,REF-1003,469,2026-02-16 05:48:29,1,1199
4897,REF-1026,410,2026-02-16 06:43:29,1,450
4898,REF-1028,189,2026-02-16 07:17:29,1,220
4899,REF-1001,357,2026-02-16 08:32:29,1,999
4900,REF-1021,443,2026-02-16 08:34:29,1,250
4901,REF-1008,382,2026-02-16 11:02:29,1,899
4902,REF-1008,4,2026-02-16 11:42:29,1,899
4903,REF-1005,365,2026-02-16 12:00:29,1,799
4904,REF-1018,261,2026-02-16 12:06:29,1,850
4905,REF-1000,154,2026-02-16 12:30:29,1,999
4906,REF-1003,314,2026-02-16 12:36:29,1,1199
4907,REF-1024,159,2026-02-16 14:16:29,1,450
4908,REF-1027,430,2026-02-16 16:02:29,1,220
4909,REF-1003,96,2026-02-16 16:55:29,1,1199
4910,REF-1018,165,2026-02-16 17:32:29,1,850
4911,REF-1008,29,2026-02-16 17:42:29,1,899
4912,REF-1024,126,2026-02-16 18:20:29,1,450
4913,REF-1011,465,2026-02-16 18:29:29,1,450
4914,REF-1027,176,2026-02-16 21:07:29,1,220
4915,REF-1023,496,2026-02-16 22:49:29,1,400
4916,REF-1027,477,2026-02-17 00:25:29,1,220
4917,REF-1027,460,2026-02-17 00:58:29,1,220
4918,REF-1028,98,2026-02-17 01:00:29,1,220
4919,REF-1016,215,2026-02-17 03:32:29,1,350
4920,REF-1000,148,2026-02-17 06:20:29,1,999
4921,REF-1011,276,2026-02-17 06:21:29,2,900
4922,REF-1008,81,2026-02-17 07:44:29,1,899
4923,REF-1006,206,2026-02-17 08:32:29,1,799
4924,REF-1023,481,2026-02-17 11:38:29,1,400
4925,REF-1002,480,2026-02-17 12:13:29,1,1199
4926,REF-1022,146,2026-02-17 13:00:29,1,400
4927,REF-1014,323,2026-02-17 13:23:29,1,299
4928,REF-1006,470,2026-02-17 13:49:29,1,799
4929,REF-1000,57,2026-02-17 14:52:29,1,999
4930,REF-1006,44,2026-02-17 15:06:29,1,799
4931,REF-1017,131,2026-02-17 15:23:29,1,350
4932,REF-1000,403,2026-02-17 16:49:29,1,999
4933,REF-1023,430,2026-02-17 16:54:29,1,400
4934,REF-1012,229,2026-02-17 17:03:29,1,450
4935,REF-1029,398,2026-02-17 17:24:29,1,220
4936,REF-1020,375,2026-02-17 17:29:29,1,250
4937,REF-1007,257,2026-02-17 17:39:29,1,899
4938,REF-1022,416,2026-02-17 18:07:29,1,400
4939,REF-1016,384,2026-02-17 18:07:29,1,350
4940,REF-1019,326,2026-02-17 18:53:29,1,850
4941,REF-1012,442,2026-02-17 19:31:29,1,450
4942,REF-1023,364,2026-02-17 19:52:29,1,400
4943,REF-1013,302,2026-02-17 22:06:29,1,299
4944,REF-1000,153,2026-02-17 23:04:29,3,2997
4945,REF-1015,171,2026-02-17 23:46:29,1,299
4946,REF-1028,179,2026-02-18 00:30:29,1,220
4947,REF-1020,494,2026-02-18 00:37:29,1,250
4948,REF-1007,16,2026-02-18 01:05:29,1,899
4949,REF-1023,74,2026-02-18 01:55:29,1,400
4950,REF-1024,281,2026-02-18 02:00:29,1,450
4951,REF-1011,308,2026-02-18 02:37:29,1,450
4952,REF-1021,364,2026-02-18 02:44:29,1,250
4953,REF-1024,445,2026-02-18 03:10:29,1,450
4954,REF-1001,156,2026-02-18 03:35:29,1,999
4955,REF-1018,151,2026-02-18 04:56:29,1,850
4956,REF-1029,161,2026-02-18 04:57:29,1,220
4957,REF-1000,467,2026-02-18 07:32:29,1,999
4958,REF-1026,485,2026-02-18 08:37:29,1,450
4959,REF-1008,434,2026-02-18 08:45:29,1,899
4960,REF-1027,133,2026-02-18 09:52:29,1,220
4961,REF-1022,500,2026-02-18 10:26:29,1,400
4962,REF-1023,315,2026-02-18 12:26:29,1,400
4963,REF-1022,15,2026-02-18 14:55:29,1,400
4964,REF-1021,485,2026-02-18 18:51:29,1,250
4965,REF-1016,150,2026-02-18 19:18:29,1,350
4966,REF-1022,110,2026-02-18 19:54:29,1,400
4967,REF-1004,353,2026-02-18 21:41:29,1,1199
4968,REF-1026,245,2026-02-18 22:36:29,1,450
4969,REF-1017,379,2026-02-19 01:38:29,1,350
4970,REF-1014,363,2026-02-19 01:50:29,1,299
4971,REF-1017,398,2026-02-19 02:27:29,1,350
4972,REF-1005,310,2026-02-19 02:48:29,3,2397
4973,REF-1005,21,2026-02-19 03:12:29,1,799
4974,REF-1028,306,2026-02-19 03:16:29,4,880
4975,REF-1029,122,2026-02-19 03:57:29,1,220
4976,REF-1002,151,2026-02-19 04:28:29,2,2398
4977,REF-1006,335,2026-02-19 04:38:29,1,799
4978,REF-1027,465,2026-02-19 05:01:29,1,220
4979,REF-1004,100,2026-02-19 05:26:29,1,1199
4980,REF-1020,287,2026-02-19 05:28:29,1,250
4981,REF-1010,8,2026-02-19 05:31:29,1,1299
4982,REF-1027,141,2026-02-19 05:44:29,1,220
4983,REF-1002,155,2026-02-19 05:49:29,1,1199
4984,REF-1028,98,2026-02-19 08:44:29,1,220
4985,REF-1012,413,2026-02-19 08:51:29,3,1350
4986,REF-1016,166,2026-02-19 09:10:29,1,350
4987,REF-1015,67,2026-02-19 09:30:29,1,299
4988,REF-1020,301,2026-02-19 12:00:29,1,250
4989,REF-1009,41,2026-02-19 14:03:29,1,1299
4990,REF-1021,434,2026-02-19 14:37:29,2,500
4991,REF-1006,372,2026-02-19 16:41:29,1,799
4992,REF-1016,339,2026-02-19 18:01:29,1,350
4993,REF-1020,201,2026-02-19 18:29:29,1,250
4994,REF-1022,92,2026-02-19 20:07:29,1,400
4995,REF-1012,480,2026-02-20 01:03:29,1,450
4996,REF-1003,189,2026-02-20 01:39:29,1,1199
4997,REF-1012,335,2026-02-20 01:56:29,1,450
4998,REF-1022,253,2026-02-20 01:59:29,1,400
4999,REF-1008,490,2026-02-20 02:49:29,1,899
5000,REF-1025,485,2026-02-20 03:19:29,1,450
5001,REF-1002,379,2026-02-20 03:33:29,1,1199
5002,REF-1006,281,2026-02-20 03:51:29,1,799
5003,REF-1008,76,2026-02-20 03:51:29,1,899
5004,REF-1029,89,2026-02-20 03:59:29,2,440
5005,REF-1000,412,2026-02-20 04:40:29,1,999
5006,REF-1019,314,2026-02-20 05:10:29,1,850
5007,REF-1025,297,2026-02-20 05:21:29,1,450
5008,REF-1007,2,2026-02-20 05:54:29,1,899
5009,REF-1009,341,2026-02-20 08:37:29,1,1299
5010,REF-1025,325,2026-02-20 09:13:29,1,450
5011,REF-1020,470,2026-02-20 09:57:29,1,250
5012,REF-1024,99,2026-02-20 11:02:29,1,450
5013,REF-1017,243,2026-02-20 11:40:29,1,350
5014,REF-1000,440,2026-02-20 11:43:29,1,999
5015,REF-1013,205,2026-02-20 13:50:29,1,299
5016,REF-1019,107,2026-02-20 14:32:29,1,850
5017,REF-1002,118,2026-02-20 15:23:29,1,1199
5018,REF-1014,165,2026-02-20 16:14:29,1,299
5019,REF-1025,384,2026-02-20 17:49:29,1,450
5020,REF-1029,348,2026-02-20 18:11:29,1,220
5021,REF-1027,323,2026-02-20 19:34:29,1,220
5022,REF-1017,339,2026-02-20 20:20:29,1,350
5023,REF-1009,137,2026-02-20 21:09:29,1,1299
5024,REF-1024,200,2026-02-20 22:53:29,1,450
5025,REF-1027,340,2026-02-21 00:09:29,1,220
5026,REF-1002,41,2026-02-21 02:41:29,1,1199
5027,REF-1023,8,2026-02-21 02:46:29,1,400
5028,REF-1022,484,2026-02-21 03:53:29,1,400
5029,REF-1000,137,2026-02-21 05:23:29,1,999
5030,REF-1008,93,2026-02-21 05:32:29,1,899
5031,REF-1024,84,2026-02-21 05:50:29,1,450
5032,REF-1008,299,2026-02-21 06:39:29,1,899
5033,REF-1008,353,2026-02-21 06:45:29,1,899
5034,REF-1026,440,2026-02-21 07:51:29,1,450
5035,REF-1012,34,2026-02-21 08:24:29,1,450
5036,REF-1007,430,2026-02-21 09:05:29,1,899
5037,REF-1016,224,2026-02-21 11:18:29,1,350
5038,REF-1006,35,2026-02-21 12:52:29,1,799
5039,REF-1028,93,2026-02-21 13:24:29,1,220
5040,REF-1029,230,2026-02-21 13:50:29,1,220
5041,REF-1013,382,2026-02-21 14:42:29,1,299
5042,REF-1025,482,2026-02-21 14:56:29,1,450
5043,REF-1003,258,2026-02-21 15:11:29,2,2398
5044,REF-1003,242,2026-02-21 16:18:29,1,1199
5045,REF-1028,204,2026-02-21 20:17:29,1,220
5046,REF-1028,311,2026-02-21 20:58:29,1,220
5047,REF-1026,374,2026-02-21 21:24:29,1,450
5048,REF-1022,182,2026-02-21 21:31:29,1,400
5049,REF-1029,110,2026-02-22 00:04:29,2,440
5050,REF-1020,71,2026-02-22 00:32:29,1,250
5051,REF-1014,68,2026-02-22 01:07:29,1,299
5052,REF-1009,349,2026-02-22 02:10:29,1,1299
5053,REF-1025,474,2026-02-22 02:23:29,1,450
5054,REF-1013,400,2026-02-22 03:06:29,1,299
5055,REF-1029,21,2026-02-22 05:00:29,1,220
5056,REF-1015,312,2026-02-22 05:31:29,1,299
5057,REF-1003,423,2026-02-22 05:35:29,1,1199
5058,REF-1006,127,2026-02-22 05:40:29,3,2397
5059,REF-1017,279,2026-02-22 05:58:29,1,350
5060,REF-1010,272,2026-02-22 08:33:29,1,1299
5061,REF-1021,229,2026-02-22 08:51:29,1,250
5062,REF-1009,44,2026-02-22 09:39:29,2,2598
5063,REF-1001,110,2026-02-22 10:41:29,1,999
5064,REF-1026,465,2026-02-22 13:02:29,3,1350
5065,REF-1026,70,2026-02-22 14:18:29,1,450
5066,REF-1015,422,2026-02-22 16:42:29,1,299
5067,REF-1027,138,2026-02-22 17:15:29,1,220
5068,REF-1028,68,2026-02-22 19:17:29,1,220
5069,REF-1006,38,2026-02-22 20:23:29,1,799
5070,REF-1015,469,2026-02-22 20:37:29,1,299
5071,REF-1008,265,2026-02-22 22:04:29,1,899
5072,REF-1000,48,2026-02-22 22:07:29,1,999
5073,REF-1014,254,2026-02-22 23:00:29,1,299
5074,REF-1028,344,2026-02-23 00:37:29,1,220
5075,REF-1027,81,2026-02-23 01:07:29,1,220
5076,REF-1023,156,2026-02-23 01:15:29,1,400
5077,REF-1027,359,2026-02-23 01:40:29,1,220
5078,REF-1004,159,2026-02-23 01:54:29,2,2398
5079,REF-1006,177,2026-02-23 01:58:29,1,799
5080,REF-1002,47,2026-02-23 02:43:29,3,3597
5081,REF-1017,324,2026-02-23 03:34:29,1,350
5082,REF-1024,92,2026-02-23 04:18:29,1,450
5083,REF-1017,478,2026-02-23 05:36:29,2,700
5084,REF-1015,292,2026-02-23 05:37:29,1,299
5085,REF-1001,107,2026-02-23 06:16:29,2,1998
5086,REF-1028,472,2026-02-23 06:54:29,1,220
5087,REF-1003,206,2026-02-23 09:32:29,1,1199
5088,REF-1029,212,2026-02-23 10:07:29,1,220
5089,REF-1024,175,2026-02-23 10:30:29,1,450
5090,REF-1006,344,2026-02-23 10:39:29,1,799
5091,REF-1007,50,2026-02-23 12:01:29,1,899
5092,REF-1002,57,2026-02-23 13:15:29,1,1199
5093,REF-1025,388,2026-02-23 13:31:29,1,450
5094,REF-1003,239,2026-02-23 13:41:29,2,2398
5095,REF-1017,304,2026-02-23 14:28:29,1,350
5096,REF-1000,100,2026-02-23 15:06:29,1,999
5097,REF-1024,464,2026-02-23 15:50:29,1,450
5098,REF-1028,499,2026-02-23 17:14:29,2,440
5099,REF-1024,249,2026-02-23 17:52:29,1,450
5100,REF-1011,233,2026-02-23 18:10:29,1,450
5101,REF-1003,470,2026-02-23 18:20:29,1,1199
5102,REF-1003,403,2026-02-23 18:58:29,1,1199
5103,REF-1008,124,2026-02-23 19:09:29,1,899
5104,REF-1001,275,2026-02-23 20:30:29,3,2997
5105,REF-1029,328,2026-02-23 21:14:29,1,220
5106,REF-1000,465,2026-02-23 21:37:29,1,999
5107,REF-1020,416,2026-02-23 23:38:29,1,250
5108,REF-1001,284,2026-02-23 23:56:29,1,999
5109,REF-1012,276,2026-02-24 01:02:29,1,450
5110,REF-1007,92,2026-02-24 04:08:29,1,899
5111,REF-1028,156,2026-02-24 04:59:29,1,220
5112,REF-1005,267,2026-02-24 05:13:29,2,1598
5113,REF-1018,28,2026-02-24 05:50:29,1,850
5114,REF-1004,125,2026-02-24 06:04:29,1,1199
5115,REF-1018,430,2026-02-24 06:13:29,1,850
5116,REF-1009,223,2026-02-24 07:33:29,1,1299
5117,REF-1029,387,2026-02-24 09:34:29,1,220
5118,REF-1021,291,2026-02-24 10:37:29,1,250
5119,REF-1027,277,2026-02-24 10:43:29,1,220
5120,REF-1013,127,2026-02-24 14:53:29,1,299
5121,REF-1007,431,2026-02-24 16:19:29,1,899
5122,REF-1024,109,2026-02-24 16:41:29,1,450
5123,REF-1010,215,2026-02-24 16:47:29,1,1299
5124,REF-1021,65,2026-02-24 17:44:29,5,1250
5125,REF-1011,5,2026-02-24 19:13:29,1,450
5126,REF-1020,202,2026-02-24 19:41:29,1,250
5127,REF-1011,399,2026-02-24 20:13:29,1,450
5128,REF-1013,288,2026-02-24 21:04:29,1,299
5129,REF-1001,246,2026-02-24 21:39:29,1,999
5130,REF-1012,163,2026-02-24 22:05:29,1,450
5131,REF-1013,384,2026-02-24 23:44:29,1,299
5132,REF-1021,417,2026-02-24 23:50:29,1,250
5133,REF-1013,117,2026-02-25 00:05:29,1,299
5134,REF-1025,352,2026-02-25 00:13:29,1,450
5135,REF-1003,331,2026-02-25 00:29:29,1,1199
5136,REF-1024,429,2026-02-25 00:29:29,1,450
5137,REF-1015,81,2026-02-25 02:20:29,1,299
5138,REF-1026,265,2026-02-25 02:46:29,1,450
5139,REF-1004,50,2026-02-25 03:16:29,1,1199
5140,REF-1014,12,2026-02-25 03:39:29,1,299
5141,REF-1017,346,2026-02-25 07:15:29,1,350
5142,REF-1002,70,2026-02-25 07:33:29,1,1199
5143,REF-1015,265,2026-02-25 07:34:29,2,598
5144,REF-1029,154,2026-02-25 07:47:29,1,220
5145,REF-1020,429,2026-02-25 07:49:29,1,250
5146,REF-1005,135,2026-02-25 08:03:29,1,799
5147,REF-1009,212,2026-02-25 08:53:29,2,2598
5148,REF-1018,402,2026-02-25 09:18:29,1,850
5149,REF-1029,459,2026-02-25 12:09:29,1,220
5150,REF-1021,476,2026-02-25 13:17:29,1,250
5151,REF-1005,11,2026-02-25 14:00:29,1,799
5152,REF-1027,47,2026-02-25 15:06:29,3,660
5153,REF-1004,326,2026-02-25 15:37:29,4,4796
5154,REF-1025,142,2026-02-25 17:15:29,1,450
5155,REF-1024,462,2026-02-25 17:39:29,1,450
5156,REF-1004,374,2026-02-25 18:30:29,1,1199
5157,REF-1022,126,2026-02-25 19:14:29,1,400
5158,REF-1017,137,2026-02-25 19:14:29,1,350
5159,REF-1004,20,2026-02-25 19:45:29,1,1199
5160,REF-1026,468,2026-02-25 21:53:29,1,450
5161,REF-1000,28,2026-02-25 22:13:29,1,999
5162,REF-1001,336,2026-02-25 23:45:29,1,999
5163,REF-1001,39,2026-02-26 02:32:29,1,999
5164,REF-1010,484,2026-02-26 03:00:29,1,1299
5165,REF-1008,255,2026-02-26 03:24:29,1,899
5166,REF-1022,159,2026-02-26 03:26:29,2,800
5167,REF-1011,160,2026-02-26 04:13:29,1,450
5168,REF-1029,459,2026-02-26 04:41:29,1,220
5169,REF-1013,134,2026-02-26 07:52:29,1,299
5170,REF-1011,169,2026-02-26 08:10:29,1,450
5171,REF-1019,440,2026-02-26 11:25:29,1,850
5172,REF-1011,241,2026-02-26 12:09:29,2,900
5173,REF-1010,215,2026-02-26 15:37:29,1,1299
5174,REF-1005,477,2026-02-26 16:49:29,1,799
5175,REF-1021,313,2026-02-26 17:19:29,2,500
5176,REF-1001,200,2026-02-26 17:30:29,1,999
5177,REF-1011,371,2026-02-26 17:38:29,1,450
5178,REF-1012,215,2026-02-26 19:22:29,1,450
5179,REF-1014,466,2026-02-26 20:39:29,1,299
5180,REF-1024,334,2026-02-26 22:11:29,1,450
5181,REF-1010,394,2026-02-26 22:14:29,1,1299
5182,REF-1023,100,2026-02-26 23:49:29,1,400
5183,REF-1018,435,2026-02-27 00:27:29,1,850
5184,REF-1005,25,2026-02-27 01:57:29,1,799
5185,REF-1024,255,2026-02-27 02:34:29,1,450
5186,REF-1022,164,2026-02-27 04:30:29,1,400
5187,REF-1006,365,2026-02-27 04:39:29,1,799
5188,REF-1024,374,2026-02-27 07:03:29,1,450
5189,REF-1019,441,2026-02-27 07:36:29,1,850
5190,REF-1000,148,2026-02-27 07:51:29,1,999
5191,REF-1014,15,2026-02-27 08:15:29,1,299
5192,REF-1027,203,2026-02-27 08:34:29,1,220
5193,REF-1021,7,2026-02-27 09:18:29,1,250
5194,REF-1004,259,2026-02-27 10:27:29,1,1199
5195,REF-1022,166,2026-02-27 10:57:29,1,400
5196,REF-1002,323,2026-02-27 12:34:29,1,1199
5197,REF-1005,273,2026-02-27 13:29:29,1,799
5198,REF-1003,89,2026-02-27 14:36:29,1,1199
5199,REF-1003,265,2026-02-27 14:46:29,1,1199
5200,REF-1002,354,2026-02-27 15:51:29,2,2398
5201,REF-1017,236,2026-02-27 16:29:29,1,350
5202,REF-1017,179,2026-02-27 16:57:29,2,700
5203,REF-1021,404,2026-02-27 18:36:29,1,250
5204,REF-1008,106,2026-02-27 19:13:29,1,899
5205,REF-1014,47,2026-02-27 20:42:29,1,299
5206,REF-1029,236,2026-02-27 21:52:29,1,220
5207,REF-1021,351,2026-02-27 22:21:29,2,500
5208,REF-1021,222,2026-02-27 22:37:29,1,250
5209,REF-1022,423,2026-02-27 22:54:29,1,400
5210,REF-1022,293,2026-02-28 00:05:29,2,800
5211,REF-1015,291,2026-02-28 01:28:29,1,299
5212,REF-1013,401,2026-02-28 01:59:29,1,299
5213,REF-1020,491,2026-02-28 04:32:29,2,500
5214,REF-1024,443,2026-02-28 05:34:29,1,450
5215,REF-1007,397,2026-02-28 06:21:29,4,3596
5216,REF-1010,258,2026-02-28 07:30:29,1,1299
5217,REF-1017,371,2026-02-28 08:02:29,1,350
5218,REF-1024,180,2026-02-28 08:57:29,1,450
5219,REF-1017,94,2026-02-28 09:55:29,1,350
5220,REF-1008,466,2026-02-28 10:59:29,2,1798
5221,REF-1028,262,2026-02-28 11:38:29,1,220
5222,REF-1012,450,2026-02-28 12:09:29,1,450
5223,REF-1007,239,2026-02-28 14:55:29,1,899
5224,REF-1006,202,2026-02-28 15:14:29,1,799
5225,REF-1014,341,2026-02-28 15:32:29,1,299
5226,REF-1012,468,2026-02-28 15:50:29,1,450
5227,REF-1006,361,2026-02-28 17:15:29,1,799
5228,REF-1019,64,2026-02-28 18:53:29,2,1700
5229,REF-1006,221,2026-02-28 19:09:29,1,799
5230,REF-1014,179,2026-02-28 19:49:29,1,299
5231,REF-1014,310,2026-02-28 20:01:29,1,299
5232,REF-1021,92,2026-02-28 20:12:29,1,250
5233,REF-1003,437,2026-02-28 21:21:29,1,1199
5234,REF-1022,121,2026-02-28 22:36:29,1,400
5235,REF-1020,331,2026-02-28 23:58:29,1,250
5236,REF-1026,489,2026-02-28 23:58:29,1,450
5237,REF-1022,5,2026-03-01 00:55:29,1,400
5238,REF-1001,57,2026-03-01 01:25:29,2,1998
5239,REF-1007,362,2026-03-01 02:06:29,1,899
5240,REF-1025,430,2026-03-01 02:10:29,3,1350
5241,REF-1000,324,2026-03-01 02:52:29,1,999
5242,REF-1013,197,2026-03-01 05:22:29,2,598
5243,REF-1028,43,2026-03-01 05:40:29,1,220
5244,REF-1025,5,2026-03-01 06:22:29,1,450
5245,REF-1027,44,2026-03-01 06:34:29,1,220
5246,REF-1027,213,2026-03-01 07:07:29,1,220
5247,REF-1015,160,2026-03-01 08:00:29,1,299
5248,REF-1011,95,2026-03-01 08:04:29,1,450
5249,REF-1002,354,2026-03-01 09:04:29,1,1199
5250,REF-1017,199,2026-03-01 10:16:29,1,350
5251,REF-1026,383,2026-03-01 11:03:29,1,450
5252,REF-1023,14,2026-03-01 11:30:29,1,400
5253,REF-1022,462,2026-03-01 11:59:29,1,400
5254,REF-1016,290,2026-03-01 12:41:29,1,350
5255,REF-1011,365,2026-03-01 16:41:29,3,1350
5256,REF-1001,95,2026-03-01 17:34:29,1,999
5257,REF-1027,184,2026-03-01 18:35:29,1,220
5258,REF-1002,170,2026-03-01 19:08:29,1,1199
5259,REF-1020,285,2026-03-01 19:22:29,1,250
5260,REF-1009,339,2026-03-01 22:50:29,1,1299
5261,REF-1029,133,2026-03-02 01:40:29,1,220
5262,REF-1001,81,2026-03-02 01:41:29,1,999
5263,REF-1016,41,2026-03-02 03:31:29,1,350
5264,REF-1024,98,2026-03-02 07:36:29,1,450
5265,REF-1010,408,2026-03-02 08:32:29,1,1299
5266,REF-1027,66,2026-03-02 08:48:29,1,220
5267,REF-1012,459,2026-03-02 09:09:29,1,450
5268,REF-1029,420,2026-03-02 11:35:29,1,220
5269,REF-1020,274,2026-03-02 11:40:29,1,250
5270,REF-1009,330,2026-03-02 12:21:29,2,2598
5271,REF-1028,204,2026-03-02 13:32:29,1,220
5272,REF-1014,168,2026-03-02 13:51:29,1,299
5273,REF-1010,471,2026-03-02 14:57:29,2,2598
5274,REF-1022,37,2026-03-02 15:45:29,1,400
5275,REF-1025,323,2026-03-02 15:56:29,1,450
5276,REF-1014,395,2026-03-02 16:10:29,1,299
5277,REF-1006,437,2026-03-02 16:14:29,1,799
5278,REF-1023,240,2026-03-02 16:22:29,1,400
5279,REF-1002,430,2026-03-02 17:36:29,2,2398
5280,REF-1010,430,2026-03-02 18:20:29,3,3897
5281,REF-1013,332,2026-03-02 18:24:29,1,299
5282,REF-1012,123,2026-03-02 19:28:29,1,450
5283,REF-1024,191,2026-03-02 19:36:29,1,450
5284,REF-1024,103,2026-03-02 20:17:29,1,450
5285,REF-1019,161,2026-03-02 20:36:29,2,1700
5286,REF-1014,15,2026-03-02 21:22:29,1,299
5287,REF-1005,368,2026-03-02 21:55:29,1,799
5288,REF-1004,111,2026-03-02 23:34:29,1,1199
5289,REF-1025,207,2026-03-02 23:42:29,1,450
5290,REF-1023,362,2026-03-03 00:50:29,1,400
5291,REF-1000,441,2026-03-03 00:52:29,1,999
5292,REF-1028,109,2026-03-03 01:01:29,1,220
5293,REF-1002,345,2026-03-03 02:01:29,1,1199
5294,REF-1018,476,2026-03-03 03:41:29,1,850
5295,REF-1009,350,2026-03-03 04:46:29,1,1299
5296,REF-1020,290,2026-03-03 05:55:29,1,250
5297,REF-1004,344,2026-03-03 06:57:29,1,1199
5298,REF-1000,296,2026-03-03 08:23:29,1,999
5299,REF-1008,310,2026-03-03 11:49:29,1,899
5300,REF-1021,281,2026-03-03 11:59:29,1,250
5301,REF-1015,325,2026-03-03 12:03:29,1,299
5302,REF-1007,438,2026-03-03 12:19:29,1,899
5303,REF-1000,17,2026-03-03 14:52:29,3,2997
5304,REF-1021,317,2026-03-03 15:38:29,1,250
5305,REF-1000,487,2026-03-03 18:13:29,1,999
5306,REF-1017,69,2026-03-03 21:38:29,2,700
5307,REF-1008,493,2026-03-03 21:55:29,1,899
5308,REF-1012,16,2026-03-03 23:31:29,1,450
5309,REF-1020,442,2026-03-04 00:48:29,1,250
5310,REF-1010,152,2026-03-04 00:53:29,1,1299
5311,REF-1028,316,2026-03-04 01:46:29,1,220
5312,REF-1028,431,2026-03-04 02:15:29,1,220
5313,REF-1013,343,2026-03-04 02:52:29,1,299
5314,REF-1020,29,2026-03-04 03:27:29,1,250
5315,REF-1021,278,2026-03-04 03:42:29,1,250
5316,REF-1010,453,2026-03-04 04:18:29,1,1299
5317,REF-1013,333,2026-03-04 05:55:29,1,299
5318,REF-1000,206,2026-03-04 08:08:29,1,999
5319,REF-1000,457,2026-03-04 09:25:29,4,3996
5320,REF-1019,341,2026-03-04 11:14:29,1,850
5321,REF-1023,210,2026-03-04 11:37:29,1,400
5322,REF-1011,393,2026-03-04 11:44:29,1,450
5323,REF-1025,163,2026-03-04 12:09:29,1,450
5324,REF-1023,136,2026-03-04 13:29:29,2,800
5325,REF-1029,227,2026-03-04 13:30:29,1,220
5326,REF-1017,132,2026-03-04 14:32:29,1,350
5327,REF-1020,441,2026-03-04 14:35:29,2,500
5328,REF-1011,455,2026-03-04 15:45:29,1,450
5329,REF-1001,109,2026-03-04 16:50:29,1,999
5330,REF-1006,60,2026-03-04 18:27:29,1,799
5331,REF-1021,491,2026-03-04 18:39:29,1,250
5332,REF-1008,2,2026-03-04 19:29:29,2,1798
5333,REF-1028,236,2026-03-04 19:43:29,1,220
5334,REF-1015,240,2026-03-04 21:41:29,1,299
5335,REF-1028,236,2026-03-04 21:54:29,3,660
5336,REF-1011,272,2026-03-04 22:01:29,1,450
5337,REF-1002,392,2026-03-04 22:26:29,1,1199
5338,REF-1021,115,2026-03-05 00:18:29,1,250
5339,REF-1004,235,2026-03-05 02:09:29,1,1199
5340,REF-1020,242,2026-03-05 02:21:29,1,250
5341,REF-1014,250,2026-03-05 02:36:29,1,299
5342,REF-1001,267,2026-03-05 03:56:29,1,999
5343,REF-1028,490,2026-03-05 05:27:29,1,220
5344,REF-1004,460,2026-03-05 05:38:29,1,1199
5345,REF-1001,110,2026-03-05 05:43:29,1,999
5346,REF-1000,157,2026-03-05 06:08:29,1,999
5347,REF-1029,185,2026-03-05 06:35:29,2,440
5348,REF-1028,170,2026-03-05 06:37:29,1,220
5349,REF-1013,392,2026-03-05 07:08:29,1,299
5350,REF-1007,105,2026-03-05 08:12:29,1,899
5351,REF-1022,176,2026-03-05 08:28:29,1,400
5352,REF-1021,315,2026-03-05 12:33:29,1,250
5353,REF-1020,410,2026-03-05 13:08:29,1,250
5354,REF-1011,492,2026-03-05 14:22:29,1,450
5355,REF-1010,329,2026-03-05 14:28:29,1,1299
5356,REF-1011,469,2026-03-05 15:11:29,1,450
5357,REF-1028,353,2026-03-05 15:19:29,1,220
5358,REF-1001,95,2026-03-05 16:45:29,1,999
5359,REF-1011,37,2026-03-05 16:51:29,1,450
5360,REF-1025,317,2026-03-05 16:55:29,1,450
5361,REF-1024,71,2026-03-05 17:13:29,1,450
5362,REF-1029,30,2026-03-05 18:17:29,1,220
5363,REF-1029,154,2026-03-05 19:05:29,1,220
5364,REF-1020,179,2026-03-05 19:09:29,1,250
5365,REF-1020,240,2026-03-05 20:37:29,1,250
5366,REF-1008,231,2026-03-05 23:48:29,1,899
5367,REF-1010,325,2026-03-05 23:58:29,1,1299
5368,REF-1005,497,2026-03-06 00:41:29,1,799
5369,REF-1007,21,2026-03-06 01:47:29,5,4495
5370,REF-1014,35,2026-03-06 02:51:29,1,299
5371,REF-1010,245,2026-03-06 02:53:29,1,1299
5372,REF-1006,250,2026-03-06 04:17:29,1,799
5373,REF-1023,272,2026-03-06 04:20:29,1,400
5374,REF-1012,390,2026-03-06 05:17:29,2,900
5375,REF-1021,480,2026-03-06 06:18:29,1,250
5376,REF-1002,268,2026-03-06 07:12:29,1,1199
5377,REF-1025,245,2026-03-06 07:54:29,1,450
5378,REF-1022,224,2026-03-06 08:12:29,1,400
5379,REF-1024,426,2026-03-06 08:52:29,1,450
5380,REF-1027,49,2026-03-06 10:06:29,1,220
5381,REF-1022,468,2026-03-06 10:56:29,1,400
5382,REF-1002,473,2026-03-06 11:13:29,1,1199
5383,REF-1029,32,2026-03-06 12:04:29,1,220
5384,REF-1000,209,2026-03-06 13:10:29,1,999
5385,REF-1005,165,2026-03-06 13:11:29,1,799
5386,REF-1028,283,2026-03-06 13:15:29,2,440
5387,REF-1018,250,2026-03-06 15:14:29,1,850
5388,REF-1011,62,2026-03-06 16:04:29,1,450
5389,REF-1024,232,2026-03-06 16:13:29,1,450
5390,REF-1014,384,2026-03-06 17:18:29,5,1495
5391,REF-1028,489,2026-03-06 19:59:29,1,220
5392,REF-1028,307,2026-03-06 21:52:29,1,220
5393,REF-1025,313,2026-03-06 22:57:29,1,450
5394,REF-1015,312,2026-03-06 23:04:29,1,299
5395,REF-1003,180,2026-03-07 01:40:29,1,1199
5396,REF-1028,320,2026-03-07 04:11:29,1,220
5397,REF-1026,388,2026-03-07 04:38:29,1,450
5398,REF-1026,146,2026-03-07 05:10:29,1,450
5399,REF-1021,242,2026-03-07 05:16:29,1,250
5400,REF-1024,21,2026-03-07 06:13:29,2,900
5401,REF-1009,248,2026-03-07 06:24:29,1,1299
5402,REF-1004,396,2026-03-07 06:55:29,1,1199
5403,REF-1022,132,2026-03-07 06:55:29,1,400
5404,REF-1003,55,2026-03-07 07:51:29,1,1199
5405,REF-1024,345,2026-03-07 07:57:29,1,450
5406,REF-1029,111,2026-03-07 08:27:29,1,220
5407,REF-1021,398,2026-03-07 08:30:29,1,250
5408,REF-1026,97,2026-03-07 09:19:29,1,450
5409,REF-1002,107,2026-03-07 10:24:29,1,1199
5410,REF-1007,428,2026-03-07 11:39:29,1,899
5411,REF-1011,355,2026-03-07 12:00:29,1,450
5412,REF-1025,401,2026-03-07 12:06:29,1,450
5413,REF-1021,150,2026-03-07 12:19:29,1,250
5414,REF-1005,429,2026-03-07 13:15:29,1,799
5415,REF-1014,499,2026-03-07 13:34:29,1,299
5416,REF-1016,176,2026-03-07 14:24:29,1,350
5417,REF-1007,52,2026-03-07 15:18:29,1,899
5418,REF-1024,272,2026-03-07 15:37:29,1,450
5419,REF-1006,142,2026-03-07 17:29:29,1,799
5420,REF-1000,108,2026-03-07 18:08:29,1,999
5421,REF-1015,474,2026-03-07 18:46:29,3,897
5422,REF-1027,21,2026-03-07 19:14:29,1,220
5423,REF-1007,178,2026-03-07 22:04:29,1,899
5424,REF-1023,47,2026-03-07 22:11:29,1,400
5425,REF-1003,70,2026-03-08 01:00:29,1,1199
5426,REF-1025,408,2026-03-08 02:39:29,1,450
5427,REF-1027,133,2026-03-08 03:18:29,1,220
5428,REF-1006,429,2026-03-08 03:56:29,1,799
5429,REF-1013,246,2026-03-08 04:05:29,1,299
5430,REF-1028,208,2026-03-08 05:32:29,1,220
5431,REF-1020,38,2026-03-08 06:43:29,1,250
5432,REF-1012,372,2026-03-08 07:24:29,1,450
5433,REF-1004,142,2026-03-08 08:05:29,1,1199
5434,REF-1010,85,2026-03-08 08:25:29,2,2598
5435,REF-1007,65,2026-03-08 08:45:29,3,2697
5436,REF-1023,363,2026-03-08 10:05:29,1,400
5437,REF-1024,86,2026-03-08 12:16:29,1,450
5438,REF-1007,9,2026-03-08 12:36:29,1,899
5439,REF-1002,149,2026-03-08 13:15:29,1,1199
5440,REF-1019,420,2026-03-08 14:20:29,1,850
5441,REF-1023,248,2026-03-08 15:18:29,1,400
5442,REF-1000,190,2026-03-08 17:04:29,1,999
5443,REF-1020,271,2026-03-08 17:16:29,2,500
5444,REF-1012,369,2026-03-08 17:31:29,1,450
5445,REF-1008,229,2026-03-08 17:34:29,1,899
5446,REF-1020,4,2026-03-08 18:43:29,2,500
5447,REF-1029,307,2026-03-08 19:23:29,1,220
5448,REF-1005,308,2026-03-08 21:24:29,1,799
5449,REF-1028,383,2026-03-08 22:29:29,1,220
5450,REF-1012,492,2026-03-08 23:23:29,1,450
5451,REF-1021,178,2026-03-09 01:12:29,1,250
5452,REF-1011,178,2026-03-09 01:33:29,1,450
5453,REF-1010,250,2026-03-09 01:41:29,1,1299
5454,REF-1015,280,2026-03-09 01:51:29,1,299
5455,REF-1022,309,2026-03-09 02:02:29,1,400
5456,REF-1016,112,2026-03-09 02:32:29,2,700
5457,REF-1017,282,2026-03-09 03:33:29,1,350
5458,REF-1018,266,2026-03-09 03:38:29,1,850
5459,REF-1000,77,2026-03-09 06:52:29,1,999
5460,REF-1026,87,2026-03-09 08:29:29,2,900
5461,REF-1025,353,2026-03-09 08:54:29,1,450
5462,REF-1014,377,2026-03-09 11:26:29,1,299
5463,REF-1027,406,2026-03-09 11:56:29,1,220
5464,REF-1018,471,2026-03-09 12:40:29,1,850
5465,REF-1012,251,2026-03-09 12:51:29,2,900
5466,REF-1019,36,2026-03-09 13:58:29,1,850
5467,REF-1003,430,2026-03-09 15:14:29,1,1199
5468,REF-1005,473,2026-03-09 15:35:29,2,1598
5469,REF-1000,148,2026-03-09 16:57:29,1,999
5470,REF-1007,372,2026-03-09 17:10:29,1,899
5471,REF-1029,312,2026-03-09 17:25:29,1,220
5472,REF-1005,13,2026-03-09 19:06:29,1,799
5473,REF-1002,352,2026-03-09 19:10:29,2,2398
5474,REF-1001,291,2026-03-09 19:34:29,1,999
5475,REF-1025,462,2026-03-09 20:27:29,1,450
5476,REF-1027,81,2026-03-09 20:59:29,1,220
5477,REF-1004,46,2026-03-09 21:02:29,1,1199
5478,REF-1021,34,2026-03-09 21:14:29,1,250
5479,REF-1025,402,2026-03-09 21:31:29,1,450
5480,REF-1014,151,2026-03-09 21:31:29,1,299
5481,REF-1011,332,2026-03-09 21:33:29,1,450
5482,REF-1010,399,2026-03-09 21:41:29,1,1299
5483,REF-1016,19,2026-03-09 22:21:29,2,700
5484,REF-1019,2,2026-03-09 23:06:29,1,850
5485,REF-1006,414,2026-03-10 02:16:29,4,3196
5486,REF-1018,332,2026-03-10 02:39:29,1,850
5487,REF-1023,299,2026-03-10 03:00:29,1,400
5488,REF-1002,229,2026-03-10 03:33:29,1,1199
5489,REF-1013,302,2026-03-10 04:05:29,1,299
5490,REF-1002,2,2026-03-10 04:50:29,1,1199
5491,REF-1027,274,2026-03-10 05:32:29,1,220
5492,REF-1010,108,2026-03-10 05:43:29,2,2598
5493,REF-1004,2,2026-03-10 07:24:29,1,1199
5494,REF-1027,230,2026-03-10 07:58:29,1,220
5495,REF-1004,298,2026-03-10 08:12:29,1,1199
5496,REF-1028,383,2026-03-10 08:24:29,1,220
5497,REF-1008,478,2026-03-10 13:20:29,1,899
5498,REF-1029,492,2026-03-10 14:04:29,1,220
5499,REF-1023,195,2026-03-10 14:31:29,1,400
5500,REF-1015,323,2026-03-10 15:20:29,1,299
5501,REF-1004,251,2026-03-10 16:16:29,2,2398
5502,REF-1009,306,2026-03-10 17:07:29,1,1299
5503,REF-1001,210,2026-03-10 17:29:29,1,999
5504,REF-1025,140,2026-03-10 17:36:29,2,900
5505,REF-1027,280,2026-03-10 18:18:29,3,660
5506,REF-1012,127,2026-03-10 18:48:29,2,900
5507,REF-1001,412,2026-03-10 20:19:29,1,999
5508,REF-1027,5,2026-03-10 20:21:29,2,440
5509,REF-1000,277,2026-03-10 20:35:29,1,999
5510,REF-1018,67,2026-03-10 22:32:29,1,850
5511,REF-1026,150,2026-03-11 00:12:29,1,450
5512,REF-1017,183,2026-03-11 00:42:29,1,350
5513,REF-1016,119,2026-03-11 00:46:29,1,350
5514,REF-1022,322,2026-03-11 00:54:29,3,1200
5515,REF-1020,43,2026-03-11 01:24:29,1,250
5516,REF-1022,272,2026-03-11 04:09:29,1,400
5517,REF-1015,266,2026-03-11 04:10:29,1,299
5518,REF-1021,207,2026-03-11 06:42:29,1,250
5519,REF-1022,417,2026-03-11 06:57:29,1,400
5520,REF-1012,63,2026-03-11 09:21:29,1,450
5521,REF-1013,397,2026-03-11 10:30:29,1,299
5522,REF-1013,145,2026-03-11 12:13:29,1,299
5523,REF-1003,206,2026-03-11 12:45:29,5,5995
5524,REF-1006,353,2026-03-11 13:10:29,1,799
5525,REF-1029,170,2026-03-11 14:09:29,1,220
5526,REF-1000,12,2026-03-11 14:23:29,1,999
5527,REF-1005,411,2026-03-11 14:51:29,1,799
5528,REF-1027,358,2026-03-11 15:52:29,1,220
5529,REF-1010,413,2026-03-11 16:25:29,1,1299
5530,REF-1021,80,2026-03-11 16:26:29,1,250
5531,REF-1021,280,2026-03-11 16:41:29,2,500
5532,REF-1000,233,2026-03-11 17:41:29,1,999
5533,REF-1008,60,2026-03-11 18:37:29,2,1798
5534,REF-1009,275,2026-03-11 19:25:29,1,1299
5535,REF-1027,398,2026-03-11 19:52:29,1,220
5536,REF-1019,498,2026-03-11 20:37:29,1,850
5537,REF-1015,414,2026-03-11 21:10:29,1,299
5538,REF-1026,252,2026-03-11 21:15:29,1,450
5539,REF-1017,333,2026-03-11 23:31:29,1,350
5540,REF-1015,335,2026-03-12 01:27:29,1,299
5541,REF-1019,280,2026-03-12 01:28:29,1,850
5542,REF-1027,183,2026-03-12 01:50:29,1,220
5543,REF-1001,235,2026-03-12 02:05:29,1,999
5544,REF-1001,106,2026-03-12 02:14:29,1,999
5545,REF-1024,210,2026-03-12 02:50:29,1,450
5546,REF-1024,495,2026-03-12 04:23:29,1,450
5547,REF-1026,242,2026-03-12 04:44:29,1,450
5548,REF-1018,360,2026-03-12 04:46:29,1,850
5549,REF-1006,68,2026-03-12 05:00:29,1,799
5550,REF-1011,367,2026-03-12 06:35:29,1,450
5551,REF-1005,80,2026-03-12 07:04:29,1,799
5552,REF-1014,314,2026-03-12 07:29:29,1,299
5553,REF-1020,20,2026-03-12 08:05:29,1,250
5554,REF-1024,49,2026-03-12 08:25:29,2,900
5555,REF-1028,309,2026-03-12 09:13:29,1,220
5556,REF-1018,160,2026-03-12 10:55:29,1,850
5557,REF-1017,107,2026-03-12 11:43:29,3,1050
5558,REF-1005,213,2026-03-12 12:45:29,1,799
5559,REF-1009,241,2026-03-12 13:28:29,1,1299
5560,REF-1001,64,2026-03-12 13:38:29,5,4995
5561,REF-1018,136,2026-03-12 14:21:29,1,850
5562,REF-1023,483,2026-03-12 14:22:29,4,1600
5563,REF-1011,32,2026-03-12 15:18:29,1,450
5564,REF-1029,274,2026-03-12 16:46:29,1,220
5565,REF-1012,410,2026-03-12 18:36:29,1,450
5566,REF-1022,207,2026-03-12 18:59:29,1,400
5567,REF-1010,66,2026-03-12 20:05:29,1,1299
5568,REF-1028,73,2026-03-12 20:30:29,1,220
5569,REF-1002,16,2026-03-12 21:28:29,1,1199
5570,REF-1024,225,2026-03-12 22:13:29,1,450
5571,REF-1001,355,2026-03-12 22:29:29,1,999
5572,REF-1009,64,2026-03-12 23:30:29,1,1299
5573,REF-1026,378,2026-03-12 23:40:29,1,450
5574,REF-1019,383,2026-03-13 00:10:29,1,850
5575,REF-1019,356,2026-03-13 00:35:29,1,850
5576,REF-1019,474,2026-03-13 01:21:29,1,850
5577,REF-1009,295,2026-03-13 02:32:29,1,1299
5578,REF-1003,110,2026-03-13 02:47:29,1,1199
5579,REF-1021,433,2026-03-13 06:31:29,1,250
5580,REF-1025,92,2026-03-13 07:01:29,1,450
5581,REF-1011,391,2026-03-13 08:12:29,1,450
5582,REF-1006,181,2026-03-13 09:06:29,1,799
5583,REF-1015,220,2026-03-13 10:18:29,1,299
5584,REF-1008,463,2026-03-13 11:01:29,1,899
5585,REF-1008,446,2026-03-13 11:52:29,1,899
5586,REF-1006,377,2026-03-13 12:00:29,1,799
5587,REF-1016,404,2026-03-13 12:30:29,1,350
5588,REF-1015,88,2026-03-13 12:58:29,1,299
5589,REF-1012,355,2026-03-13 13:06:29,1,450
5590,REF-1003,401,2026-03-13 13:18:29,1,1199
5591,REF-1023,222,2026-03-13 14:02:29,1,400
5592,REF-1001,449,2026-03-13 14:23:29,2,1998
5593,REF-1006,464,2026-03-13 14:59:29,1,799
5594,REF-1008,406,2026-03-13 16:03:29,1,899
5595,REF-1019,448,2026-03-13 16:05:29,1,850
5596,REF-1006,310,2026-03-13 17:55:29,1,799
5597,REF-1027,66,2026-03-13 18:11:29,1,220
5598,REF-1019,99,2026-03-13 18:31:29,1,850
5599,REF-1015,361,2026-03-13 18:36:29,2,598
5600,REF-1015,374,2026-03-13 19:12:29,1,299
5601,REF-1027,81,2026-03-13 20:50:29,1,220
5602,REF-1026,283,2026-03-13 20:59:29,1,450
5603,REF-1020,121,2026-03-13 21:08:29,1,250
5604,REF-1020,317,2026-03-13 21:22:29,1,250
5605,REF-1004,171,2026-03-13 21:45:29,1,1199
5606,REF-1025,129,2026-03-13 22:29:29,1,450
5607,REF-1012,123,2026-03-13 23:40:29,1,450
5608,REF-1006,344,2026-03-14 00:34:29,1,799
5609,REF-1013,73,2026-03-14 01:35:29,2,598
5610,REF-1001,172,2026-03-14 02:33:29,1,999
5611,REF-1017,390,2026-03-14 03:18:29,1,350
5612,REF-1008,343,2026-03-14 03:25:29,1,899
5613,REF-1009,80,2026-03-14 04:40:29,1,1299
5614,REF-1018,217,2026-03-14 07:04:29,1,850
5615,REF-1004,75,2026-03-14 07:26:29,1,1199
5616,REF-1012,384,2026-03-14 07:35:29,1,450
5617,REF-1015,467,2026-03-14 09:01:29,1,299
5618,REF-1013,284,2026-03-14 09:31:29,1,299
5619,REF-1009,56,2026-03-14 10:08:29,5,6495
5620,REF-1004,176,2026-03-14 11:05:29,1,1199
5621,REF-1011,76,2026-03-14 11:48:29,1,450
5622,REF-1009,260,2026-03-14 12:03:29,1,1299
5623,REF-1004,198,2026-03-14 14:55:29,1,1199
5624,REF-1012,464,2026-03-14 16:14:29,1,450
5625,REF-1017,70,2026-03-14 16:29:29,1,350
5626,REF-1015,212,2026-03-14 18:29:29,2,598
5627,REF-1012,315,2026-03-14 18:54:29,1,450
5628,REF-1021,261,2026-03-14 22:16:29,1,250
5629,REF-1013,281,2026-03-14 23:42:29,1,299
5630,REF-1009,105,2026-03-14 23:52:29,1,1299
5631,REF-1007,269,2026-03-15 01:17:29,1,899
5632,REF-1023,67,2026-03-15 01:46:29,1,400
5633,REF-1007,325,2026-03-15 02:04:29,1,899
5634,REF-1019,218,2026-03-15 02:19:29,1,850
5635,REF-1015,443,2026-03-15 04:02:29,1,299
5636,REF-1024,261,2026-03-15 04:33:29,1,450
5637,REF-1014,394,2026-03-15 06:34:29,1,299
5638,REF-1009,97,2026-03-15 06:51:29,1,1299
5639,REF-1021,29,2026-03-15 07:07:29,1,250
5640,REF-1011,320,2026-03-15 07:41:29,5,2250
5641,REF-1004,381,2026-03-15 08:45:29,1,1199
5642,REF-1003,69,2026-03-15 12:11:29,1,1199
5643,REF-1018,336,2026-03-15 12:28:29,1,850
5644,REF-1026,309,2026-03-15 13:31:29,1,450
5645,REF-1014,13,2026-03-15 13:57:29,1,299
5646,REF-1001,284,2026-03-15 14:13:29,1,999
5647,REF-1013,233,2026-03-15 14:22:29,2,598
5648,REF-1028,463,2026-03-15 15:14:29,2,440
5649,REF-1025,182,2026-03-15 15:37:29,1,450
5650,REF-1026,377,2026-03-15 16:56:29,1,450
5651,REF-1014,150,2026-03-15 17:38:29,1,299
5652,REF-1024,88,2026-03-15 17:59:29,2,900
5653,REF-1028,299,2026-03-15 18:18:29,2,440
5654,REF-1018,359,2026-03-15 19:04:29,1,850
5655,REF-1029,325,2026-03-15 19:56:29,1,220
5656,REF-1016,224,2026-03-15 20:02:29,1,350
5657,REF-1028,494,2026-03-15 21:19:29,5,1100
5658,REF-1008,110,2026-03-15 22:50:29,1,899
5659,REF-1028,1,2026-03-15 22:53:29,1,220
5660,REF-1001,426,2026-03-15 23:48:29,1,999
5661,REF-1022,233,2026-03-16 00:37:29,1,400
5662,REF-1011,98,2026-03-16 02:53:29,2,900
5663,REF-1009,105,2026-03-16 03:23:29,1,1299
5664,REF-1027,436,2026-03-16 04:10:29,1,220
5665,REF-1023,84,2026-03-16 04:27:29,1,400
5666,REF-1002,473,2026-03-16 05:02:29,1,1199
5667,REF-1021,292,2026-03-16 05:31:29,2,500
5668,REF-1016,104,2026-03-16 06:30:29,1,350
5669,REF-1014,402,2026-03-16 06:39:29,1,299
5670,REF-1014,140,2026-03-16 06:42:29,1,299
5671,REF-1021,48,2026-03-16 08:04:29,1,250
5672,REF-1022,96,2026-03-16 08:33:29,1,400
5673,REF-1021,182,2026-03-16 08:56:29,1,250
5674,REF-1020,393,2026-03-16 09:37:29,1,250
5675,REF-1005,199,2026-03-16 12:09:29,1,799
5676,REF-1008,429,2026-03-16 12:30:29,1,899
5677,REF-1022,184,2026-03-16 12:56:29,1,400
5678,REF-1005,240,2026-03-16 13:50:29,1,799
5679,REF-1004,367,2026-03-16 14:54:29,1,1199
5680,REF-1016,467,2026-03-16 15:22:29,1,350
5681,REF-1019,221,2026-03-16 15:23:29,1,850
5682,REF-1002,309,2026-03-16 16:11:29,1,1199
5683,REF-1028,217,2026-03-16 16:14:29,1,220
5684,REF-1018,440,2026-03-16 20:26:29,2,1700
5685,REF-1026,203,2026-03-16 20:33:29,1,450
5686,REF-1009,264,2026-03-16 21:18:29,1,1299
5687,REF-1006,104,2026-03-16 21:19:29,1,799
5688,REF-1004,463,2026-03-16 21:36:29,1,1199
5689,REF-1014,318,2026-03-16 22:13:29,2,598
5690,REF-1002,362,2026-03-16 22:44:29,1,1199
5691,REF-1023,415,2026-03-16 23:05:29,1,400
5692,REF-1005,267,2026-03-16 23:11:29,1,799
5693,REF-1009,26,2026-03-17 00:14:29,1,1299
5694,REF-1000,242,2026-03-17 00:49:29,1,999
5695,REF-1017,41,2026-03-17 01:04:29,1,350
5696,REF-1013,401,2026-03-17 03:16:29,1,299
5697,REF-1019,3,2026-03-17 03:37:29,3,2550
5698,REF-1011,263,2026-03-17 03:50:29,1,450
5699,REF-1001,197,2026-03-17 05:39:29,1,999
5700,REF-1012,88,2026-03-17 07:37:29,1,450
5701,REF-1026,473,2026-03-17 09:14:29,2,900
5702,REF-1024,375,2026-03-17 10:08:29,3,1350
5703,REF-1022,207,2026-03-17 10:12:29,1,400
5704,REF-1020,110,2026-03-17 10:17:29,1,250
5705,REF-1011,334,2026-03-17 10:46:29,1,450
5706,REF-1022,145,2026-03-17 11:44:29,1,400
5707,REF-1021,99,2026-03-17 12:07:29,2,500
5708,REF-1017,152,2026-03-17 14:27:29,1,350
5709,REF-1023,126,2026-03-17 15:40:29,2,800
5710,REF-1019,367,2026-03-17 16:25:29,1,850
5711,REF-1001,343,2026-03-17 17:42:29,1,999
5712,REF-1020,98,2026-03-17 19:20:29,2,500
5713,REF-1024,372,2026-03-17 19:25:29,4,1800
5714,REF-1003,241,2026-03-17 20:31:29,1,1199
5715,REF-1014,373,2026-03-17 21:09:29,1,299
5716,REF-1028,338,2026-03-17 22:38:29,1,220
5717,REF-1026,364,2026-03-17 23:10:29,1,450
5718,REF-1002,14,2026-03-17 23:27:29,1,1199
5719,REF-1024,117,2026-03-18 02:13:29,1,450
5720,REF-1011,97,2026-03-18 04:25:29,3,1350
5721,REF-1023,432,2026-03-18 04:39:29,1,400
5722,REF-1000,43,2026-03-18 04:49:29,2,1998
5723,REF-1010,463,2026-03-18 05:52:29,1,1299
5724,REF-1023,147,2026-03-18 06:00:29,1,400
5725,REF-1028,57,2026-03-18 06:59:29,1,220
5726,REF-1008,392,2026-03-18 07:37:29,1,899
5727,REF-1016,59,2026-03-18 09:47:29,1,350
5728,REF-1002,353,2026-03-18 10:44:29,1,1199
5729,REF-1008,474,2026-03-18 11:15:29,1,899
5730,REF-1012,321,2026-03-18 13:01:29,1,450
5731,REF-1005,61,2026-03-18 13:07:29,1,799
5732,REF-1021,474,2026-03-18 14:41:29,1,250
5733,REF-1011,372,2026-03-18 15:11:29,1,450
5734,REF-1000,24,2026-03-18 17:45:29,1,999
5735,REF-1017,469,2026-03-18 17:58:29,1,350
5736,REF-1023,256,2026-03-18 18:45:29,1,400
5737,REF-1010,264,2026-03-18 19:13:29,3,3897
5738,REF-1016,224,2026-03-18 19:42:29,2,700
5739,REF-1004,211,2026-03-18 19:42:29,5,5995
5740,REF-1007,244,2026-03-18 20:43:29,4,3596
5741,REF-1025,337,2026-03-18 23:00:29,1,450
5742,REF-1022,23,2026-03-18 23:33:29,3,1200
5743,REF-1006,177,2026-03-18 23:55:29,1,799
5744,REF-1001,276,2026-03-19 01:48:29,1,999
5745,REF-1019,436,2026-03-19 02:44:29,1,850
5746,REF-1028,316,2026-03-19 05:25:29,1,220
5747,REF-1020,383,2026-03-19 06:19:29,1,250
5748,REF-1026,252,2026-03-19 06:44:29,1,450
5749,REF-1007,169,2026-03-19 06:47:29,1,899
5750,REF-1015,287,2026-03-19 07:17:29,1,299
5751,REF-1020,146,2026-03-19 08:01:29,1,250
5752,REF-1028,283,2026-03-19 08:49:29,2,440
5753,REF-1013,143,2026-03-19 09:48:29,4,1196
5754,REF-1007,77,2026-03-19 10:21:29,1,899
5755,REF-1007,69,2026-03-19 10:31:29,1,899
5756,REF-1019,285,2026-03-19 11:46:29,1,850
5757,REF-1027,112,2026-03-19 13:02:29,1,220
5758,REF-1027,107,2026-03-19 14:47:29,1,220
5759,REF-1008,434,2026-03-19 14:53:29,2,1798
5760,REF-1029,149,2026-03-19 16:27:29,1,220
5761,REF-1007,485,2026-03-19 16:41:29,1,899
5762,REF-1007,307,2026-03-19 16:49:29,1,899
5763,REF-1023,291,2026-03-19 16:52:29,2,800
5764,REF-1021,140,2026-03-19 19:11:29,1,250
5765,REF-1009,354,2026-03-19 19:15:29,1,1299
5766,REF-1003,168,2026-03-19 21:23:29,1,1199
5767,REF-1029,460,2026-03-19 21:47:29,1,220
5768,REF-1012,14,2026-03-19 22:59:29,1,450
5769,REF-1015,278,2026-03-19 23:16:29,1,299
5770,REF-1019,4,2026-03-19 23:29:29,1,850
5771,REF-1001,153,2026-03-19 23:35:29,1,999
5772,REF-1020,393,2026-03-20 01:35:29,1,250
5773,REF-1011,243,2026-03-20 03:52:29,1,450
5774,REF-1016,259,2026-03-20 03:55:29,2,700
5775,REF-1013,281,2026-03-20 04:50:29,1,299
5776,REF-1003,1,2026-03-20 04:57:29,2,2398
5777,REF-1022,348,2026-03-20 05:24:29,1,400
5778,REF-1004,362,2026-03-20 10:02:29,1,1199
5779,REF-1000,388,2026-03-20 12:39:29,1,999
5780,REF-1014,87,2026-03-20 13:48:29,1,299
5781,REF-1013,409,2026-03-20 14:37:29,1,299
5782,REF-1000,14,2026-03-20 18:29:29,1,999
5783,REF-1026,392,2026-03-20 20:02:29,1,450
5784,REF-1008,328,2026-03-20 23:15:29,1,899
5785,REF-1012,160,2026-03-20 23:24:29,1,450
5786,REF-1024,437,2026-03-20 23:33:29,1,450
5787,REF-1001,56,2026-03-21 00:03:29,1,999
5788,REF-1008,388,2026-03-21 00:57:29,1,899
5789,REF-1002,325,2026-03-21 02:14:29,1,1199
5790,REF-1025,52,2026-03-21 02:51:29,1,450
5791,REF-1025,471,2026-03-21 02:54:29,1,450
5792,REF-1021,415,2026-03-21 03:27:29,5,1250
5793,REF-1003,134,2026-03-21 03:40:29,5,5995
5794,REF-1002,303,2026-03-21 03:52:29,1,1199
5795,REF-1028,97,2026-03-21 03:59:29,1,220
5796,REF-1016,146,2026-03-21 04:05:29,1,350
5797,REF-1008,498,2026-03-21 04:26:29,1,899
5798,REF-1014,297,2026-03-21 05:12:29,1,299
5799,REF-1021,277,2026-03-21 05:31:29,1,250
5800,REF-1016,258,2026-03-21 05:53:29,1,350
5801,REF-1024,102,2026-03-21 07:05:29,1,450
5802,REF-1023,454,2026-03-21 07:24:29,1,400
5803,REF-1012,77,2026-03-21 07:39:29,1,450
5804,REF-1014,137,2026-03-21 07:57:29,1,299
5805,REF-1003,195,2026-03-21 08:05:29,1,1199
5806,REF-1014,342,2026-03-21 09:04:29,1,299
5807,REF-1025,40,2026-03-21 11:13:29,1,450
5808,REF-1009,315,2026-03-21 12:31:29,1,1299
5809,REF-1000,146,2026-03-21 13:00:29,1,999
5810,REF-1025,26,2026-03-21 14:27:29,1,450
5811,REF-1014,286,2026-03-21 16:02:29,1,299
5812,REF-1003,333,2026-03-21 16:22:29,1,1199
5813,REF-1026,46,2026-03-21 16:40:29,2,900
5814,REF-1026,233,2026-03-21 18:55:29,1,450
5815,REF-1003,169,2026-03-21 19:32:29,1,1199
5816,REF-1021,67,2026-03-21 23:14:29,1,250
5817,REF-1002,63,2026-03-22 02:47:29,1,1199
5818,REF-1017,67,2026-03-22 03:16:29,1,350
5819,REF-1013,168,2026-03-22 03:25:29,1,299
5820,REF-1014,270,2026-03-22 04:28:29,1,299
5821,REF-1004,446,2026-03-22 05:06:29,1,1199
5822,REF-1007,107,2026-03-22 06:06:29,1,899
5823,REF-1004,42,2026-03-22 06:27:29,1,1199
5824,REF-1007,73,2026-03-22 08:25:29,1,899
5825,REF-1014,276,2026-03-22 09:24:29,1,299
5826,REF-1006,198,2026-03-22 09:27:29,1,799
5827,REF-1009,331,2026-03-22 10:45:29,1,1299
5828,REF-1013,260,2026-03-22 11:56:29,1,299
5829,REF-1023,493,2026-03-22 12:15:29,1,400
5830,REF-1004,183,2026-03-22 16:44:29,1,1199
5831,REF-1000,212,2026-03-22 17:14:29,1,999
5832,REF-1003,172,2026-03-22 17:49:29,1,1199
5833,REF-1005,175,2026-03-22 18:56:29,1,799
5834,REF-1015,490,2026-03-22 19:27:29,2,598
5835,REF-1008,56,2026-03-22 19:55:29,2,1798
5836,REF-1022,484,2026-03-22 20:15:29,1,400
5837,REF-1024,454,2026-03-22 21:40:29,1,450
5838,REF-1003,291,2026-03-22 23:06:29,1,1199
5839,REF-1029,265,2026-03-22 23:21:29,2,440
5840,REF-1021,115,2026-03-23 00:26:29,1,250
5841,REF-1004,223,2026-03-23 00:57:29,2,2398
5842,REF-1013,388,2026-03-23 03:04:29,1,299
5843,REF-1023,65,2026-03-23 04:31:29,1,400
5844,REF-1001,301,2026-03-23 05:16:29,1,999
5845,REF-1027,139,2026-03-23 06:07:29,1,220
5846,REF-1015,321,2026-03-23 07:49:29,1,299
5847,REF-1016,367,2026-03-23 09:30:29,2,700
5848,REF-1016,311,2026-03-23 10:37:29,1,350
5849,REF-1018,133,2026-03-23 13:22:29,1,850
5850,REF-1015,450,2026-03-23 14:24:29,2,598
5851,REF-1014,357,2026-03-23 14:43:29,1,299
5852,REF-1011,251,2026-03-23 18:38:29,1,450
5853,REF-1012,403,2026-03-23 19:31:29,5,2250
5854,REF-1012,227,2026-03-23 22:55:29,1,450
5855,REF-1020,358,2026-03-23 23:17:29,1,250
5856,REF-1008,454,2026-03-24 00:22:29,1,899
5857,REF-1028,133,2026-03-24 00:54:29,1,220
5858,REF-1005,278,2026-03-24 01:12:29,1,799
5859,REF-1014,129,2026-03-24 01:38:29,1,299
5860,REF-1008,328,2026-03-24 02:05:29,1,899
5861,REF-1029,202,2026-03-24 03:21:29,1,220
5862,REF-1007,181,2026-03-24 03:32:29,1,899
5863,REF-1009,29,2026-03-24 04:45:29,1,1299
5864,REF-1016,308,2026-03-24 05:50:29,1,350
5865,REF-1005,288,2026-03-24 07:27:29,1,799
5866,REF-1024,197,2026-03-24 07:54:29,1,450
5867,REF-1023,292,2026-03-24 12:18:29,1,400
5868,REF-1003,383,2026-03-24 12:56:29,1,1199
5869,REF-1016,395,2026-03-24 14:26:29,1,350
5870,REF-1011,248,2026-03-24 15:23:29,1,450
5871,REF-1003,464,2026-03-24 16:42:29,1,1199
5872,REF-1004,179,2026-03-24 16:47:29,1,1199
5873,REF-1012,4,2026-03-24 18:14:29,1,450
5874,REF-1012,88,2026-03-24 20:07:29,1,450
5875,REF-1008,257,2026-03-24 21:08:29,1,899
5876,REF-1028,297,2026-03-24 21:48:29,1,220
5877,REF-1022,320,2026-03-24 22:21:29,1,400
5878,REF-1026,380,2026-03-24 22:36:29,1,450
5879,REF-1023,468,2026-03-24 23:00:29,2,800
5880,REF-1026,175,2026-03-25 01:06:29,1,450
5881,REF-1001,263,2026-03-25 03:08:29,1,999
5882,REF-1025,184,2026-03-25 03:52:29,1,450
5883,REF-1021,92,2026-03-25 07:47:29,1,250
5884,REF-1005,324,2026-03-25 08:27:29,1,799
5885,REF-1001,223,2026-03-25 08:28:29,1,999
5886,REF-1014,319,2026-03-25 10:34:29,1,299
5887,REF-1020,473,2026-03-25 11:20:29,1,250
5888,REF-1029,29,2026-03-25 11:29:29,2,440
5889,REF-1007,278,2026-03-25 12:05:29,1,899
5890,REF-1026,336,2026-03-25 12:17:29,1,450
5891,REF-1024,245,2026-03-25 13:21:29,1,450
5892,REF-1024,315,2026-03-25 14:59:29,1,450
5893,REF-1011,388,2026-03-25 15:35:29,1,450
5894,REF-1011,209,2026-03-25 15:48:29,1,450
5895,REF-1006,155,2026-03-25 16:12:29,1,799
5896,REF-1015,128,2026-03-25 16:45:29,1,299
5897,REF-1028,18,2026-03-25 18:26:29,1,220
5898,REF-1027,487,2026-03-25 19:11:29,1,220
5899,REF-1001,465,2026-03-25 19:33:29,1,999
5900,REF-1029,320,2026-03-25 20:06:29,1,220
5901,REF-1024,295,2026-03-25 21:22:29,1,450
5902,REF-1007,18,2026-03-25 21:40:29,1,899
5903,REF-1004,104,2026-03-25 23:31:29,1,1199
5904,REF-1003,227,2026-03-25 23:46:29,3,3597
5905,REF-1001,455,2026-03-26 00:08:29,2,1998
5906,REF-1003,146,2026-03-26 01:06:29,1,1199
5907,REF-1005,428,2026-03-26 04:16:29,1,799
5908,REF-1017,161,2026-03-26 04:26:29,1,350
5909,REF-1006,214,2026-03-26 07:21:29,1,799
5910,REF-1015,258,2026-03-26 11:22:29,3,897
5911,REF-1023,201,2026-03-26 11:44:29,1,400
5912,REF-1027,492,2026-03-26 13:49:29,2,440
5913,REF-1009,410,2026-03-26 13:51:29,1,1299
5914,REF-1020,436,2026-03-26 14:18:29,1,250
5915,REF-1001,212,2026-03-26 16:24:29,1,999
5916,REF-1008,474,2026-03-26 17:23:29,3,2697
5917,REF-1020,218,2026-03-26 17:58:29,1,250
5918,REF-1013,422,2026-03-26 18:04:29,1,299
5919,REF-1029,309,2026-03-26 18:34:29,1,220
5920,REF-1025,55,2026-03-26 20:27:29,1,450
5921,REF-1021,108,2026-03-26 21:33:29,2,500
5922,REF-1014,23,2026-03-26 22:12:29,1,299
5923,REF-1003,371,2026-03-26 22:21:29,1,1199
5924,REF-1003,192,2026-03-26 23:00:29,1,1199
5925,REF-1028,414,2026-03-27 00:53:29,1,220
5926,REF-1011,321,2026-03-27 02:08:29,1,450
5927,REF-1028,447,2026-03-27 02:36:29,2,440
5928,REF-1008,129,2026-03-27 02:56:29,1,899
5929,REF-1006,500,2026-03-27 03:02:29,1,799
5930,REF-1020,337,2026-03-27 03:10:29,1,250
5931,REF-1019,81,2026-03-27 04:44:29,1,850
5932,REF-1013,132,2026-03-27 04:50:29,2,598
5933,REF-1011,240,2026-03-27 05:13:29,1,450
5934,REF-1000,497,2026-03-27 05:13:29,1,999
5935,REF-1026,105,2026-03-27 06:38:29,1,450
5936,REF-1020,439,2026-03-27 06:44:29,1,250
5937,REF-1001,297,2026-03-27 07:29:29,1,999
5938,REF-1028,222,2026-03-27 08:35:29,1,220
5939,REF-1021,73,2026-03-27 08:38:29,2,500
5940,REF-1003,285,2026-03-27 08:48:29,2,2398
5941,REF-1022,207,2026-03-27 09:22:29,1,400
5942,REF-1021,283,2026-03-27 09:28:29,1,250
5943,REF-1022,258,2026-03-27 09:35:29,1,400
5944,REF-1011,14,2026-03-27 11:32:29,1,450
5945,REF-1010,346,2026-03-27 11:49:29,1,1299
5946,REF-1000,498,2026-03-27 11:50:29,2,1998
5947,REF-1001,41,2026-03-27 12:18:29,1,999
5948,REF-1008,116,2026-03-27 12:32:29,3,2697
5949,REF-1015,268,2026-03-27 12:34:29,1,299
5950,REF-1014,317,2026-03-27 12:35:29,1,299
5951,REF-1014,128,2026-03-27 14:07:29,2,598
5952,REF-1011,491,2026-03-27 16:13:29,1,450
5953,REF-1003,235,2026-03-27 16:23:29,1,1199
5954,REF-1005,191,2026-03-27 16:57:29,1,799
5955,REF-1004,148,2026-03-27 17:03:29,1,1199
5956,REF-1018,28,2026-03-27 19:15:29,1,850
5957,REF-1007,26,2026-03-27 19:19:29,1,899
5958,REF-1029,208,2026-03-27 19:46:29,1,220
5959,REF-1017,69,2026-03-27 20:31:29,1,350
5960,REF-1021,430,2026-03-27 21:48:29,1,250
5961,REF-1005,371,2026-03-27 22:03:29,1,799
5962,REF-1002,437,2026-03-28 00:47:29,2,2398
5963,REF-1027,216,2026-03-28 01:00:29,1,220
5964,REF-1024,6,2026-03-28 02:39:29,5,2250
5965,REF-1012,172,2026-03-28 02:53:29,2,900
5966,REF-1008,119,2026-03-28 03:46:29,1,899
5967,REF-1008,91,2026-03-28 04:46:29,1,899
5968,REF-1019,5,2026-03-28 04:50:29,1,850
5969,REF-1003,193,2026-03-28 05:38:29,1,1199
5970,REF-1022,168,2026-03-28 06:21:29,1,400
5971,REF-1015,264,2026-03-28 07:37:29,1,299
5972,REF-1018,168,2026-03-28 07:39:29,2,1700
5973,REF-1024,230,2026-03-28 08:09:29,1,450
5974,REF-1020,322,2026-03-28 08:15:29,1,250
5975,REF-1029,181,2026-03-28 09:23:29,5,1100
5976,REF-1003,206,2026-03-28 09:48:29,1,1199
5977,REF-1022,394,2026-03-28 10:57:29,1,400
5978,REF-1000,181,2026-03-28 11:36:29,1,999
5979,REF-1010,163,2026-03-28 12:32:29,5,6495
5980,REF-1008,15,2026-03-28 13:31:29,1,899
5981,REF-1014,270,2026-03-28 14:36:29,1,299
5982,REF-1017,191,2026-03-28 15:27:29,1,350
5983,REF-1022,243,2026-03-28 15:43:29,1,400
5984,REF-1000,471,2026-03-28 15:45:29,1,999
5985,REF-1008,239,2026-03-28 16:12:29,1,899
5986,REF-1005,486,2026-03-28 17:00:29,1,799
5987,REF-1003,111,2026-03-28 17:01:29,1,1199
5988,REF-1013,492,2026-03-28 17:24:29,1,299
5989,REF-1001,35,2026-03-28 17:31:29,1,999
5990,REF-1029,338,2026-03-28 18:54:29,1,220
5991,REF-1016,303,2026-03-28 20:00:29,1,350
5992,REF-1008,152,2026-03-28 21:27:29,1,899
5993,REF-1008,325,2026-03-28 21:38:29,1,899
5994,REF-1014,246,2026-03-28 21:56:29,1,299
5995,REF-1012,181,2026-03-28 22:05:29,3,1350
5996,REF-1023,348,2026-03-28 22:28:29,5,2000
5997,REF-1010,475,2026-03-28 23:50:29,1,1299
5998,REF-1025,269,2026-03-29 03:34:29,1,450
5999,REF-1021,242,2026-03-29 03:40:29,1,250
6000,REF-1014,316,2026-03-29 05:01:29,1,299
6001,REF-1000,396,2026-03-29 05:35:29,1,999
6002,REF-1027,123,2026-03-29 05:35:29,1,220
6003,REF-1004,114,2026-03-29 07:20:29,1,1199
6004,REF-1023,387,2026-03-29 07:54:29,1,400
6005,REF-1026,308,2026-03-29 09:49:29,1,450
6006,REF-1006,281,2026-03-29 10:39:29,1,799
6007,REF-1002,408,2026-03-29 11:16:29,1,1199
6008,REF-1009,449,2026-03-29 11:20:29,1,1299
6009,REF-1026,454,2026-03-29 11:24:29,1,450
6010,REF-1007,307,2026-03-29 11:57:29,1,899
6011,REF-1026,341,2026-03-29 12:10:29,1,450
6012,REF-1012,456,2026-03-29 13:26:29,1,450
6013,REF-1001,453,2026-03-29 13:46:29,1,999
6014,REF-1005,390,2026-03-29 17:16:29,1,799
6015,REF-1023,138,2026-03-29 17:47:29,1,400
6016,REF-1001,34,2026-03-29 18:28:29,2,1998
6017,REF-1028,258,2026-03-29 18:30:29,1,220
6018,REF-1018,264,2026-03-29 18:31:29,1,850
6019,REF-1025,394,2026-03-29 18:49:29,1,450
6020,REF-1005,253,2026-03-29 19:47:29,1,799
6021,REF-1023,370,2026-03-29 21:00:29,1,400
6022,REF-1012,109,2026-03-29 22:03:29,1,450
6023,REF-1010,21,2026-03-29 23:25:29,1,1299
6024,REF-1007,366,2026-03-30 02:06:29,1,899
6025,REF-1019,302,2026-03-30 04:30:29,1,850
6026,REF-1006,247,2026-03-30 07:46:29,2,1598
6027,REF-1004,481,2026-03-30 07:58:29,3,3597
6028,REF-1010,270,2026-03-30 09:00:29,1,1299
6029,REF-1003,322,2026-03-30 09:37:29,1,1199
6030,REF-1029,217,2026-03-30 10:44:29,1,220
6031,REF-1011,367,2026-03-30 11:04:29,1,450
6032,REF-1029,270,2026-03-30 11:24:29,1,220
6033,REF-1002,347,2026-03-30 11:57:29,1,1199
6034,REF-1020,232,2026-03-30 12:56:29,2,500
6035,REF-1027,291,2026-03-30 13:17:29,1,220
6036,REF-1022,197,2026-03-30 14:29:29,2,800
6037,REF-1017,25,2026-03-30 15:07:29,1,350
6038,REF-1022,69,2026-03-30 15:23:29,1,400
6039,REF-1020,60,2026-03-30 15:36:29,1,250
6040,REF-1011,441,2026-03-30 15:49:29,1,450
6041,REF-1013,342,2026-03-30 16:58:29,1,299
6042,REF-1004,226,2026-03-30 18:31:29,1,1199
6043,REF-1004,475,2026-03-30 18:57:29,1,1199
6044,REF-1010,271,2026-03-30 19:22:29,1,1299
6045,REF-1028,97,2026-03-30 20:11:29,1,220
6046,REF-1000,210,2026-03-30 20:33:29,1,999
6047,REF-1010,163,2026-03-30 23:09:29,1,1299
6048,REF-1019,126,2026-03-30 23:34:29,1,850
6049,REF-1001,333,2026-03-30 23:50:29,1,999
6050,REF-1018,312,2026-03-31 00:39:29,1,850
6051,REF-1029,83,2026-03-31 02:06:29,1,220
6052,REF-1007,315,2026-03-31 02:07:29,1,899
6053,REF-1023,292,2026-03-31 02:41:29,1,400
6054,REF-1019,177,2026-03-31 02:43:29,1,850
6055,REF-1002,210,2026-03-31 03:09:29,1,1199
6056,REF-1017,44,2026-03-31 03:41:29,1,350
6057,REF-1013,308,2026-03-31 05:34:29,1,299
6058,REF-1027,17,2026-03-31 06:20:29,2,440
6059,REF-1025,55,2026-03-31 06:28:29,4,1800
6060,REF-1022,489,2026-03-31 07:47:29,1,400
6061,REF-1028,3,2026-03-31 11:32:29,3,660
6062,REF-1023,17,2026-03-31 12:27:29,1,400
6063,REF-1018,258,2026-03-31 12:55:29,1,850
6064,REF-1010,243,2026-03-31 13:41:29,1,1299
6065,REF-1018,354,2026-03-31 15:57:29,1,850
6066,REF-1007,13,2026-03-31 17:23:29,1,899
6067,REF-1028,34,2026-03-31 17:37:29,1,220
6068,REF-1014,460,2026-03-31 17:47:29,1,299
6069,REF-1019,287,2026-03-31 17:52:29,1,850
6070,REF-1008,391,2026-03-31 18:46:29,1,899
6071,REF-1017,96,2026-03-31 20:07:29,1,350
6072,REF-1029,463,2026-03-31 20:12:29,1,220
6073,REF-1018,324,2026-03-31 20:15:29,1,850
6074,REF-1010,188,2026-03-31 22:07:29,1,1299
6075,REF-1023,190,2026-03-31 22:09:29,1,400
6076,REF-1015,279,2026-03-31 23:02:29,1,299
6077,REF-1003,295,2026-03-31 23:31:29,2,2398
6078,REF-1006,371,2026-04-01 00:12:29,1,799
6079,REF-1011,224,2026-04-01 00:19:29,1,450
6080,REF-1016,480,2026-04-01 00:34:29,2,700
6081,REF-1027,288,2026-04-01 01:12:29,1,220
6082,REF-1017,155,2026-04-01 01:52:29,1,350
6083,REF-1002,379,2026-04-01 02:49:29,2,2398
6084,REF-1004,243,2026-04-01 03:54:29,1,1199
6085,REF-1024,409,2026-04-01 05:43:29,1,450
6086,REF-1003,193,2026-04-01 06:49:29,1,1199
6087,REF-1008,491,2026-04-01 07:53:29,1,899
6088,REF-1015,276,2026-04-01 08:16:29,1,299
6089,REF-1021,472,2026-04-01 09:00:29,1,250
6090,REF-1009,228,2026-04-01 11:36:29,1,1299
6091,REF-1028,397,2026-04-01 12:02:29,3,660
6092,REF-1003,79,2026-04-01 13:08:29,1,1199
6093,REF-1010,303,2026-04-01 13:35:29,1,1299
6094,REF-1012,469,2026-04-01 15:30:29,1,450
6095,REF-1025,14,2026-04-01 17:03:29,2,900
6096,REF-1025,375,2026-04-01 17:10:29,1,450
6097,REF-1028,140,2026-04-01 17:34:29,1,220
6098,REF-1003,13,2026-04-01 19:51:29,1,1199
6099,REF-1016,410,2026-04-01 21:50:29,2,700
6100,REF-1028,268,2026-04-01 23:00:29,3,660
6101,REF-1018,206,2026-04-02 01:08:29,1,850
6102,REF-1026,207,2026-04-02 03:34:29,1,450
6103,REF-1026,241,2026-04-02 03:50:29,1,450
6104,REF-1022,154,2026-04-02 05:38:29,1,400
6105,REF-1001,419,2026-04-02 06:22:29,1,999
6106,REF-1012,403,2026-04-02 06:48:29,1,450
6107,REF-1005,33,2026-04-02 07:04:29,1,799
6108,REF-1017,53,2026-04-02 08:38:29,1,350
6109,REF-1004,203,2026-04-02 08:43:29,3,3597
6110,REF-1006,339,2026-04-02 09:02:29,1,799
6111,REF-1000,3,2026-04-02 11:04:29,1,999
6112,REF-1022,167,2026-04-02 12:03:29,1,400
6113,REF-1007,427,2026-04-02 12:04:29,1,899
6114,REF-1028,14,2026-04-02 12:12:29,1,220
6115,REF-1002,294,2026-04-02 13:55:29,1,1199
6116,REF-1019,76,2026-04-02 13:56:29,1,850
6117,REF-1003,154,2026-04-02 14:05:29,1,1199
6118,REF-1026,314,2026-04-02 14:08:29,1,450
6119,REF-1004,245,2026-04-02 14:09:29,1,1199
6120,REF-1014,445,2026-04-02 15:39:29,1,299
6121,REF-1029,500,2026-04-02 16:08:29,1,220
6122,REF-1029,479,2026-04-02 16:36:29,4,880
6123,REF-1006,467,2026-04-02 18:04:29,1,799
6124,REF-1015,284,2026-04-02 18:22:29,1,299
6125,REF-1010,245,2026-04-02 19:23:29,1,1299
6126,REF-1001,105,2026-04-02 20:19:29,1,999
6127,REF-1002,253,2026-04-02 21:35:29,1,1199
6128,REF-1003,53,2026-04-02 21:48:29,3,3597
6129,REF-1014,196,2026-04-02 22:38:29,1,299
6130,REF-1025,391,2026-04-02 23:13:29,1,450
6131,REF-1020,412,2026-04-02 23:46:29,1,250
6132,REF-1001,190,2026-04-03 00:41:29,1,999
6133,REF-1015,136,2026-04-03 01:00:29,2,598
6134,REF-1018,303,2026-04-03 01:33:29,1,850
6135,REF-1025,304,2026-04-03 01:35:29,1,450
6136,REF-1022,473,2026-04-03 04:19:29,1,400
6137,REF-1014,453,2026-04-03 04:22:29,1,299
6138,REF-1019,256,2026-04-03 04:45:29,1,850
6139,REF-1021,19,2026-04-03 04:51:29,1,250
6140,REF-1009,204,2026-04-03 05:06:29,3,3897
6141,REF-1001,497,2026-04-03 06:28:29,1,999
6142,REF-1012,207,2026-04-03 06:56:29,1,450
6143,REF-1026,170,2026-04-03 08:06:29,1,450
6144,REF-1000,199,2026-04-03 08:21:29,1,999
6145,REF-1016,479,2026-04-03 09:36:29,1,350
6146,REF-1007,490,2026-04-03 09:37:29,1,899
6147,REF-1012,326,2026-04-03 11:10:29,1,450
6148,REF-1008,48,2026-04-03 11:34:29,1,899
6149,REF-1014,379,2026-04-03 15:35:29,1,299
6150,REF-1001,323,2026-04-03 15:44:29,1,999
6151,REF-1013,89,2026-04-03 16:25:29,1,299
6152,REF-1000,467,2026-04-03 16:59:29,1,999
6153,REF-1022,28,2026-04-03 17:05:29,1,400
6154,REF-1027,171,2026-04-03 17:52:29,1,220
6155,REF-1022,269,2026-04-03 18:10:29,1,400
6156,REF-1005,233,2026-04-03 18:53:29,1,799
6157,REF-1001,264,2026-04-03 20:40:29,1,999
6158,REF-1000,77,2026-04-03 20:49:29,2,1998
6159,REF-1026,292,2026-04-03 21:23:29,1,450
6160,REF-1022,424,2026-04-03 22:24:29,1,400
6161,REF-1021,13,2026-04-03 22:59:29,1,250
6162,REF-1001,211,2026-04-04 01:43:29,1,999
6163,REF-1009,361,2026-04-04 02:11:29,1,1299
6164,REF-1005,492,2026-04-04 02:16:29,1,799
6165,REF-1018,397,2026-04-04 03:39:29,1,850
6166,REF-1029,122,2026-04-04 04:05:29,5,1100
6167,REF-1029,115,2026-04-04 04:17:29,1,220
6168,REF-1020,90,2026-04-04 04:56:29,1,250
6169,REF-1003,283,2026-04-04 05:05:29,1,1199
6170,REF-1003,442,2026-04-04 07:05:29,1,1199
6171,REF-1010,146,2026-04-04 07:26:29,1,1299
6172,REF-1023,195,2026-04-04 08:04:29,1,400
6173,REF-1007,265,2026-04-04 09:46:29,1,899
6174,REF-1028,360,2026-04-04 09:59:29,1,220
6175,REF-1029,345,2026-04-04 10:22:29,1,220
6176,REF-1021,87,2026-04-04 11:21:29,1,250
6177,REF-1005,252,2026-04-04 11:53:29,1,799
6178,REF-1020,243,2026-04-04 12:02:29,1,250
6179,REF-1012,48,2026-04-04 13:13:29,1,450
6180,REF-1020,238,2026-04-04 13:25:29,1,250
6181,REF-1006,49,2026-04-04 13:59:29,1,799
6182,REF-1014,342,2026-04-04 14:04:29,1,299
6183,REF-1007,95,2026-04-04 15:18:29,1,899
6184,REF-1015,386,2026-04-04 15:33:29,1,299
6185,REF-1010,10,2026-04-04 18:22:29,1,1299
6186,REF-1024,370,2026-04-04 18:38:29,1,450
6187,REF-1011,103,2026-04-04 18:51:29,3,1350
6188,REF-1011,484,2026-04-04 22:42:29,3,1350
6189,REF-1026,450,2026-04-04 22:43:29,1,450
6190,REF-1004,370,2026-04-04 22:48:29,1,1199
6191,REF-1010,278,2026-04-04 22:54:29,1,1299
6192,REF-1017,236,2026-04-04 23:08:29,1,350
6193,REF-1003,145,2026-04-05 01:13:29,1,1199
6194,REF-1018,441,2026-04-05 02:47:29,1,850
6195,REF-1014,423,2026-04-05 03:33:29,1,299
6196,REF-1008,1,2026-04-05 05:54:29,1,899
6197,REF-1025,469,2026-04-05 07:46:29,1,450
6198,REF-1005,254,2026-04-05 11:24:29,1,799
6199,REF-1017,70,2026-04-05 11:33:29,1,350
6200,REF-1024,65,2026-04-05 11:35:29,1,450
6201,REF-1006,157,2026-04-05 13:04:29,1,799
6202,REF-1001,311,2026-04-05 13:28:29,1,999
6203,REF-1019,347,2026-04-05 13:35:29,1,850
6204,REF-1001,93,2026-04-05 14:24:29,1,999
6205,REF-1002,45,2026-04-05 16:49:29,1,1199
6206,REF-1013,105,2026-04-05 17:39:29,1,299
6207,REF-1002,242,2026-04-05 18:16:29,1,1199
6208,REF-1007,461,2026-04-05 18:53:29,1,899
6209,REF-1021,310,2026-04-05 21:36:29,1,250
6210,REF-1020,251,2026-04-05 21:59:29,1,250
6211,REF-1008,107,2026-04-05 22:09:29,1,899
6212,REF-1021,129,2026-04-05 22:37:29,1,250
6213,REF-1013,415,2026-04-05 23:10:29,1,299
6214,REF-1016,70,2026-04-06 00:10:29,1,350
6215,REF-1004,284,2026-04-06 00:53:29,1,1199
6216,REF-1023,401,2026-04-06 01:25:29,1,400
6217,REF-1008,349,2026-04-06 01:30:29,1,899
6218,REF-1018,102,2026-04-06 03:26:29,1,850
6219,REF-1010,158,2026-04-06 03:33:29,1,1299
6220,REF-1027,92,2026-04-06 03:42:29,1,220
6221,REF-1028,490,2026-04-06 03:45:29,1,220
6222,REF-1010,266,2026-04-06 06:54:29,1,1299
6223,REF-1004,496,2026-04-06 07:04:29,1,1199
6224,REF-1001,287,2026-04-06 07:13:29,1,999
6225,REF-1009,112,2026-04-06 09:06:29,2,2598
6226,REF-1016,149,2026-04-06 09:27:29,1,350
6227,REF-1013,309,2026-04-06 09:30:29,3,897
6228,REF-1013,384,2026-04-06 10:04:29,1,299
6229,REF-1007,365,2026-04-06 10:38:29,1,899
6230,REF-1013,373,2026-04-06 11:21:29,1,299
6231,REF-1022,175,2026-04-06 11:33:29,2,800
6232,REF-1002,263,2026-04-06 11:57:29,2,2398
6233,REF-1001,42,2026-04-06 12:03:29,1,999
6234,REF-1004,252,2026-04-06 12:56:29,2,2398
6235,REF-1013,407,2026-04-06 13:43:29,1,299
6236,REF-1000,239,2026-04-06 14:09:29,1,999
6237,REF-1008,468,2026-04-06 16:39:29,1,899
6238,REF-1027,468,2026-04-06 17:14:29,1,220
6239,REF-1012,290,2026-04-06 17:31:29,1,450
6240,REF-1006,454,2026-04-06 18:25:29,1,799
6241,REF-1010,302,2026-04-06 18:48:29,1,1299
6242,REF-1010,64,2026-04-06 18:53:29,1,1299
6243,REF-1027,147,2026-04-06 20:47:29,1,220
6244,REF-1017,254,2026-04-06 21:32:29,1,350
6245,REF-1024,95,2026-04-06 22:30:29,1,450
6246,REF-1007,427,2026-04-06 23:08:29,1,899
6247,REF-1016,214,2026-04-06 23:34:29,1,350
6248,REF-1002,345,2026-04-06 23:59:29,2,2398
6249,REF-1024,191,2026-04-07 00:24:29,2,900
6250,REF-1008,28,2026-04-07 00:31:29,5,4495
6251,REF-1001,458,2026-04-07 02:13:29,1,999
6252,REF-1010,150,2026-04-07 02:20:29,1,1299
6253,REF-1013,266,2026-04-07 04:15:29,1,299
6254,REF-1004,472,2026-04-07 05:18:29,1,1199
6255,REF-1001,472,2026-04-07 06:59:29,1,999
6256,REF-1000,54,2026-04-07 09:42:29,1,999
6257,REF-1001,426,2026-04-07 09:43:29,1,999
6258,REF-1014,343,2026-04-07 09:53:29,1,299
6259,REF-1008,498,2026-04-07 10:11:29,1,899
6260,REF-1002,92,2026-04-07 10:45:29,1,1199
6261,REF-1012,487,2026-04-07 11:16:29,3,1350
6262,REF-1020,255,2026-04-07 12:10:29,3,750
6263,REF-1008,75,2026-04-07 13:05:29,3,2697
6264,REF-1012,428,2026-04-07 13:11:29,1,450
6265,REF-1007,153,2026-04-07 13:39:29,1,899
6266,REF-1000,171,2026-04-07 14:23:29,1,999
6267,REF-1004,75,2026-04-07 16:27:29,1,1199
6268,REF-1021,151,2026-04-07 17:06:29,1,250
6269,REF-1006,290,2026-04-07 18:36:29,1,799
6270,REF-1011,207,2026-04-07 22:00:29,1,450
6271,REF-1005,498,2026-04-07 22:15:29,5,3995
6272,REF-1015,491,2026-04-08 00:10:29,3,897
6273,REF-1027,133,2026-04-08 00:16:29,1,220
6274,REF-1025,348,2026-04-08 02:36:29,1,450
6275,REF-1006,62,2026-04-08 02:38:29,1,799
6276,REF-1025,491,2026-04-08 02:56:29,1,450
6277,REF-1012,239,2026-04-08 03:52:29,1,450
6278,REF-1025,396,2026-04-08 05:22:29,1,450
6279,REF-1011,66,2026-04-08 06:34:29,1,450
6280,REF-1027,398,2026-04-08 06:45:29,1,220
6281,REF-1015,89,2026-04-08 08:15:29,1,299
6282,REF-1015,195,2026-04-08 08:18:29,1,299
6283,REF-1003,248,2026-04-08 08:36:29,1,1199
6284,REF-1003,251,2026-04-08 08:59:29,1,1199
6285,REF-1007,97,2026-04-08 10:16:29,2,1798
6286,REF-1022,43,2026-04-08 11:08:29,1,400
6287,REF-1017,50,2026-04-08 11:50:29,2,700
6288,REF-1007,377,2026-04-08 11:52:29,2,1798
6289,REF-1006,487,2026-04-08 14:16:29,1,799
6290,REF-1021,466,2026-04-08 15:25:29,1,250
6291,REF-1013,400,2026-04-08 16:57:29,1,299
6292,REF-1010,109,2026-04-08 17:49:29,1,1299
6293,REF-1005,142,2026-04-08 17:55:29,1,799
6294,REF-1002,420,2026-04-08 18:12:29,1,1199
6295,REF-1004,375,2026-04-08 19:03:29,1,1199
6296,REF-1027,27,2026-04-08 21:51:29,1,220
6297,REF-1002,431,2026-04-08 23:31:29,1,1199
6298,REF-1000,145,2026-04-09 00:02:29,1,999
6299,REF-1001,39,2026-04-09 00:11:29,1,999
6300,REF-1016,163,2026-04-09 00:11:29,1,350
6301,REF-1020,270,2026-04-09 00:38:29,1,250
6302,REF-1023,176,2026-04-09 01:22:29,1,400
6303,REF-1028,375,2026-04-09 01:52:29,1,220
6304,REF-1027,198,2026-04-09 01:54:29,1,220
6305,REF-1009,187,2026-04-09 02:06:29,1,1299
6306,REF-1008,284,2026-04-09 02:35:29,1,899
6307,REF-1008,259,2026-04-09 03:34:29,1,899
6308,REF-1028,55,2026-04-09 04:41:29,1,220
6309,REF-1027,319,2026-04-09 05:17:29,1,220
6310,REF-1003,289,2026-04-09 05:26:29,1,1199
6311,REF-1000,74,2026-04-09 07:25:29,1,999
6312,REF-1029,214,2026-04-09 07:32:29,1,220
6313,REF-1013,359,2026-04-09 08:00:29,1,299
6314,REF-1020,265,2026-04-09 11:06:29,1,250
6315,REF-1026,189,2026-04-09 11:53:29,2,900
6316,REF-1019,288,2026-04-09 13:25:29,1,850
6317,REF-1020,148,2026-04-09 15:38:29,1,250
6318,REF-1012,73,2026-04-09 16:16:29,1,450
6319,REF-1015,280,2026-04-09 19:47:29,1,299
6320,REF-1010,188,2026-04-09 21:45:29,1,1299
6321,REF-1005,171,2026-04-09 21:56:29,1,799
6322,REF-1025,19,2026-04-09 22:37:29,1,450
6323,REF-1022,428,2026-04-10 00:13:29,2,800
6324,REF-1014,288,2026-04-10 02:25:29,1,299
6325,REF-1008,388,2026-04-10 03:58:29,1,899
6326,REF-1022,314,2026-04-10 04:05:29,1,400
6327,REF-1020,482,2026-04-10 04:12:29,1,250
6328,REF-1011,417,2026-04-10 04:19:29,1,450
6329,REF-1005,392,2026-04-10 04:35:29,1,799
6330,REF-1027,367,2026-04-10 04:39:29,1,220
6331,REF-1021,99,2026-04-10 04:44:29,1,250
6332,REF-1018,130,2026-04-10 05:21:29,1,850
6333,REF-1004,43,2026-04-10 06:16:29,1,1199
6334,REF-1026,465,2026-04-10 08:57:29,1,450
6335,REF-1021,265,2026-04-10 09:25:29,1,250
6336,REF-1021,487,2026-04-10 10:14:29,1,250
6337,REF-1000,88,2026-04-10 10:45:29,1,999
6338,REF-1023,118,2026-04-10 10:56:29,1,400
6339,REF-1009,441,2026-04-10 11:25:29,1,1299
6340,REF-1010,212,2026-04-10 11:26:29,1,1299
6341,REF-1001,250,2026-04-10 11:36:29,1,999
6342,REF-1017,127,2026-04-10 12:55:29,2,700
6343,REF-1010,374,2026-04-10 16:04:29,1,1299
6344,REF-1026,193,2026-04-10 16:36:29,5,2250
6345,REF-1019,79,2026-04-10 17:37:29,1,850
6346,REF-1005,23,2026-04-10 19:50:29,1,799
6347,REF-1003,26,2026-04-10 20:06:29,3,3597
6348,REF-1025,213,2026-04-10 21:01:29,2,900
6349,REF-1018,117,2026-04-10 22:15:29,1,850
6350,REF-1026,327,2026-04-10 23:45:29,1,450
6351,REF-1021,189,2026-04-11 00:41:29,1,250
6352,REF-1005,158,2026-04-11 01:11:29,1,799
6353,REF-1025,119,2026-04-11 02:47:29,1,450
6354,REF-1018,76,2026-04-11 03:19:29,1,850
6355,REF-1018,339,2026-04-11 03:50:29,1,850
6356,REF-1018,265,2026-04-11 04:46:29,1,850
6357,REF-1003,278,2026-04-11 04:50:29,1,1199
6358,REF-1003,274,2026-04-11 05:50:29,1,1199
6359,REF-1010,110,2026-04-11 05:56:29,1,1299
6360,REF-1001,149,2026-04-11 08:48:29,1,999
6361,REF-1018,117,2026-04-11 09:07:29,1,850
6362,REF-1010,363,2026-04-11 10:29:29,1,1299
6363,REF-1001,411,2026-04-11 10:33:29,2,1998
6364,REF-1012,4,2026-04-11 11:00:29,1,450
6365,REF-1024,449,2026-04-11 12:45:29,1,450
6366,REF-1002,236,2026-04-11 13:33:29,1,1199
6367,REF-1010,412,2026-04-11 13:48:29,1,1299
6368,REF-1022,232,2026-04-11 14:18:29,1,400
6369,REF-1018,170,2026-04-11 16:01:29,1,850
6370,REF-1005,131,2026-04-11 17:12:29,1,799
6371,REF-1022,290,2026-04-11 18:13:29,1,400
6372,REF-1021,265,2026-04-11 19:27:29,1,250
6373,REF-1008,451,2026-04-11 19:55:29,3,2697
6374,REF-1023,177,2026-04-11 21:01:29,1,400
6375,REF-1002,138,2026-04-11 22:02:29,1,1199
6376,REF-1004,123,2026-04-11 22:48:29,2,2398
6377,REF-1026,374,2026-04-12 00:39:29,1,450
6378,REF-1002,260,2026-04-12 01:25:29,1,1199
6379,REF-1021,157,2026-04-12 01:52:29,1,250
6380,REF-1009,290,2026-04-12 02:11:29,1,1299
6381,REF-1026,383,2026-04-12 02:15:29,1,450
6382,REF-1018,80,2026-04-12 02:41:29,1,850
6383,REF-1014,276,2026-04-12 03:52:29,1,299
6384,REF-1013,476,2026-04-12 04:02:29,1,299
6385,REF-1010,311,2026-04-12 05:45:29,1,1299
6386,REF-1009,250,2026-04-12 06:37:29,2,2598
6387,REF-1007,102,2026-04-12 06:39:29,1,899
6388,REF-1017,348,2026-04-12 06:43:29,1,350
6389,REF-1013,139,2026-04-12 07:12:29,1,299
6390,REF-1004,278,2026-04-12 07:47:29,2,2398
6391,REF-1005,229,2026-04-12 09:13:29,3,2397
6392,REF-1025,186,2026-04-12 10:03:29,1,450
6393,REF-1011,129,2026-04-12 10:57:29,1,450
6394,REF-1025,54,2026-04-12 12:30:29,1,450
6395,REF-1005,206,2026-04-12 12:31:29,3,2397
6396,REF-1000,192,2026-04-12 13:35:29,1,999
6397,REF-1015,363,2026-04-12 13:39:29,1,299
6398,REF-1020,397,2026-04-12 14:14:29,2,500
6399,REF-1004,322,2026-04-12 15:53:29,1,1199
6400,REF-1001,344,2026-04-12 16:13:29,1,999
6401,REF-1003,262,2026-04-12 16:57:29,1,1199
6402,REF-1005,463,2026-04-12 18:43:29,1,799
6403,REF-1014,146,2026-04-12 18:54:29,1,299
6404,REF-1022,298,2026-04-12 20:00:29,1,400
6405,REF-1003,317,2026-04-12 20:59:29,1,1199
6406,REF-1008,496,2026-04-12 21:31:29,1,899
6407,REF-1000,412,2026-04-12 22:39:29,2,1998
6408,REF-1024,20,2026-04-13 00:13:29,1,450
6409,REF-1013,244,2026-04-13 00:35:29,1,299
6410,REF-1016,470,2026-04-13 03:44:29,1,350
6411,REF-1002,413,2026-04-13 04:25:29,2,2398
6412,REF-1016,192,2026-04-13 07:36:29,1,350
6413,REF-1003,184,2026-04-13 10:09:29,1,1199
6414,REF-1029,310,2026-04-13 10:10:29,1,220
6415,REF-1023,206,2026-04-13 10:10:29,1,400
6416,REF-1021,491,2026-04-13 10:24:29,3,750
6417,REF-1021,430,2026-04-13 11:14:29,2,500
6418,REF-1021,425,2026-04-13 12:15:29,1,250
6419,REF-1004,290,2026-04-13 12:32:29,1,1199
6420,REF-1029,369,2026-04-13 12:54:29,1,220
6421,REF-1003,336,2026-04-13 16:55:29,1,1199
6422,REF-1006,152,2026-04-13 17:06:29,1,799
6423,REF-1007,437,2026-04-13 17:16:29,1,899
6424,REF-1016,494,2026-04-13 18:07:29,1,350
6425,REF-1007,328,2026-04-13 19:42:29,1,899
6426,REF-1021,25,2026-04-13 20:14:29,1,250
6427,REF-1009,245,2026-04-13 20:26:29,5,6495
6428,REF-1019,47,2026-04-13 20:31:29,1,850
6429,REF-1009,451,2026-04-13 20:52:29,1,1299
6430,REF-1013,386,2026-04-13 22:24:29,1,299
6431,REF-1009,429,2026-04-13 23:58:29,1,1299
6432,REF-1015,349,2026-04-13 23:59:29,2,598
6433,REF-1016,34,2026-04-14 04:02:29,1,350
6434,REF-1019,301,2026-04-14 04:08:29,1,850
6435,REF-1029,352,2026-04-14 06:08:29,1,220
6436,REF-1006,438,2026-04-14 06:27:29,1,799
6437,REF-1004,262,2026-04-14 06:40:29,1,1199
6438,REF-1022,469,2026-04-14 06:54:29,3,1200
6439,REF-1022,278,2026-04-14 07:23:29,1,400
6440,REF-1005,279,2026-04-14 08:29:29,1,799
6441,REF-1026,489,2026-04-14 08:34:29,1,450
6442,REF-1002,250,2026-04-14 09:08:29,3,3597
6443,REF-1017,299,2026-04-14 10:46:29,1,350
6444,REF-1006,467,2026-04-14 12:47:29,1,799
6445,REF-1017,330,2026-04-14 13:15:29,1,350
6446,REF-1018,94,2026-04-14 13:35:29,4,3400
6447,REF-1000,126,2026-04-14 14:27:29,1,999
6448,REF-1026,105,2026-04-14 15:08:29,4,1800
6449,REF-1008,278,2026-04-14 15:48:29,1,899
6450,REF-1005,233,2026-04-14 16:20:29,3,2397
6451,REF-1022,141,2026-04-14 16:37:29,1,400
6452,REF-1010,13,2026-04-14 17:01:29,1,1299
6453,REF-1019,433,2026-04-14 21:27:29,1,850
6454,REF-1021,498,2026-04-14 22:37:29,2,500
6455,REF-1009,135,2026-04-15 00:41:29,1,1299
6456,REF-1014,45,2026-04-15 01:01:29,1,299
6457,REF-1008,438,2026-04-15 01:08:29,1,899
6458,REF-1023,134,2026-04-15 01:55:29,2,800
6459,REF-1006,258,2026-04-15 02:12:29,2,1598
6460,REF-1000,83,2026-04-15 02:14:29,1,999
6461,REF-1029,401,2026-04-15 03:25:29,1,220
6462,REF-1010,53,2026-04-15 03:51:29,1,1299
6463,REF-1028,225,2026-04-15 04:35:29,1,220
6464,REF-1005,374,2026-04-15 05:18:29,1,799
6465,REF-1006,197,2026-04-15 05:31:29,1,799
6466,REF-1014,422,2026-04-15 05:41:29,1,299
6467,REF-1004,44,2026-04-15 06:25:29,1,1199
6468,REF-1009,353,2026-04-15 06:39:29,1,1299
6469,REF-1013,159,2026-04-15 07:07:29,1,299
6470,REF-1019,294,2026-04-15 08:04:29,1,850
6471,REF-1027,360,2026-04-15 08:51:29,1,220
6472,REF-1018,361,2026-04-15 10:13:29,1,850
6473,REF-1000,414,2026-04-15 10:20:29,1,999
6474,REF-1021,402,2026-04-15 12:05:29,2,500
6475,REF-1006,430,2026-04-15 12:40:29,2,1598
6476,REF-1000,409,2026-04-15 12:48:29,1,999
6477,REF-1021,123,2026-04-15 14:48:29,1,250
6478,REF-1011,72,2026-04-15 15:27:29,1,450
6479,REF-1017,147,2026-04-15 18:07:29,1,350
6480,REF-1000,88,2026-04-15 19:32:29,1,999
6481,REF-1017,58,2026-04-15 19:41:29,1,350
6482,REF-1000,121,2026-04-15 20:24:29,2,1998
6483,REF-1008,412,2026-04-15 21:54:29,1,899
6484,REF-1022,432,2026-04-15 23:55:29,1,400
6485,REF-1008,343,2026-04-16 00:28:29,3,2697
6486,REF-1027,341,2026-04-16 01:30:29,1,220
6487,REF-1025,82,2026-04-16 06:26:29,1,450
6488,REF-1002,312,2026-04-16 07:22:29,1,1199
6489,REF-1023,240,2026-04-16 07:54:29,1,400
6490,REF-1025,200,2026-04-16 08:07:29,1,450
6491,REF-1009,100,2026-04-16 08:28:29,1,1299
6492,REF-1027,173,2026-04-16 08:54:29,2,440
6493,REF-1020,199,2026-04-16 09:05:29,1,250
6494,REF-1024,108,2026-04-16 09:07:29,1,450
6495,REF-1017,461,2026-04-16 11:03:29,1,350
6496,REF-1007,160,2026-04-16 11:13:29,1,899
6497,REF-1027,442,2026-04-16 11:54:29,2,440
6498,REF-1017,419,2026-04-16 11:59:29,1,350
6499,REF-1015,187,2026-04-16 14:44:29,1,299
6500,REF-1027,111,2026-04-16 16:18:29,1,220
6501,REF-1010,331,2026-04-16 16:47:29,1,1299
6502,REF-1001,21,2026-04-16 17:39:29,1,999
6503,REF-1005,112,2026-04-16 17:57:29,1,799
6504,REF-1006,166,2026-04-16 18:02:29,1,799
6505,REF-1019,81,2026-04-16 18:09:29,1,850
6506,REF-1006,152,2026-04-16 18:10:29,3,2397
6507,REF-1026,8,2026-04-16 19:10:29,1,450
6508,REF-1004,456,2026-04-16 19:14:29,1,1199
6509,REF-1028,492,2026-04-16 19:18:29,1,220
6510,REF-1029,219,2026-04-16 19:39:29,1,220
6511,REF-1021,30,2026-04-16 20:39:29,1,250
6512,REF-1018,105,2026-04-16 21:29:29,1,850
6513,REF-1002,161,2026-04-16 21:55:29,4,4796
6514,REF-1011,184,2026-04-16 22:07:29,1,450
6515,REF-1015,289,2026-04-16 22:59:29,1,299
6516,REF-1001,79,2026-04-16 23:08:29,1,999
6517,REF-1008,78,2026-04-17 01:18:29,1,899
6518,REF-1002,361,2026-04-17 01:27:29,3,3597
6519,REF-1016,461,2026-04-17 02:23:29,2,700
6520,REF-1004,76,2026-04-17 02:31:29,1,1199
6521,REF-1026,347,2026-04-17 02:45:29,1,450
6522,REF-1012,295,2026-04-17 04:14:29,1,450
6523,REF-1006,326,2026-04-17 05:31:29,1,799
6524,REF-1023,114,2026-04-17 06:10:29,1,400
6525,REF-1002,494,2026-04-17 08:24:29,1,1199
6526,REF-1016,128,2026-04-17 10:28:29,1,350
6527,REF-1005,261,2026-04-17 11:25:29,1,799
6528,REF-1002,331,2026-04-17 11:31:29,1,1199
6529,REF-1006,376,2026-04-17 12:13:29,2,1598
6530,REF-1022,281,2026-04-17 12:33:29,1,400
6531,REF-1015,94,2026-04-17 15:52:29,1,299
6532,REF-1026,223,2026-04-17 15:54:29,1,450
6533,REF-1028,48,2026-04-17 16:07:29,1,220
6534,REF-1000,494,2026-04-17 16:22:29,1,999
6535,REF-1027,456,2026-04-17 17:51:29,1,220
6536,REF-1003,89,2026-04-17 17:53:29,4,4796
6537,REF-1028,398,2026-04-17 19:32:29,1,220
6538,REF-1028,365,2026-04-17 19:35:29,2,440
6539,REF-1020,203,2026-04-17 21:07:29,1,250
6540,REF-1014,435,2026-04-17 21:11:29,1,299
6541,REF-1006,134,2026-04-17 21:41:29,1,799
6542,REF-1022,286,2026-04-17 22:55:29,1,400
6543,REF-1020,186,2026-04-18 01:49:29,1,250
6544,REF-1029,244,2026-04-18 02:34:29,1,220
6545,REF-1007,77,2026-04-18 02:41:29,1,899
6546,REF-1028,498,2026-04-18 04:16:29,1,220
6547,REF-1000,346,2026-04-18 05:16:29,1,999
6548,REF-1014,261,2026-04-18 05:46:29,1,299
6549,REF-1005,250,2026-04-18 05:58:29,1,799
6550,REF-1000,399,2026-04-18 07:11:29,1,999
6551,REF-1026,335,2026-04-18 07:55:29,1,450
6552,REF-1001,374,2026-04-18 09:36:29,2,1998
6553,REF-1004,389,2026-04-18 10:20:29,3,3597
6554,REF-1016,336,2026-04-18 10:43:29,1,350
6555,REF-1020,242,2026-04-18 10:45:29,1,250
6556,REF-1006,344,2026-04-18 11:36:29,1,799
6557,REF-1002,181,2026-04-18 13:03:29,1,1199
6558,REF-1008,399,2026-04-18 14:39:29,2,1798
6559,REF-1009,171,2026-04-18 16:07:29,1,1299
6560,REF-1028,92,2026-04-18 16:33:29,1,220
6561,REF-1006,243,2026-04-18 16:44:29,1,799
6562,REF-1015,176,2026-04-18 17:59:29,1,299
6563,REF-1004,422,2026-04-18 19:22:29,1,1199
6564,REF-1005,245,2026-04-18 21:17:29,1,799
6565,REF-1008,191,2026-04-18 22:49:29,1,899
6566,REF-1025,202,2026-04-18 23:22:29,1,450
6567,REF-1016,48,2026-04-19 01:02:29,5,1750
6568,REF-1004,129,2026-04-19 01:05:29,1,1199
6569,REF-1007,487,2026-04-19 01:16:29,1,899
6570,REF-1015,138,2026-04-19 04:25:29,1,299
6571,REF-1022,175,2026-04-19 05:24:29,2,800
6572,REF-1027,91,2026-04-19 06:40:29,1,220
6573,REF-1013,253,2026-04-19 07:16:29,2,598
6574,REF-1017,8,2026-04-19 07:43:29,1,350
6575,REF-1026,230,2026-04-19 07:49:29,1,450
6576,REF-1025,441,2026-04-19 08:42:29,1,450
6577,REF-1002,255,2026-04-19 11:09:29,1,1199
6578,REF-1026,279,2026-04-19 12:35:29,1,450
6579,REF-1021,22,2026-04-19 13:16:29,5,1250
6580,REF-1004,93,2026-04-19 15:45:29,1,1199
6581,REF-1021,441,2026-04-19 16:05:29,1,250
6582,REF-1020,355,2026-04-19 16:08:29,1,250
6583,REF-1015,444,2026-04-19 18:10:29,1,299
6584,REF-1029,82,2026-04-19 19:13:29,4,880
6585,REF-1002,368,2026-04-19 19:29:29,1,1199
6586,REF-1028,60,2026-04-19 19:29:29,1,220
6587,REF-1020,45,2026-04-19 20:05:29,1,250
6588,REF-1004,491,2026-04-19 21:46:29,1,1199
6589,REF-1014,103,2026-04-19 22:03:29,1,299
6590,REF-1001,115,2026-04-19 22:20:29,1,999
6591,REF-1009,139,2026-04-19 23:09:29,1,1299
6592,REF-1011,144,2026-04-20 02:43:29,1,450
6593,REF-1015,42,2026-04-20 03:04:29,1,299
6594,REF-1004,443,2026-04-20 03:13:29,1,1199
6595,REF-1006,498,2026-04-20 03:53:29,1,799
6596,REF-1019,259,2026-04-20 04:37:29,1,850
6597,REF-1019,91,2026-04-20 04:40:29,1,850
6598,REF-1001,16,2026-04-20 04:59:29,1,999
6599,REF-1013,142,2026-04-20 05:48:29,2,598
6600,REF-1025,45,2026-04-20 06:15:29,1,450
6601,REF-1010,75,2026-04-20 06:53:29,1,1299
6602,REF-1006,194,2026-04-20 07:01:29,3,2397
6603,REF-1015,137,2026-04-20 08:04:29,1,299
6604,REF-1006,89,2026-04-20 08:18:29,1,799
6605,REF-1002,218,2026-04-20 09:27:29,1,1199
6606,REF-1017,308,2026-04-20 09:40:29,1,350
6607,REF-1021,118,2026-04-20 09:55:29,1,250
6608,REF-1011,205,2026-04-20 10:56:29,1,450
6609,REF-1018,169,2026-04-20 11:39:29,1,850
6610,REF-1023,284,2026-04-20 11:39:29,1,400
6611,REF-1008,247,2026-04-20 14:35:29,2,1798
6612,REF-1010,348,2026-04-20 15:07:29,1,1299
6613,REF-1010,392,2026-04-20 16:50:29,1,1299
6614,REF-1027,234,2026-04-20 17:27:29,1,220
6615,REF-1015,201,2026-04-20 17:39:29,1,299
6616,REF-1023,360,2026-04-20 18:20:29,1,400
6617,REF-1015,91,2026-04-20 18:36:29,1,299
6618,REF-1006,468,2026-04-20 18:50:29,1,799
6619,REF-1026,429,2026-04-20 18:59:29,1,450
6620,REF-1006,224,2026-04-20 19:02:29,1,799
6621,REF-1013,135,2026-04-20 20:27:29,1,299
6622,REF-1016,349,2026-04-20 21:06:29,2,700
6623,REF-1027,303,2026-04-20 21:20:29,3,660
6624,REF-1029,358,2026-04-20 21:43:29,1,220
6625,REF-1021,38,2026-04-20 21:44:29,1,250
6626,REF-1017,261,2026-04-20 22:32:29,2,700
6627,REF-1026,299,2026-04-20 23:05:29,1,450
6628,REF-1010,122,2026-04-21 01:21:29,1,1299
6629,REF-1018,154,2026-04-21 02:57:29,1,850
6630,REF-1004,362,2026-04-21 04:39:29,1,1199
6631,REF-1017,309,2026-04-21 04:46:29,1,350
6632,REF-1029,133,2026-04-21 05:32:29,1,220
6633,REF-1013,124,2026-04-21 06:15:29,1,299
6634,REF-1028,300,2026-04-21 06:53:29,1,220
6635,REF-1023,337,2026-04-21 08:44:29,1,400
6636,REF-1020,428,2026-04-21 09:03:29,1,250
6637,REF-1021,260,2026-04-21 10:11:29,2,500
6638,REF-1017,331,2026-04-21 10:21:29,1,350
6639,REF-1027,373,2026-04-21 11:58:29,1,220
6640,REF-1023,481,2026-04-21 14:34:29,1,400
6641,REF-1015,159,2026-04-21 16:13:29,1,299
6642,REF-1001,14,2026-04-21 16:34:29,1,999
6643,REF-1006,495,2026-04-21 16:55:29,1,799
6644,REF-1000,136,2026-04-21 17:20:29,1,999
6645,REF-1025,301,2026-04-21 17:22:29,1,450
6646,REF-1008,337,2026-04-21 20:01:29,1,899
6647,REF-1012,296,2026-04-21 20:05:29,1,450
6648,REF-1018,25,2026-04-21 22:38:29,1,850
6649,REF-1006,314,2026-04-21 22:40:29,2,1598
6650,REF-1004,131,2026-04-21 22:41:29,1,1199
6651,REF-1028,35,2026-04-21 22:42:29,1,220
6652,REF-1022,17,2026-04-21 23:27:29,1,400
6653,REF-1005,57,2026-04-21 23:40:29,1,799
6654,REF-1027,173,2026-04-22 02:24:29,1,220
6655,REF-1029,189,2026-04-22 02:39:29,1,220
6656,REF-1028,497,2026-04-22 03:07:29,1,220
6657,REF-1015,376,2026-04-22 03:34:29,2,598
6658,REF-1009,43,2026-04-22 04:03:29,1,1299
6659,REF-1029,29,2026-04-22 04:43:29,1,220
6660,REF-1029,262,2026-04-22 04:51:29,1,220
6661,REF-1027,317,2026-04-22 04:57:29,3,660
6662,REF-1018,433,2026-04-22 05:40:29,1,850
6663,REF-1019,37,2026-04-22 07:01:29,1,850
6664,REF-1001,309,2026-04-22 09:14:29,1,999
6665,REF-1003,278,2026-04-22 12:29:29,1,1199
6666,REF-1016,486,2026-04-22 14:06:29,1,350
6667,REF-1016,155,2026-04-22 15:13:29,1,350
6668,REF-1010,485,2026-04-22 15:29:29,1,1299
6669,REF-1018,68,2026-04-22 16:00:29,1,850
6670,REF-1029,72,2026-04-22 16:14:29,1,220
6671,REF-1017,54,2026-04-22 17:10:29,1,350
6672,REF-1003,493,2026-04-22 17:33:29,1,1199
6673,REF-1003,267,2026-04-22 21:21:29,1,1199
6674,REF-1008,53,2026-04-22 22:21:29,1,899
6675,REF-1025,130,2026-04-22 22:55:29,1,450
6676,REF-1021,401,2026-04-22 23:12:29,1,250
6677,REF-1012,174,2026-04-22 23:34:29,3,1350
6678,REF-1014,214,2026-04-22 23:52:29,1,299
6679,REF-1016,330,2026-04-22 23:59:29,2,700
6680,REF-1005,225,2026-04-23 04:30:29,1,799
6681,REF-1005,426,2026-04-23 06:01:29,1,799
6682,REF-1007,268,2026-04-23 06:04:29,1,899
6683,REF-1013,61,2026-04-23 06:48:29,1,299
6684,REF-1026,378,2026-04-23 06:51:29,2,900
6685,REF-1009,77,2026-04-23 07:48:29,1,1299
6686,REF-1017,140,2026-04-23 08:49:29,2,700
6687,REF-1009,51,2026-04-23 09:10:29,1,1299
6688,REF-1026,398,2026-04-23 09:41:29,1,450
6689,REF-1026,38,2026-04-23 10:03:29,1,450
6690,REF-1028,120,2026-04-23 10:05:29,1,220
6691,REF-1004,115,2026-04-23 11:42:29,1,1199
6692,REF-1000,133,2026-04-23 12:41:29,1,999
6693,REF-1005,456,2026-04-23 13:56:29,1,799
6694,REF-1016,362,2026-04-23 14:29:29,1,350
6695,REF-1017,199,2026-04-23 14:52:29,1,350
6696,REF-1012,216,2026-04-23 15:42:29,2,900
6697,REF-1000,437,2026-04-23 15:55:29,1,999
6698,REF-1023,430,2026-04-23 16:51:29,1,400
6699,REF-1003,496,2026-04-23 17:24:29,1,1199
6700,REF-1008,438,2026-04-23 18:50:29,1,899
6701,REF-1016,487,2026-04-23 19:46:29,1,350
6702,REF-1028,106,2026-04-23 23:55:29,1,220
6703,REF-1011,396,2026-04-24 04:53:29,1,450
6704,REF-1026,448,2026-04-24 04:59:29,1,450
6705,REF-1006,192,2026-04-24 05:15:29,1,799
6706,REF-1019,417,2026-04-24 05:15:29,2,1700
6707,REF-1029,148,2026-04-24 05:38:29,1,220
6708,REF-1021,129,2026-04-24 07:44:29,1,250
6709,REF-1026,13,2026-04-24 08:14:29,1,450
6710,REF-1005,186,2026-04-24 08:33:29,1,799
6711,REF-1029,128,2026-04-24 09:16:29,1,220
6712,REF-1005,348,2026-04-24 10:25:29,1,799
6713,REF-1013,69,2026-04-24 10:40:29,1,299
6714,REF-1008,36,2026-04-24 11:17:29,1,899
6715,REF-1003,444,2026-04-24 11:28:29,2,2398
6716,REF-1009,440,2026-04-24 12:07:29,1,1299
6717,REF-1003,113,2026-04-24 12:27:29,1,1199
6718,REF-1007,190,2026-04-24 13:13:29,1,899
6719,REF-1005,437,2026-04-24 15:20:29,1,799
6720,REF-1008,476,2026-04-24 18:19:29,1,899
6721,REF-1000,52,2026-04-24 18:20:29,1,999
6722,REF-1021,339,2026-04-24 19:27:29,1,250
6723,REF-1025,301,2026-04-24 19:54:29,1,450
6724,REF-1022,358,2026-04-24 21:08:29,1,400
6725,REF-1005,152,2026-04-24 21:09:29,1,799
6726,REF-1004,410,2026-04-24 21:56:29,1,1199
6727,REF-1025,238,2026-04-24 22:00:29,1,450
6728,REF-1024,300,2026-04-24 23:13:29,1,450
6729,REF-1021,116,2026-04-24 23:14:29,1,250
6730,REF-1019,188,2026-04-24 23:20:29,1,850
6731,REF-1009,199,2026-04-25 00:56:29,1,1299
6732,REF-1022,349,2026-04-25 02:48:29,1,400
6733,REF-1027,152,2026-04-25 03:18:29,1,220
6734,REF-1013,111,2026-04-25 05:22:29,2,598
6735,REF-1022,326,2026-04-25 05:35:29,2,800
6736,REF-1023,315,2026-04-25 06:18:29,1,400
6737,REF-1001,17,2026-04-25 10:09:29,1,999
6738,REF-1002,198,2026-04-25 10:43:29,1,1199
6739,REF-1022,473,2026-04-25 11:33:29,1,400
6740,REF-1009,5,2026-04-25 11:49:29,1,1299
6741,REF-1015,301,2026-04-25 12:04:29,1,299
6742,REF-1009,162,2026-04-25 12:27:29,1,1299
6743,REF-1006,215,2026-04-25 12:28:29,1,799
6744,REF-1017,498,2026-04-25 13:10:29,1,350
6745,REF-1005,188,2026-04-25 14:05:29,1,799
6746,REF-1017,57,2026-04-25 15:21:29,1,350
6747,REF-1003,493,2026-04-25 18:17:29,4,4796
6748,REF-1002,456,2026-04-25 18:42:29,1,1199
6749,REF-1000,234,2026-04-25 20:19:29,1,999
6750,REF-1023,211,2026-04-25 22:39:29,3,1200
6751,REF-1020,196,2026-04-25 23:57:29,1,250
6752,REF-1026,477,2026-04-26 01:05:29,1,450
6753,REF-1006,81,2026-04-26 01:05:29,1,799
6754,REF-1002,356,2026-04-26 01:25:29,1,1199
6755,REF-1002,303,2026-04-26 01:37:29,1,1199
6756,REF-1025,318,2026-04-26 04:34:29,2,900
6757,REF-1016,412,2026-04-26 05:04:29,1,350
6758,REF-1014,426,2026-04-26 05:18:29,1,299
6759,REF-1027,100,2026-04-26 05:37:29,3,660
6760,REF-1020,47,2026-04-26 07:27:29,1,250
6761,REF-1014,218,2026-04-26 07:31:29,1,299
6762,REF-1006,498,2026-04-26 08:07:29,2,1598
6763,REF-1015,248,2026-04-26 08:10:29,1,299
6764,REF-1006,445,2026-04-26 09:11:29,1,799
6765,REF-1002,259,2026-04-26 10:29:29,2,2398
6766,REF-1017,97,2026-04-26 10:56:29,1,350
6767,REF-1004,458,2026-04-26 10:57:29,1,1199
6768,REF-1025,383,2026-04-26 11:09:29,1,450
6769,REF-1028,63,2026-04-26 11:20:29,1,220
6770,REF-1020,83,2026-04-26 12:07:29,2,500
6771,REF-1018,448,2026-04-26 12:26:29,1,850
6772,REF-1002,314,2026-04-26 13:04:29,1,1199
6773,REF-1000,286,2026-04-26 13:54:29,1,999
6774,REF-1019,276,2026-04-26 14:37:29,1,850
6775,REF-1029,407,2026-04-26 15:45:29,1,220
6776,REF-1004,381,2026-04-26 15:58:29,1,1199
6777,REF-1013,112,2026-04-26 16:35:29,1,299
6778,REF-1014,197,2026-04-26 17:37:29,1,299
6779,REF-1006,312,2026-04-26 18:28:29,1,799
6780,REF-1029,224,2026-04-26 19:22:29,1,220
6781,REF-1024,439,2026-04-26 22:55:29,1,450
6782,REF-1020,469,2026-04-26 23:52:29,1,250
6783,REF-1012,406,2026-04-27 00:44:29,1,450
6784,REF-1021,292,2026-04-27 00:45:29,1,250
6785,REF-1023,290,2026-04-27 10:24:29,1,400
6786,REF-1001,279,2026-04-27 11:44:29,1,999
6787,REF-1024,194,2026-04-27 14:47:29,1,450
6788,REF-1012,198,2026-04-27 16:31:29,1,450
6789,REF-1008,403,2026-04-27 17:21:29,1,899
6790,REF-1026,200,2026-04-27 17:27:29,1,450
6791,REF-1025,442,2026-04-27 17:54:29,1,450
6792,REF-1028,31,2026-04-27 19:24:29,2,440
6793,REF-1006,278,2026-04-27 20:02:29,1,799
6794,REF-1014,280,2026-04-27 20:19:29,1,299
6795,REF-1025,195,2026-04-27 20:33:29,1,450
6796,REF-1023,6,2026-04-27 21:20:29,1,400
6797,REF-1024,322,2026-04-27 23:11:29,1,450
6798,REF-1028,275,2026-04-28 00:06:29,2,440
6799,REF-1024,115,2026-04-28 01:09:29,1,450
6800,REF-1014,218,2026-04-28 01:57:29,1,299
6801,REF-1018,280,2026-04-28 02:05:29,1,850
6802,REF-1001,170,2026-04-28 02:59:29,1,999
6803,REF-1020,314,2026-04-28 03:14:29,1,250
6804,REF-1000,99,2026-04-28 03:50:29,1,999
6805,REF-1029,197,2026-04-28 04:22:29,1,220
6806,REF-1016,460,2026-04-28 04:47:29,1,350
6807,REF-1028,68,2026-04-28 05:44:29,1,220
6808,REF-1009,164,2026-04-28 08:25:29,1,1299
6809,REF-1009,61,2026-04-28 08:32:29,1,1299
6810,REF-1025,426,2026-04-28 10:43:29,1,450
6811,REF-1026,285,2026-04-28 11:21:29,1,450
6812,REF-1006,468,2026-04-28 11:33:29,1,799
6813,REF-1027,93,2026-04-28 12:30:29,1,220
6814,REF-1001,383,2026-04-28 13:20:29,1,999
6815,REF-1020,74,2026-04-28 13:37:29,1,250
6816,REF-1021,466,2026-04-28 13:40:29,1,250
6817,REF-1011,102,2026-04-28 14:22:29,1,450
6818,REF-1009,219,2026-04-28 15:08:29,1,1299
6819,REF-1013,261,2026-04-28 15:59:29,1,299
6820,REF-1019,50,2026-04-28 16:13:29,1,850
6821,REF-1024,64,2026-04-28 16:45:29,1,450
6822,REF-1016,464,2026-04-28 17:09:29,2,700
6823,REF-1023,204,2026-04-28 17:20:29,1,400
6824,REF-1022,370,2026-04-28 17:58:29,1,400
6825,REF-1008,373,2026-04-28 18:03:29,1,899
6826,REF-1026,372,2026-04-28 18:14:29,1,450
6827,REF-1017,113,2026-04-28 18:26:29,1,350
6828,REF-1016,240,2026-04-28 18:34:29,1,350
6829,REF-1026,52,2026-04-28 18:37:29,1,450
6830,REF-1013,89,2026-04-28 20:02:29,1,299
6831,REF-1022,217,2026-04-28 20:08:29,1,400
6832,REF-1021,409,2026-04-28 20:46:29,1,250
6833,REF-1000,25,2026-04-28 21:01:29,1,999
6834,REF-1027,195,2026-04-28 21:55:29,1,220
6835,REF-1002,2,2026-04-28 22:15:29,5,5995
6836,REF-1009,119,2026-04-28 22:42:29,1,1299
6837,REF-1017,372,2026-04-28 22:45:29,1,350
6838,REF-1004,461,2026-04-28 23:51:29,2,2398
6839,REF-1016,95,2026-04-29 00:33:29,1,350
6840,REF-1004,139,2026-04-29 05:01:29,1,1199
6841,REF-1002,50,2026-04-29 05:17:29,3,3597
6842,REF-1006,89,2026-04-29 05:44:29,1,799
6843,REF-1026,174,2026-04-29 06:33:29,1,450
6844,REF-1026,107,2026-04-29 06:39:29,1,450
6845,REF-1010,312,2026-04-29 07:03:29,1,1299
6846,REF-1029,379,2026-04-29 08:04:29,1,220
6847,REF-1021,385,2026-04-29 09:02:29,1,250
6848,REF-1000,298,2026-04-29 09:32:29,3,2997
6849,REF-1017,425,2026-04-29 10:58:29,1,350
6850,REF-1022,493,2026-04-29 11:09:29,1,400
6851,REF-1005,288,2026-04-29 11:34:29,1,799
6852,REF-1025,58,2026-04-29 11:48:29,1,450
6853,REF-1008,356,2026-04-29 12:15:29,1,899
6854,REF-1001,22,2026-04-29 13:31:29,1,999
6855,REF-1007,73,2026-04-29 13:35:29,1,899
6856,REF-1012,385,2026-04-29 13:50:29,1,450
6857,REF-1028,18,2026-04-29 13:54:29,1,220
6858,REF-1004,435,2026-04-29 15:28:29,1,1199
6859,REF-1022,194,2026-04-29 17:07:29,1,400
6860,REF-1021,232,2026-04-29 18:10:29,1,250
6861,REF-1028,217,2026-04-29 18:17:29,5,1100
6862,REF-1001,203,2026-04-29 18:45:29,1,999
6863,REF-1028,79,2026-04-29 19:04:29,1,220
6864,REF-1020,235,2026-04-29 19:41:29,1,250
6865,REF-1002,321,2026-04-29 19:46:29,1,1199
6866,REF-1013,226,2026-04-29 21:55:29,1,299
6867,REF-1021,249,2026-04-29 22:06:29,1,250
6868,REF-1017,108,2026-04-29 22:42:29,1,350
6869,REF-1014,137,2026-04-29 23:09:29,1,299
6870,REF-1025,448,2026-04-29 23:55:29,1,450
6871,REF-1027,479,2026-04-30 05:12:29,2,440
6872,REF-1002,241,2026-04-30 05:39:29,1,1199
6873,REF-1026,421,2026-04-30 07:13:29,1,450
6874,REF-1022,144,2026-04-30 09:24:29,2,800
6875,REF-1006,103,2026-04-30 11:38:29,1,799
6876,REF-1001,247,2026-04-30 12:57:29,1,999
6877,REF-1005,281,2026-04-30 13:03:29,1,799
6878,REF-1005,451,2026-04-30 13:16:29,1,799
6879,REF-1012,169,2026-04-30 15:19:29,2,900
6880,REF-1025,296,2026-04-30 19:39:29,1,450
6881,REF-1012,332,2026-05-01 00:09:29,1,450
6882,REF-1013,458,2026-05-01 00:15:29,1,299
6883,REF-1012,259,2026-05-01 01:48:29,3,1350
6884,REF-1026,460,2026-05-01 02:01:29,1,450
6885,REF-1029,385,2026-05-01 02:57:29,1,220
6886,REF-1003,200,2026-05-01 05:10:29,1,1199
6887,REF-1024,276,2026-05-01 08:04:29,1,450
6888,REF-1016,170,2026-05-01 08:30:29,2,700
6889,REF-1029,190,2026-05-01 09:06:29,1,220
6890,REF-1018,217,2026-05-01 09:54:29,1,850
6891,REF-1026,123,2026-05-01 11:19:29,1,450
6892,REF-1018,290,2026-05-01 13:31:29,1,850
6893,REF-1029,342,2026-05-01 19:51:29,1,220
6894,REF-1004,499,2026-05-01 20:49:29,1,1199
6895,REF-1027,212,2026-05-01 21:19:29,1,220
6896,REF-1015,201,2026-05-01 22:01:29,1,299
6897,REF-1028,36,2026-05-01 22:55:29,1,220
6898,REF-1008,345,2026-05-01 23:51:29,1,899
6899,REF-1012,263,2026-05-02 00:05:29,1,450
6900,REF-1027,153,2026-05-02 03:23:29,1,220
6901,REF-1000,175,2026-05-02 03:41:29,5,4995
6902,REF-1007,457,2026-05-02 06:45:29,1,899
6903,REF-1024,112,2026-05-02 07:13:29,1,450
6904,REF-1027,320,2026-05-02 07:17:29,1,220
6905,REF-1016,313,2026-05-02 07:27:29,1,350
6906,REF-1000,223,2026-05-02 08:32:29,4,3996
6907,REF-1027,102,2026-05-02 09:31:29,3,660
6908,REF-1000,449,2026-05-02 10:31:29,2,1998
6909,REF-1029,225,2026-05-02 11:33:29,1,220
6910,REF-1016,68,2026-05-02 12:40:29,1,350
6911,REF-1026,234,2026-05-02 14:23:29,1,450
6912,REF-1011,53,2026-05-02 15:51:29,1,450
6913,REF-1026,253,2026-05-02 17:50:29,1,450
6914,REF-1028,436,2026-05-02 18:58:29,1,220
6915,REF-1015,148,2026-05-02 18:59:29,1,299
6916,REF-1028,38,2026-05-02 19:15:29,1,220
6917,REF-1014,353,2026-05-02 22:54:29,1,299
6918,REF-1028,205,2026-05-03 00:05:29,1,220
6919,REF-1010,456,2026-05-03 00:09:29,1,1299
6920,REF-1027,162,2026-05-03 00:22:29,2,440
6921,REF-1011,395,2026-05-03 03:01:29,1,450
6922,REF-1017,424,2026-05-03 03:41:29,1,350
6923,REF-1018,205,2026-05-03 04:02:29,1,850
6924,REF-1002,200,2026-05-03 05:15:29,1,1199
6925,REF-1022,168,2026-05-03 06:12:29,1,400
6926,REF-1003,369,2026-05-03 06:24:29,1,1199
6927,REF-1021,193,2026-05-03 07:50:29,1,250
6928,REF-1014,184,2026-05-03 08:19:29,1,299
6929,REF-1027,213,2026-05-03 09:58:29,1,220
6930,REF-1025,409,2026-05-03 11:16:29,1,450
6931,REF-1023,335,2026-05-03 13:09:29,1,400
6932,REF-1011,271,2026-05-03 13:22:29,3,1350
6933,REF-1018,5,2026-05-03 13:39:29,1,850
6934,REF-1010,498,2026-05-03 15:46:29,1,1299
6935,REF-1019,213,2026-05-03 16:16:29,1,850
6936,REF-1026,222,2026-05-03 18:09:29,1,450
6937,REF-1005,356,2026-05-03 18:10:29,1,799
6938,REF-1004,455,2026-05-03 19:32:29,1,1199
6939,REF-1002,226,2026-05-03 20:01:29,1,1199
6940,REF-1003,199,2026-05-03 21:55:29,3,3597
6941,REF-1014,96,2026-05-03 22:11:29,1,299
6942,REF-1001,256,2026-05-03 22:16:29,1,999
6943,REF-1020,60,2026-05-03 22:26:29,1,250
6944,REF-1002,490,2026-05-03 22:33:29,1,1199
6945,REF-1013,99,2026-05-03 23:35:29,1,299
6946,REF-1019,158,2026-05-03 23:40:29,1,850
6947,REF-1017,339,2026-05-03 23:40:29,1,350
6948,REF-1019,421,2026-05-04 00:03:29,1,850
6949,REF-1001,100,2026-05-04 00:50:29,1,999
6950,REF-1010,176,2026-05-04 01:44:29,2,2598
6951,REF-1016,234,2026-05-04 02:32:29,1,350
6952,REF-1019,51,2026-05-04 03:43:29,1,850
6953,REF-1003,299,2026-05-04 04:57:29,2,2398
6954,REF-1006,265,2026-05-04 06:18:29,1,799
6955,REF-1012,300,2026-05-04 07:07:29,1,450
6956,REF-1022,338,2026-05-04 08:01:29,1,400
6957,REF-1002,434,2026-05-04 08:14:29,1,1199
6958,REF-1011,443,2026-05-04 11:26:29,3,1350
6959,REF-1013,460,2026-05-04 12:09:29,2,598
6960,REF-1009,202,2026-05-04 12:24:29,1,1299
6961,REF-1026,157,2026-05-04 12:29:29,1,450
6962,REF-1009,41,2026-05-04 12:31:29,1,1299
6963,REF-1017,404,2026-05-04 12:33:29,1,350
6964,REF-1016,23,2026-05-04 13:15:29,1,350
6965,REF-1008,204,2026-05-04 13:45:29,1,899
6966,REF-1002,41,2026-05-04 15:16:29,1,1199
6967,REF-1013,374,2026-05-04 16:54:29,1,299
6968,REF-1022,347,2026-05-04 17:21:29,1,400
6969,REF-1013,258,2026-05-04 18:10:29,1,299
6970,REF-1013,459,2026-05-04 19:29:29,1,299
6971,REF-1007,32,2026-05-04 21:27:29,1,899
6972,REF-1006,166,2026-05-04 22:49:29,5,3995
6973,REF-1023,24,2026-05-04 23:19:29,2,800
6974,REF-1014,235,2026-05-04 23:38:29,3,897
6975,REF-1010,130,2026-05-05 01:46:29,1,1299
6976,REF-1003,226,2026-05-05 03:32:29,3,3597
6977,REF-1002,327,2026-05-05 05:49:29,1,1199
6978,REF-1023,22,2026-05-05 06:16:29,1,400
6979,REF-1029,328,2026-05-05 06:37:29,1,220
6980,REF-1004,202,2026-05-05 07:29:29,1,1199
6981,REF-1003,105,2026-05-05 09:54:29,5,5995
6982,REF-1029,104,2026-05-05 09:57:29,1,220
6983,REF-1015,28,2026-05-05 10:30:29,1,299
6984,REF-1023,86,2026-05-05 10:40:29,3,1200
6985,REF-1012,163,2026-05-05 10:41:29,1,450
6986,REF-1022,404,2026-05-05 11:10:29,1,400
6987,REF-1004,117,2026-05-05 11:54:29,1,1199
6988,REF-1004,235,2026-05-05 12:13:29,2,2398
6989,REF-1029,203,2026-05-05 12:15:29,1,220
6990,REF-1006,21,2026-05-05 12:25:29,1,799
6991,REF-1017,85,2026-05-05 12:36:29,1,350
6992,REF-1000,32,2026-05-05 12:49:29,1,999
6993,REF-1009,212,2026-05-05 14:16:29,1,1299
6994,REF-1006,32,2026-05-05 15:31:29,1,799
6995,REF-1027,149,2026-05-05 15:34:29,1,220
6996,REF-1021,205,2026-05-05 16:01:29,4,1000
6997,REF-1010,217,2026-05-05 17:03:29,1,1299
6998,REF-1022,143,2026-05-05 18:47:29,1,400
6999,REF-1018,272,2026-05-05 18:49:29,1,850
7000,REF-1026,172,2026-05-05 19:47:29,1,450
7001,REF-1024,483,2026-05-05 20:03:29,3,1350
7002,REF-1010,183,2026-05-05 21:06:29,1,1299
7003,REF-1001,278,2026-05-05 21:14:29,1,999
7004,REF-1005,50,2026-05-05 21:22:29,1,799
7005,REF-1008,379,2026-05-05 21:57:29,1,899
7006,REF-1028,34,2026-05-05 23:32:29,2,440
7007,REF-1020,300,2026-05-06 00:07:29,1,250
7008,REF-1024,453,2026-05-06 00:35:29,1,450
7009,REF-1027,47,2026-05-06 00:45:29,1,220
7010,REF-1004,445,2026-05-06 03:26:29,1,1199
7011,REF-1020,270,2026-05-06 03:42:29,1,250
7012,REF-1011,235,2026-05-06 03:47:29,1,450
7013,REF-1026,462,2026-05-06 04:14:29,1,450
7014,REF-1029,196,2026-05-06 04:31:29,1,220
7015,REF-1001,431,2026-05-06 05:35:29,2,1998
7016,REF-1001,384,2026-05-06 06:46:29,1,999
7017,REF-1006,68,2026-05-06 07:54:29,1,799
7018,REF-1013,365,2026-05-06 08:05:29,1,299
7019,REF-1022,84,2026-05-06 09:07:29,1,400
7020,REF-1003,406,2026-05-06 11:23:29,2,2398
7021,REF-1008,365,2026-05-06 11:27:29,1,899
7022,REF-1004,359,2026-05-06 11:45:29,1,1199
7023,REF-1001,444,2026-05-06 12:36:29,1,999
7024,REF-1008,136,2026-05-06 14:40:29,1,899
7025,REF-1014,392,2026-05-06 16:10:29,1,299
7026,REF-1005,120,2026-05-06 16:14:29,1,799
7027,REF-1020,63,2026-05-06 16:38:29,2,500
7028,REF-1004,113,2026-05-06 19:10:29,1,1199
7029,REF-1003,215,2026-05-06 19:44:29,2,2398
7030,REF-1004,164,2026-05-06 20:19:29,1,1199
7031,REF-1021,500,2026-05-06 20:24:29,2,500
7032,REF-1027,445,2026-05-07 01:33:29,2,440
7033,REF-1020,419,2026-05-07 01:56:29,1,250
7034,REF-1028,339,2026-05-07 02:31:29,1,220
7035,REF-1019,149,2026-05-07 03:32:29,1,850
7036,REF-1002,100,2026-05-07 03:33:29,1,1199
7037,REF-1004,159,2026-05-07 04:02:29,1,1199
7038,REF-1029,125,2026-05-07 04:08:29,1,220
7039,REF-1002,112,2026-05-07 05:22:29,1,1199
7040,REF-1001,39,2026-05-07 05:34:29,1,999
7041,REF-1013,414,2026-05-07 06:04:29,2,598
7042,REF-1016,32,2026-05-07 07:15:29,1,350
7043,REF-1007,19,2026-05-07 07:47:29,1,899
7044,REF-1012,432,2026-05-07 08:14:29,1,450
7045,REF-1027,216,2026-05-07 08:23:29,1,220
7046,REF-1024,137,2026-05-07 08:43:29,1,450
7047,REF-1006,362,2026-05-07 08:49:29,1,799
7048,REF-1015,409,2026-05-07 10:08:29,1,299
7049,REF-1023,130,2026-05-07 10:13:29,1,400
7050,REF-1018,232,2026-05-07 10:55:29,1,850
7051,REF-1004,243,2026-05-07 11:38:29,1,1199
7052,REF-1027,345,2026-05-07 11:56:29,1,220
7053,REF-1016,142,2026-05-07 12:52:29,2,700
7054,REF-1012,249,2026-05-07 13:39:29,1,450
7055,REF-1020,168,2026-05-07 13:45:29,1,250
7056,REF-1002,204,2026-05-07 14:50:29,1,1199
7057,REF-1001,482,2026-05-07 15:51:29,1,999
7058,REF-1024,135,2026-05-07 16:29:29,1,450
7059,REF-1001,109,2026-05-07 17:28:29,1,999
7060,REF-1006,444,2026-05-07 18:10:29,1,799
7061,REF-1004,263,2026-05-07 18:10:29,1,1199
7062,REF-1004,389,2026-05-07 19:01:29,1,1199
7063,REF-1028,74,2026-05-07 19:54:29,1,220
7064,REF-1009,325,2026-05-07 19:57:29,2,2598
7065,REF-1006,26,2026-05-07 20:58:29,1,799
7066,REF-1025,88,2026-05-07 21:25:29,1,450
7067,REF-1007,255,2026-05-07 23:39:29,1,899
7068,REF-1013,410,2026-05-07 23:59:29,1,299
7069,REF-1020,67,2026-05-08 00:14:29,1,250
7070,REF-1013,241,2026-05-08 00:20:29,1,299
7071,REF-1028,119,2026-05-08 00:20:29,1,220
7072,REF-1003,432,2026-05-08 00:49:29,1,1199
7073,REF-1003,414,2026-05-08 03:34:29,1,1199
7074,REF-1027,110,2026-05-08 04:05:29,2,440
7075,REF-1025,387,2026-05-08 04:08:29,1,450
7076,REF-1022,267,2026-05-08 04:45:29,3,1200
7077,REF-1019,73,2026-05-08 05:35:29,1,850
7078,REF-1028,365,2026-05-08 06:32:29,1,220
7079,REF-1012,375,2026-05-08 06:36:29,1,450
7080,REF-1021,490,2026-05-08 06:43:29,1,250
7081,REF-1012,334,2026-05-08 07:08:29,1,450
7082,REF-1021,209,2026-05-08 08:24:29,2,500
7083,REF-1004,446,2026-05-08 08:57:29,1,1199
7084,REF-1024,114,2026-05-08 09:12:29,1,450
7085,REF-1010,358,2026-05-08 09:50:29,1,1299
7086,REF-1000,180,2026-05-08 10:01:29,2,1998
7087,REF-1005,102,2026-05-08 10:13:29,1,799
7088,REF-1019,407,2026-05-08 10:38:29,1,850
7089,REF-1020,55,2026-05-08 11:13:29,1,250
7090,REF-1024,84,2026-05-08 12:05:29,1,450
7091,REF-1017,287,2026-05-08 13:51:29,1,350
7092,REF-1023,425,2026-05-08 14:01:29,1,400
7093,REF-1026,178,2026-05-08 14:27:29,1,450
7094,REF-1021,289,2026-05-08 15:16:29,2,500
7095,REF-1004,311,2026-05-08 17:16:29,1,1199
7096,REF-1007,53,2026-05-08 17:30:29,1,899
7097,REF-1003,242,2026-05-08 18:09:29,3,3597
7098,REF-1006,34,2026-05-08 18:28:29,1,799
7099,REF-1000,459,2026-05-08 19:51:29,1,999
7100,REF-1009,282,2026-05-08 20:31:29,2,2598
7101,REF-1029,30,2026-05-08 20:53:29,1,220
7102,REF-1012,275,2026-05-08 21:31:29,1,450
7103,REF-1019,119,2026-05-08 21:49:29,5,4250
7104,REF-1008,120,2026-05-08 21:57:29,1,899
7105,REF-1028,10,2026-05-08 23:27:29,1,220
7106,REF-1021,193,2026-05-09 00:40:29,1,250
7107,REF-1020,203,2026-05-09 02:12:29,1,250
7108,REF-1016,252,2026-05-09 02:29:29,1,350
7109,REF-1014,420,2026-05-09 03:45:29,1,299
7110,REF-1002,70,2026-05-09 04:17:29,1,1199
7111,REF-1024,34,2026-05-09 04:36:29,1,450
7112,REF-1017,42,2026-05-09 05:20:29,1,350
7113,REF-1014,381,2026-05-09 05:24:29,3,897
7114,REF-1004,331,2026-05-09 06:06:29,1,1199
7115,REF-1022,115,2026-05-09 06:25:29,1,400
7116,REF-1007,335,2026-05-09 07:05:29,1,899
7117,REF-1019,335,2026-05-09 08:07:29,1,850
7118,REF-1017,217,2026-05-09 08:15:29,1,350
7119,REF-1012,334,2026-05-09 09:00:29,1,450
7120,REF-1001,273,2026-05-09 09:06:29,1,999
7121,REF-1018,353,2026-05-09 09:32:29,1,850
7122,REF-1022,109,2026-05-09 10:21:29,3,1200
7123,REF-1002,411,2026-05-09 13:08:29,1,1199
7124,REF-1004,189,2026-05-09 15:14:29,1,1199
7125,REF-1021,288,2026-05-09 15:44:29,1,250
7126,REF-1016,368,2026-05-09 16:02:29,1,350
7127,REF-1004,443,2026-05-09 16:12:29,5,5995
7128,REF-1016,356,2026-05-09 17:59:29,1,350
7129,REF-1028,490,2026-05-09 18:22:29,1,220
7130,REF-1016,31,2026-05-09 18:38:29,1,350
7131,REF-1017,472,2026-05-09 18:56:29,1,350
7132,REF-1017,39,2026-05-09 19:08:29,1,350
7133,REF-1024,145,2026-05-09 20:21:29,2,900
7134,REF-1006,146,2026-05-09 21:16:29,2,1598
7135,REF-1004,479,2026-05-09 21:22:29,1,1199
7136,REF-1013,461,2026-05-09 21:57:29,1,299
7137,REF-1025,106,2026-05-09 22:38:29,1,450
7138,REF-1011,454,2026-05-09 23:13:29,1,450
7139,REF-1012,469,2026-05-09 23:17:29,1,450
7140,REF-1016,112,2026-05-10 00:26:29,2,700
7141,REF-1017,97,2026-05-10 00:54:29,1,350
7142,REF-1024,450,2026-05-10 03:57:29,2,900
7143,REF-1015,228,2026-05-10 04:41:29,1,299
7144,REF-1009,105,2026-05-10 05:58:29,1,1299
7145,REF-1027,353,2026-05-10 06:42:29,1,220
7146,REF-1011,413,2026-05-10 09:46:29,1,450
7147,REF-1007,476,2026-05-10 10:48:29,1,899
7148,REF-1021,253,2026-05-10 12:20:29,1,250
7149,REF-1005,141,2026-05-10 12:21:29,3,2397
7150,REF-1022,122,2026-05-10 12:25:29,1,400
7151,REF-1010,318,2026-05-10 13:31:29,2,2598
7152,REF-1012,108,2026-05-10 13:52:29,1,450
7153,REF-1015,353,2026-05-10 14:14:29,1,299
7154,REF-1009,359,2026-05-10 16:10:29,1,1299
7155,REF-1000,82,2026-05-10 17:03:29,1,999
7156,REF-1016,425,2026-05-10 18:03:29,1,350
7157,REF-1006,303,2026-05-10 18:49:29,2,1598
7158,REF-1029,212,2026-05-10 18:56:29,1,220
7159,REF-1016,314,2026-05-10 19:08:29,1,350
7160,REF-1014,257,2026-05-10 19:17:29,1,299
7161,REF-1013,53,2026-05-10 19:29:29,1,299
7162,REF-1029,274,2026-05-10 19:50:29,1,220
7163,REF-1011,493,2026-05-10 21:12:29,1,450
7164,REF-1013,371,2026-05-11 00:05:29,2,598
7165,REF-1015,371,2026-05-11 00:59:29,1,299
7166,REF-1016,448,2026-05-11 01:01:29,1,350
7167,REF-1007,123,2026-05-11 02:04:29,2,1798
7168,REF-1001,105,2026-05-11 03:59:29,1,999
7169,REF-1022,83,2026-05-11 04:08:29,1,400
7170,REF-1016,56,2026-05-11 05:23:29,2,700
7171,REF-1003,356,2026-05-11 06:44:29,1,1199
7172,REF-1018,435,2026-05-11 06:57:29,1,850
7173,REF-1028,119,2026-05-11 08:13:29,1,220
7174,REF-1004,59,2026-05-11 08:42:29,2,2398
7175,REF-1002,167,2026-05-11 08:58:29,2,2398
7176,REF-1024,235,2026-05-11 09:26:29,1,450
7177,REF-1025,272,2026-05-11 09:58:29,1,450
7178,REF-1023,313,2026-05-11 10:38:29,1,400
7179,REF-1016,356,2026-05-11 11:06:29,1,350
7180,REF-1027,82,2026-05-11 11:44:29,1,220
7181,REF-1000,53,2026-05-11 13:23:29,1,999
7182,REF-1022,23,2026-05-11 15:42:29,2,800
7183,REF-1026,406,2026-05-11 16:41:29,1,450
7184,REF-1029,226,2026-05-11 17:49:29,1,220
7185,REF-1020,277,2026-05-11 18:33:29,1,250
7186,REF-1029,104,2026-05-11 19:57:29,2,440
7187,REF-1022,163,2026-05-11 21:19:29,1,400
7188,REF-1011,175,2026-05-11 21:53:29,2,900
7189,REF-1013,342,2026-05-11 21:58:29,1,299
7190,REF-1022,188,2026-05-12 00:00:29,1,400
7191,REF-1006,158,2026-05-12 00:18:29,1,799
7192,REF-1018,242,2026-05-12 01:24:29,1,850
7193,REF-1025,492,2026-05-12 01:57:29,1,450
7194,REF-1029,332,2026-05-12 02:21:29,1,220
7195,REF-1010,375,2026-05-12 04:41:29,3,3897
7196,REF-1023,317,2026-05-12 05:02:29,1,400
7197,REF-1001,34,2026-05-12 06:06:29,1,999
7198,REF-1004,10,2026-05-12 06:30:29,1,1199
7199,REF-1022,2,2026-05-12 07:52:29,1,400
7200,REF-1009,118,2026-05-12 07:54:29,1,1299
7201,REF-1022,1,2026-05-12 08:36:29,1,400
7202,REF-1012,442,2026-05-12 09:15:29,1,450
7203,REF-1022,27,2026-05-12 09:19:29,1,400
7204,REF-1004,335,2026-05-12 09:59:29,2,2398
7205,REF-1009,448,2026-05-12 10:48:29,5,6495
7206,REF-1014,262,2026-05-12 11:31:29,1,299
7207,REF-1013,191,2026-05-12 11:51:29,1,299
7208,REF-1001,244,2026-05-12 12:11:29,1,999
7209,REF-1005,417,2026-05-12 13:11:29,5,3995
7210,REF-1019,330,2026-05-12 13:37:29,1,850
7211,REF-1007,257,2026-05-12 14:17:29,1,899
7212,REF-1029,404,2026-05-12 14:24:29,1,220
7213,REF-1019,264,2026-05-12 14:27:29,1,850
7214,REF-1020,28,2026-05-12 15:33:29,1,250
7215,REF-1029,397,2026-05-12 16:33:29,1,220
7216,REF-1014,135,2026-05-12 17:31:29,1,299
7217,REF-1003,414,2026-05-12 19:01:29,2,2398
7218,REF-1000,10,2026-05-12 21:39:29,2,1998
7219,REF-1002,161,2026-05-12 21:51:29,1,1199
7220,REF-1010,122,2026-05-12 22:06:29,1,1299
7221,REF-1012,102,2026-05-12 22:58:29,1,450
7222,REF-1003,98,2026-05-12 23:45:29,1,1199
7223,REF-1003,174,2026-05-13 00:08:29,1,1199
7224,REF-1022,269,2026-05-13 00:21:29,2,800
7225,REF-1025,401,2026-05-13 01:31:29,1,450
7226,REF-1009,374,2026-05-13 01:57:29,1,1299
7227,REF-1008,244,2026-05-13 03:09:29,1,899
7228,REF-1003,425,2026-05-13 04:52:29,3,3597
7229,REF-1011,469,2026-05-13 05:05:29,1,450
7230,REF-1008,428,2026-05-13 05:16:29,1,899
7231,REF-1001,362,2026-05-13 06:33:29,1,999
7232,REF-1003,489,2026-05-13 06:56:29,1,1199
7233,REF-1018,108,2026-05-13 07:37:29,1,850
7234,REF-1022,396,2026-05-13 10:16:29,1,400
7235,REF-1008,481,2026-05-13 10:30:29,1,899
7236,REF-1005,379,2026-05-13 10:37:29,1,799
7237,REF-1022,213,2026-05-13 11:32:29,1,400
7238,REF-1029,394,2026-05-13 11:53:29,1,220
7239,REF-1006,199,2026-05-13 13:33:29,1,799
7240,REF-1029,474,2026-05-13 13:41:29,1,220
7241,REF-1023,74,2026-05-13 14:46:29,1,400
7242,REF-1021,46,2026-05-13 15:29:29,1,250
7243,REF-1014,376,2026-05-13 16:12:29,1,299
7244,REF-1012,40,2026-05-13 16:20:29,1,450
7245,REF-1025,479,2026-05-13 16:23:29,1,450
7246,REF-1000,238,2026-05-13 16:30:29,1,999
7247,REF-1016,378,2026-05-13 18:53:29,1,350
7248,REF-1010,78,2026-05-13 18:58:29,1,1299
7249,REF-1005,87,2026-05-13 19:06:29,1,799
7250,REF-1011,411,2026-05-13 19:41:29,1,450
7251,REF-1025,240,2026-05-13 20:45:29,1,450
7252,REF-1009,483,2026-05-13 22:28:29,1,1299
7253,REF-1015,117,2026-05-13 22:31:29,1,299
7254,REF-1006,416,2026-05-13 23:09:29,1,799
7255,REF-1011,187,2026-05-13 23:43:29,2,900
7256,REF-1026,478,2026-05-14 00:49:29,1,450
7257,REF-1012,23,2026-05-14 01:05:29,1,450
7258,REF-1008,405,2026-05-14 01:15:29,3,2697
7259,REF-1018,152,2026-05-14 01:48:29,2,1700
7260,REF-1005,334,2026-05-14 03:41:29,1,799
7261,REF-1006,374,2026-05-14 04:40:29,1,799
7262,REF-1005,333,2026-05-14 05:03:29,1,799
7263,REF-1013,296,2026-05-14 05:56:29,1,299
7264,REF-1011,263,2026-05-14 06:35:29,1,450
7265,REF-1029,493,2026-05-14 07:07:29,1,220
7266,REF-1002,197,2026-05-14 07:24:29,1,1199
7267,REF-1012,450,2026-05-14 07:43:29,1,450
7268,REF-1001,25,2026-05-14 09:19:29,1,999
7269,REF-1027,208,2026-05-14 11:01:29,2,440
7270,REF-1017,257,2026-05-14 11:20:29,1,350
7271,REF-1028,99,2026-05-14 11:33:29,1,220
7272,REF-1011,477,2026-05-14 11:55:29,2,900
7273,REF-1019,243,2026-05-14 12:36:29,1,850
7274,REF-1004,157,2026-05-14 13:21:29,1,1199
7275,REF-1009,148,2026-05-14 13:43:29,1,1299
7276,REF-1021,84,2026-05-14 17:04:29,1,250
7277,REF-1023,242,2026-05-14 17:43:29,1,400
7278,REF-1019,420,2026-05-14 18:38:29,1,850
7279,REF-1001,231,2026-05-14 19:34:29,1,999
7280,REF-1029,450,2026-05-14 20:08:29,1,220
7281,REF-1015,60,2026-05-14 20:59:29,1,299
7282,REF-1003,262,2026-05-14 21:23:29,1,1199
7283,REF-1021,449,2026-05-15 00:37:29,1,250
7284,REF-1007,412,2026-05-15 03:51:29,1,899
7285,REF-1007,354,2026-05-15 04:09:29,1,899
7286,REF-1010,488,2026-05-15 05:44:29,1,1299
7287,REF-1028,145,2026-05-15 05:45:29,1,220
7288,REF-1011,122,2026-05-15 06:19:29,1,450
7289,REF-1010,260,2026-05-15 09:56:29,1,1299
7290,REF-1015,311,2026-05-15 10:52:29,1,299
7291,REF-1013,359,2026-05-15 12:39:29,1,299
7292,REF-1026,420,2026-05-15 13:04:29,2,900
7293,REF-1029,35,2026-05-15 14:07:29,1,220
7294,REF-1015,361,2026-05-15 15:53:29,1,299
7295,REF-1010,497,2026-05-15 16:02:29,2,2598
7296,REF-1008,92,2026-05-15 18:01:29,1,899
7297,REF-1012,336,2026-05-15 18:11:29,1,450
7298,REF-1026,309,2026-05-15 19:18:29,1,450
7299,REF-1004,24,2026-05-15 19:47:29,1,1199
7300,REF-1010,433,2026-05-15 20:46:29,1,1299
7301,REF-1021,75,2026-05-15 21:43:29,1,250
7302,REF-1004,57,2026-05-15 23:53:29,1,1199
7303,REF-1020,161,2026-05-16 01:02:29,1,250
7304,REF-1012,350,2026-05-16 01:10:29,1,450
7305,REF-1023,497,2026-05-16 01:50:29,1,400
7306,REF-1000,436,2026-05-16 02:35:29,1,999
7307,REF-1007,126,2026-05-16 02:43:29,2,1798
7308,REF-1029,319,2026-05-16 02:46:29,1,220
7309,REF-1009,246,2026-05-16 03:53:29,1,1299
7310,REF-1009,219,2026-05-16 07:58:29,1,1299
7311,REF-1026,126,2026-05-16 09:15:29,1,450
7312,REF-1020,165,2026-05-16 09:22:29,1,250
7313,REF-1012,399,2026-05-16 10:29:29,1,450
7314,REF-1008,479,2026-05-16 10:48:29,1,899
7315,REF-1001,418,2026-05-16 11:11:29,4,3996
7316,REF-1027,230,2026-05-16 13:26:29,3,660
7317,REF-1019,110,2026-05-16 13:27:29,1,850
7318,REF-1021,107,2026-05-16 14:12:29,1,250
7319,REF-1010,302,2026-05-16 15:51:29,1,1299
7320,REF-1026,33,2026-05-16 16:26:29,1,450
7321,REF-1017,475,2026-05-16 17:24:29,1,350
7322,REF-1022,52,2026-05-16 17:28:29,1,400
7323,REF-1004,474,2026-05-16 17:33:29,1,1199
7324,REF-1028,246,2026-05-16 18:02:29,2,440
7325,REF-1006,239,2026-05-16 18:16:29,1,799
7326,REF-1014,22,2026-05-16 19:25:29,1,299
7327,REF-1010,255,2026-05-16 19:35:29,1,1299
7328,REF-1024,410,2026-05-16 19:39:29,1,450
7329,REF-1011,491,2026-05-16 19:55:29,1,450
7330,REF-1020,181,2026-05-16 20:21:29,1,250
7331,REF-1020,268,2026-05-16 22:01:29,1,250
7332,REF-1024,481,2026-05-16 22:21:29,1,450
7333,REF-1020,265,2026-05-16 23:41:29,2,500
7334,REF-1021,473,2026-05-17 00:13:29,1,250
7335,REF-1024,393,2026-05-17 00:42:29,1,450
7336,REF-1003,355,2026-05-17 01:07:29,1,1199
7337,REF-1009,199,2026-05-17 01:14:29,3,3897
7338,REF-1004,142,2026-05-17 01:54:29,3,3597
7339,REF-1001,361,2026-05-17 02:19:29,1,999
7340,REF-1024,4,2026-05-17 02:26:29,1,450
7341,REF-1013,114,2026-05-17 02:38:29,2,598
7342,REF-1021,17,2026-05-17 02:41:29,2,500
7343,REF-1015,192,2026-05-17 02:44:29,1,299
7344,REF-1016,480,2026-05-17 04:28:29,1,350
7345,REF-1003,5,2026-05-17 04:44:29,1,1199
7346,REF-1009,413,2026-05-17 05:04:29,1,1299
7347,REF-1016,424,2026-05-17 05:54:29,1,350
7348,REF-1005,193,2026-05-17 07:04:29,4,3196
7349,REF-1009,202,2026-05-17 08:44:29,3,3897
7350,REF-1008,422,2026-05-17 09:02:29,1,899
7351,REF-1007,260,2026-05-17 10:10:29,1,899
7352,REF-1004,470,2026-05-17 10:12:29,1,1199
7353,REF-1014,172,2026-05-17 10:39:29,1,299
7354,REF-1003,494,2026-05-17 10:48:29,1,1199
7355,REF-1002,67,2026-05-17 15:49:29,1,1199
7356,REF-1002,377,2026-05-17 17:06:29,1,1199
7357,REF-1004,210,2026-05-17 17:58:29,1,1199
7358,REF-1015,373,2026-05-17 18:49:29,1,299
7359,REF-1010,341,2026-05-17 19:24:29,1,1299
7360,REF-1023,121,2026-05-17 21:00:29,1,400
7361,REF-1022,103,2026-05-17 22:18:29,1,400
7362,REF-1029,460,2026-05-17 22:43:29,1,220
7363,REF-1006,447,2026-05-17 23:15:29,1,799
7364,REF-1029,24,2026-05-17 23:28:29,1,220
7365,REF-1013,106,2026-05-18 01:35:29,1,299
7366,REF-1011,196,2026-05-18 01:54:29,1,450
7367,REF-1008,104,2026-05-18 04:53:29,3,2697
7368,REF-1017,181,2026-05-18 05:13:29,1,350
7369,REF-1015,447,2026-05-18 06:13:29,1,299
7370,REF-1002,130,2026-05-18 07:11:29,1,1199
7371,REF-1022,134,2026-05-18 07:27:29,1,400
7372,REF-1028,25,2026-05-18 07:44:29,1,220
7373,REF-1011,329,2026-05-18 08:00:29,1,450
7374,REF-1017,86,2026-05-18 08:47:29,1,350
7375,REF-1021,171,2026-05-18 09:00:29,1,250
7376,REF-1003,393,2026-05-18 10:39:29,2,2398
7377,REF-1025,155,2026-05-18 12:33:29,1,450
7378,REF-1016,475,2026-05-18 13:04:29,1,350
7379,REF-1028,473,2026-05-18 13:28:29,1,220
7380,REF-1007,389,2026-05-18 13:58:29,1,899
7381,REF-1022,39,2026-05-18 14:11:29,1,400
7382,REF-1012,133,2026-05-18 14:33:29,1,450
7383,REF-1005,82,2026-05-18 14:51:29,1,799
7384,REF-1025,13,2026-05-18 16:56:29,1,450
7385,REF-1018,407,2026-05-18 17:23:29,1,850
7386,REF-1007,409,2026-05-18 17:30:29,1,899
7387,REF-1028,50,2026-05-18 18:47:29,1,220
7388,REF-1006,420,2026-05-18 18:59:29,1,799
7389,REF-1016,462,2026-05-18 19:30:29,2,700
7390,REF-1025,160,2026-05-18 21:07:29,1,450
7391,REF-1013,160,2026-05-18 21:31:29,2,598
7392,REF-1013,401,2026-05-18 22:58:29,1,299
7393,REF-1018,253,2026-05-19 02:24:29,1,850
7394,REF-1018,96,2026-05-19 02:29:29,1,850
7395,REF-1003,419,2026-05-19 05:42:29,1,1199
7396,REF-1010,243,2026-05-19 06:40:29,1,1299
7397,REF-1027,301,2026-05-19 08:39:29,1,220
7398,REF-1027,232,2026-05-19 08:57:29,1,220
7399,REF-1013,313,2026-05-19 09:51:29,3,897
7400,REF-1018,419,2026-05-19 11:11:29,1,850
7401,REF-1014,42,2026-05-19 11:22:29,1,299
7402,REF-1013,283,2026-05-19 11:36:29,1,299
7403,REF-1023,71,2026-05-19 11:42:29,4,1600
7404,REF-1010,287,2026-05-19 12:51:29,1,1299
7405,REF-1020,99,2026-05-19 14:15:29,1,250
7406,REF-1010,71,2026-05-19 14:59:29,1,1299
7407,REF-1011,414,2026-05-19 15:28:29,1,450
7408,REF-1020,484,2026-05-19 16:10:29,1,250
7409,REF-1018,121,2026-05-19 17:52:29,1,850
7410,REF-1003,482,2026-05-19 19:37:29,1,1199
7411,REF-1005,310,2026-05-19 20:31:29,1,799
7412,REF-1009,394,2026-05-19 20:32:29,1,1299
7413,REF-1025,300,2026-05-19 21:40:29,1,450
7414,REF-1026,326,2026-05-19 21:46:29,1,450
7415,REF-1014,4,2026-05-19 22:05:29,2,598
7416,REF-1018,272,2026-05-19 22:25:29,1,850
7417,REF-1023,180,2026-05-19 22:34:29,1,400
7418,REF-1001,126,2026-05-19 23:15:29,1,999
7419,REF-1027,133,2026-05-19 23:19:29,1,220
7420,REF-1020,263,2026-05-19 23:37:29,1,250
7421,REF-1000,406,2026-05-20 00:38:29,1,999
7422,REF-1026,333,2026-05-20 01:26:29,1,450
7423,REF-1010,390,2026-05-20 07:51:29,1,1299
7424,REF-1020,490,2026-05-20 07:57:29,2,500
7425,REF-1020,186,2026-05-20 08:21:29,1,250
7426,REF-1021,155,2026-05-20 08:35:29,5,1250
7427,REF-1023,206,2026-05-20 09:56:29,1,400
7428,REF-1016,166,2026-05-20 10:37:29,1,350
7429,REF-1006,345,2026-05-20 13:05:29,2,1598
7430,REF-1024,444,2026-05-20 13:15:29,2,900
7431,REF-1026,480,2026-05-20 14:09:29,1,450
7432,REF-1023,453,2026-05-20 14:12:29,1,400
7433,REF-1011,484,2026-05-20 14:35:29,1,450
7434,REF-1004,249,2026-05-20 15:20:29,1,1199
7435,REF-1023,192,2026-05-20 16:14:29,2,800
7436,REF-1016,394,2026-05-20 16:15:29,1,350
7437,REF-1024,310,2026-05-20 17:11:29,1,450
7438,REF-1018,310,2026-05-20 19:05:29,1,850
7439,REF-1021,183,2026-05-20 20:00:29,1,250
7440,REF-1024,280,2026-05-20 21:18:29,1,450
7441,REF-1022,388,2026-05-20 22:35:29,1,400
7442,REF-1011,9,2026-05-20 22:42:29,1,450
7443,REF-1017,476,2026-05-20 23:31:29,1,350
7444,REF-1000,361,2026-05-21 00:06:29,1,999
7445,REF-1025,206,2026-05-21 00:51:29,1,450
7446,REF-1020,318,2026-05-21 00:53:29,1,250
7447,REF-1019,453,2026-05-21 01:54:29,1,850
7448,REF-1001,475,2026-05-21 02:18:29,1,999
7449,REF-1022,125,2026-05-21 02:36:29,1,400
7450,REF-1028,158,2026-05-21 02:52:29,1,220
7451,REF-1020,439,2026-05-21 03:05:29,1,250
7452,REF-1011,21,2026-05-21 03:47:29,1,450
7453,REF-1025,197,2026-05-21 04:06:29,1,450
7454,REF-1024,4,2026-05-21 04:16:29,1,450
7455,REF-1018,142,2026-05-21 04:54:29,1,850
7456,REF-1020,27,2026-05-21 04:59:29,1,250
7457,REF-1010,174,2026-05-21 06:10:29,1,1299
7458,REF-1012,250,2026-05-21 07:18:29,1,450
7459,REF-1029,134,2026-05-21 07:43:29,1,220
7460,REF-1026,300,2026-05-21 09:11:29,1,450
7461,REF-1011,169,2026-05-21 10:17:29,1,450
7462,REF-1011,352,2026-05-21 11:11:29,1,450
7463,REF-1009,270,2026-05-21 12:18:29,1,1299
7464,REF-1000,277,2026-05-21 12:23:29,1,999
7465,REF-1025,229,2026-05-21 13:31:29,2,900
7466,REF-1013,414,2026-05-21 15:20:29,1,299
7467,REF-1006,332,2026-05-21 16:06:29,1,799
7468,REF-1019,406,2026-05-21 16:38:29,1,850
7469,REF-1008,197,2026-05-21 16:46:29,1,899
7470,REF-1012,169,2026-05-21 18:25:29,1,450
7471,REF-1009,160,2026-05-21 21:12:29,1,1299
7472,REF-1022,491,2026-05-21 22:08:29,2,800
7473,REF-1000,107,2026-05-21 22:21:29,1,999
7474,REF-1005,294,2026-05-21 23:09:29,1,799
7475,REF-1010,400,2026-05-22 00:21:29,1,1299
7476,REF-1010,235,2026-05-22 00:42:29,1,1299
7477,REF-1006,150,2026-05-22 00:42:29,1,799
7478,REF-1027,291,2026-05-22 00:42:29,4,880
7479,REF-1022,402,2026-05-22 00:50:29,1,400
7480,REF-1002,207,2026-05-22 01:09:29,1,1199
7481,REF-1007,94,2026-05-22 01:38:29,1,899
7482,REF-1016,336,2026-05-22 02:33:29,1,350
7483,REF-1014,246,2026-05-22 03:07:29,1,299
7484,REF-1024,424,2026-05-22 04:34:29,2,900
7485,REF-1010,265,2026-05-22 05:18:29,1,1299
7486,REF-1026,366,2026-05-22 09:58:29,1,450
7487,REF-1023,164,2026-05-22 10:51:29,1,400
7488,REF-1012,113,2026-05-22 11:07:29,1,450
7489,REF-1010,485,2026-05-22 11:20:29,1,1299
7490,REF-1026,272,2026-05-22 13:42:29,1,450
7491,REF-1010,75,2026-05-22 14:22:29,1,1299
7492,REF-1028,468,2026-05-22 15:20:29,1,220
7493,REF-1027,129,2026-05-22 15:52:29,1,220
7494,REF-1024,395,2026-05-22 20:31:29,1,450
7495,REF-1019,68,2026-05-22 22:39:29,2,1700
7496,REF-1026,129,2026-05-22 23:05:29,1,450
7497,REF-1019,428,2026-05-22 23:47:29,1,850
7498,REF-1028,220,2026-05-22 23:51:29,1,220
7499,REF-1026,341,2026-05-22 23:56:29,1,450
7500,REF-1019,14,2026-05-23 00:28:29,1,850
7501,REF-1021,161,2026-05-23 00:50:29,1,250
7502,REF-1013,138,2026-05-23 01:22:29,1,299
7503,REF-1022,308,2026-05-23 04:30:29,1,400
7504,REF-1001,155,2026-05-23 05:33:29,1,999
7505,REF-1014,462,2026-05-23 05:34:29,1,299
7506,REF-1007,297,2026-05-23 05:34:29,1,899
7507,REF-1018,166,2026-05-23 06:02:29,1,850
7508,REF-1021,78,2026-05-23 07:08:29,1,250
7509,REF-1003,490,2026-05-23 07:21:29,4,4796
7510,REF-1012,74,2026-05-23 08:08:29,1,450
7511,REF-1024,270,2026-05-23 10:53:29,1,450
7512,REF-1018,139,2026-05-23 11:30:29,2,1700
7513,REF-1007,129,2026-05-23 12:31:29,1,899
7514,REF-1027,94,2026-05-23 13:03:29,1,220
7515,REF-1028,449,2026-05-23 13:28:29,1,220
7516,REF-1029,64,2026-05-23 16:08:29,1,220
7517,REF-1005,83,2026-05-23 16:20:29,1,799
7518,REF-1026,221,2026-05-23 16:39:29,1,450
7519,REF-1025,423,2026-05-23 18:40:29,1,450
7520,REF-1016,473,2026-05-23 19:32:29,1,350
7521,REF-1013,169,2026-05-23 19:55:29,1,299
7522,REF-1014,385,2026-05-23 20:58:29,1,299
7523,REF-1013,233,2026-05-23 21:26:29,2,598
7524,REF-1016,264,2026-05-23 21:47:29,1,350
7525,REF-1027,122,2026-05-24 01:48:29,1,220
7526,REF-1027,408,2026-05-24 02:26:29,1,220
7527,REF-1000,397,2026-05-24 03:04:29,1,999
7528,REF-1020,17,2026-05-24 05:32:29,1,250
7529,REF-1019,405,2026-05-24 07:34:29,1,850
7530,REF-1029,441,2026-05-24 08:02:29,1,220
7531,REF-1014,292,2026-05-24 08:38:29,4,1196
7532,REF-1005,69,2026-05-24 08:48:29,1,799
7533,REF-1011,263,2026-05-24 10:26:29,2,900
7534,REF-1018,277,2026-05-24 10:36:29,1,850
7535,REF-1015,2,2026-05-24 11:47:29,3,897
7536,REF-1020,116,2026-05-24 12:05:29,1,250
7537,REF-1008,63,2026-05-24 13:38:29,1,899
7538,REF-1002,298,2026-05-24 14:21:29,1,1199
7539,REF-1001,252,2026-05-24 14:39:29,1,999
7540,REF-1006,450,2026-05-24 15:25:29,1,799
7541,REF-1004,125,2026-05-24 15:42:29,1,1199
7542,REF-1007,341,2026-05-24 17:26:29,2,1798
7543,REF-1019,136,2026-05-24 20:21:29,1,850
7544,REF-1011,279,2026-05-24 22:35:29,1,450
7545,REF-1024,452,2026-05-24 23:28:29,1,450
7546,REF-1022,339,2026-05-24 23:53:29,1,400
7547,REF-1023,473,2026-05-24 23:57:29,2,800
7548,REF-1006,147,2026-05-25 00:22:29,1,799
7549,REF-1024,415,2026-05-25 02:42:29,1,450
7550,REF-1029,391,2026-05-25 02:44:29,3,660
7551,REF-1008,450,2026-05-25 04:37:29,1,899
7552,REF-1006,202,2026-05-25 04:48:29,1,799
7553,REF-1021,87,2026-05-25 04:53:29,2,500
7554,REF-1026,377,2026-05-25 05:55:29,1,450
7555,REF-1005,59,2026-05-25 06:15:29,1,799
7556,REF-1008,259,2026-05-25 09:55:29,1,899
7557,REF-1016,189,2026-05-25 11:01:29,1,350
7558,REF-1010,146,2026-05-25 12:41:29,1,1299
7559,REF-1004,299,2026-05-25 13:03:29,1,1199
7560,REF-1016,175,2026-05-25 14:02:29,1,350
7561,REF-1008,278,2026-05-25 14:34:29,1,899
7562,REF-1014,364,2026-05-25 15:34:29,1,299
7563,REF-1016,262,2026-05-25 15:49:29,1,350
7564,REF-1010,239,2026-05-25 16:18:29,1,1299
7565,REF-1022,493,2026-05-25 17:08:29,1,400
7566,REF-1005,144,2026-05-25 17:18:29,1,799
7567,REF-1008,224,2026-05-25 17:42:29,1,899
7568,REF-1008,218,2026-05-25 18:47:29,1,899
7569,REF-1001,184,2026-05-25 18:48:29,1,999
7570,REF-1022,337,2026-05-25 19:32:29,1,400
7571,REF-1026,308,2026-05-25 19:35:29,1,450
7572,REF-1021,89,2026-05-25 21:05:29,1,250
7573,REF-1009,473,2026-05-26 00:49:29,1,1299
7574,REF-1011,500,2026-05-26 02:22:29,1,450
7575,REF-1018,119,2026-05-26 03:59:29,1,850
7576,REF-1010,468,2026-05-26 04:05:29,1,1299
7577,REF-1006,355,2026-05-26 04:14:29,1,799
7578,REF-1020,284,2026-05-26 04:37:29,1,250
7579,REF-1013,297,2026-05-26 04:42:29,3,897
7580,REF-1024,72,2026-05-26 05:20:29,1,450
7581,REF-1017,70,2026-05-26 06:11:29,1,350
7582,REF-1008,351,2026-05-26 06:16:29,1,899
7583,REF-1013,457,2026-05-26 08:00:29,2,598
7584,REF-1010,164,2026-05-26 08:38:29,1,1299
7585,REF-1020,143,2026-05-26 09:45:29,1,250
7586,REF-1025,311,2026-05-26 09:52:29,1,450
7587,REF-1026,221,2026-05-26 10:34:29,2,900
7588,REF-1001,185,2026-05-26 11:22:29,1,999
7589,REF-1013,412,2026-05-26 12:27:29,2,598
7590,REF-1009,49,2026-05-26 13:12:29,2,2598
7591,REF-1025,494,2026-05-26 14:24:29,1,450
7592,REF-1012,263,2026-05-26 14:28:29,1,450
7593,REF-1024,79,2026-05-26 16:15:29,1,450
7594,REF-1026,132,2026-05-26 16:17:29,3,1350
7595,REF-1027,408,2026-05-26 16:43:29,1,220
7596,REF-1013,145,2026-05-26 17:34:29,2,598
7597,REF-1002,274,2026-05-26 19:07:29,1,1199
7598,REF-1010,32,2026-05-26 21:01:29,1,1299
7599,REF-1019,286,2026-05-26 21:19:29,1,850
7600,REF-1026,266,2026-05-26 22:42:29,2,900
7601,REF-1026,43,2026-05-26 23:37:29,1,450
7602,REF-1027,482,2026-05-27 00:24:29,1,220
7603,REF-1028,379,2026-05-27 02:08:29,1,220
7604,REF-1007,72,2026-05-27 02:36:29,1,899
7605,REF-1014,146,2026-05-27 03:22:29,2,598
7606,REF-1008,467,2026-05-27 03:48:29,1,899
7607,REF-1008,337,2026-05-27 04:27:29,1,899
7608,REF-1029,371,2026-05-27 05:39:29,1,220
7609,REF-1017,143,2026-05-27 06:49:29,1,350
7610,REF-1002,278,2026-05-27 07:26:29,4,4796
7611,REF-1001,280,2026-05-27 08:27:29,1,999
7612,REF-1021,334,2026-05-27 09:03:29,1,250
7613,REF-1015,278,2026-05-27 09:08:29,5,1495
7614,REF-1029,405,2026-05-27 09:49:29,1,220
7615,REF-1024,21,2026-05-27 10:42:29,2,900
7616,REF-1027,143,2026-05-27 10:58:29,1,220
7617,REF-1000,324,2026-05-27 11:50:29,2,1998
7618,REF-1008,1,2026-05-27 13:44:29,2,1798
7619,REF-1020,336,2026-05-27 14:04:29,1,250
7620,REF-1024,117,2026-05-27 14:58:29,1,450
7621,REF-1009,331,2026-05-27 15:08:29,1,1299
7622,REF-1027,289,2026-05-27 15:41:29,1,220
7623,REF-1000,324,2026-05-27 17:39:29,1,999
7624,REF-1022,104,2026-05-27 17:40:29,2,800
7625,REF-1003,485,2026-05-27 19:59:29,1,1199
7626,REF-1019,37,2026-05-27 20:25:29,1,850
7627,REF-1024,1,2026-05-27 20:26:29,1,450
7628,REF-1026,299,2026-05-27 21:37:29,1,450
7629,REF-1019,150,2026-05-27 21:47:29,1,850
7630,REF-1009,186,2026-05-27 22:04:29,1,1299
7631,REF-1008,91,2026-05-27 23:13:29,5,4495
7632,REF-1002,491,2026-05-27 23:53:29,1,1199
7633,REF-1001,496,2026-05-28 00:14:29,2,1998
7634,REF-1020,324,2026-05-28 02:46:29,1,250
7635,REF-1002,233,2026-05-28 03:23:29,1,1199
7636,REF-1003,378,2026-05-28 03:40:29,1,1199
7637,REF-1019,31,2026-05-28 03:48:29,1,850
7638,REF-1010,271,2026-05-28 04:06:29,5,6495
7639,REF-1017,69,2026-05-28 06:33:29,1,350
7640,REF-1003,365,2026-05-28 08:22:29,1,1199
7641,REF-1002,266,2026-05-28 09:10:29,1,1199
7642,REF-1004,405,2026-05-28 09:21:29,1,1199
7643,REF-1015,467,2026-05-28 10:15:29,1,299
7644,REF-1003,101,2026-05-28 11:18:29,1,1199
7645,REF-1014,14,2026-05-28 16:48:29,2,598
7646,REF-1024,38,2026-05-28 19:12:29,1,450
7647,REF-1015,41,2026-05-28 21:04:29,1,299
7648,REF-1012,145,2026-05-28 21:31:29,1,450
7649,REF-1008,328,2026-05-28 21:44:29,1,899
7650,REF-1024,366,2026-05-28 21:52:29,1,450
7651,REF-1014,232,2026-05-28 23:22:29,1,299
7652,REF-1008,362,2026-05-28 23:35:29,1,899
7653,REF-1022,182,2026-05-29 00:15:29,1,400
7654,REF-1010,191,2026-05-29 00:40:29,1,1299
7655,REF-1026,324,2026-05-29 01:43:29,1,450
7656,REF-1027,435,2026-05-29 03:57:29,4,880
7657,REF-1024,206,2026-05-29 04:09:29,1,450
7658,REF-1012,230,2026-05-29 04:32:29,1,450
7659,REF-1004,110,2026-05-29 04:59:29,1,1199
7660,REF-1016,295,2026-05-29 05:42:29,1,350
7661,REF-1016,55,2026-05-29 06:04:29,1,350
7662,REF-1008,456,2026-05-29 06:17:29,1,899
7663,REF-1028,351,2026-05-29 08:09:29,1,220
7664,REF-1017,285,2026-05-29 09:05:29,1,350
7665,REF-1000,242,2026-05-29 09:21:29,1,999
7666,REF-1007,41,2026-05-29 09:55:29,1,899
7667,REF-1005,414,2026-05-29 10:04:29,1,799
7668,REF-1025,19,2026-05-29 10:19:29,1,450
7669,REF-1011,149,2026-05-29 10:41:29,1,450
7670,REF-1008,45,2026-05-29 10:43:29,1,899
7671,REF-1020,149,2026-05-29 11:23:29,1,250
7672,REF-1025,217,2026-05-29 11:42:29,1,450
7673,REF-1013,163,2026-05-29 12:08:29,1,299
7674,REF-1020,9,2026-05-29 14:32:29,1,250
7675,REF-1003,401,2026-05-29 18:09:29,1,1199
7676,REF-1006,131,2026-05-29 18:13:29,1,799
7677,REF-1023,306,2026-05-29 18:32:29,1,400
7678,REF-1017,154,2026-05-29 19:33:29,2,700
7679,REF-1005,4,2026-05-29 20:17:29,1,799
7680,REF-1005,50,2026-05-29 21:16:29,1,799
7681,REF-1015,109,2026-05-29 21:21:29,1,299
7682,REF-1009,222,2026-05-29 21:36:29,1,1299
7683,REF-1018,147,2026-05-29 22:34:29,1,850
7684,REF-1010,97,2026-05-29 23:46:29,1,1299
7685,REF-1010,52,2026-05-30 02:10:29,2,2598
7686,REF-1015,311,2026-05-30 02:36:29,1,299
7687,REF-1017,381,2026-05-30 02:55:29,1,350
7688,REF-1016,238,2026-05-30 04:51:29,1,350
7689,REF-1001,346,2026-05-30 05:03:29,1,999
7690,REF-1023,442,2026-05-30 05:38:29,1,400
7691,REF-1021,150,2026-05-30 05:58:29,1,250
7692,REF-1029,491,2026-05-30 06:03:29,1,220
7693,REF-1013,245,2026-05-30 06:09:29,1,299
7694,REF-1001,65,2026-05-30 06:22:29,3,2997
7695,REF-1027,263,2026-05-30 06:59:29,1,220
7696,REF-1002,116,2026-05-30 07:38:29,1,1199
7697,REF-1007,210,2026-05-30 08:25:29,1,899
7698,REF-1025,84,2026-05-30 10:09:29,1,450
7699,REF-1001,471,2026-05-30 10:28:29,1,999
7700,REF-1029,417,2026-05-30 10:51:29,1,220
7701,REF-1016,267,2026-05-30 12:21:29,1,350
7702,REF-1000,260,2026-05-30 13:06:29,1,999
7703,REF-1010,119,2026-05-30 13:15:29,1,1299
7704,REF-1026,122,2026-05-30 13:58:29,1,450
7705,REF-1024,355,2026-05-30 14:10:29,1,450
7706,REF-1010,354,2026-05-30 14:21:29,1,1299
7707,REF-1017,66,2026-05-30 16:26:29,1,350
7708,REF-1010,108,2026-05-30 17:09:29,1,1299
7709,REF-1000,82,2026-05-30 17:43:29,2,1998
7710,REF-1025,412,2026-05-30 17:52:29,1,450
7711,REF-1003,228,2026-05-30 18:03:29,1,1199
7712,REF-1016,55,2026-05-30 20:16:29,1,350
7713,REF-1021,30,2026-05-30 20:54:29,1,250
7714,REF-1018,325,2026-05-30 22:19:29,1,850
7715,REF-1006,114,2026-05-30 23:25:29,1,799
7716,REF-1000,94,2026-05-30 23:28:29,1,999
7717,REF-1005,126,2026-05-30 23:29:29,2,1598
7718,REF-1022,54,2026-05-31 00:34:29,1,400
7719,REF-1008,361,2026-05-31 00:35:29,1,899
7720,REF-1018,179,2026-05-31 02:09:29,1,850
7721,REF-1017,352,2026-05-31 04:54:29,1,350
7722,REF-1004,372,2026-05-31 05:52:29,1,1199
7723,REF-1007,269,2026-05-31 06:01:29,4,3596
7724,REF-1016,406,2026-05-31 08:07:29,1,350
7725,REF-1022,185,2026-05-31 09:29:29,1,400
7726,REF-1008,248,2026-05-31 12:11:29,1,899
7727,REF-1017,128,2026-05-31 15:13:29,2,700
7728,REF-1009,178,2026-05-31 15:31:29,5,6495
7729,REF-1011,138,2026-05-31 16:25:29,1,450
7730,REF-1022,70,2026-05-31 16:34:29,1,400
7731,REF-1022,309,2026-05-31 18:14:29,1,400
7732,REF-1003,424,2026-05-31 18:16:29,1,1199
7733,REF-1013,340,2026-05-31 20:45:29,1,299
7734,REF-1015,196,2026-05-31 21:22:29,1,299
7735,REF-1008,125,2026-05-31 21:37:29,1,899
7736,REF-1002,74,2026-05-31 22:40:29,1,1199
7737,REF-1018,392,2026-05-31 23:24:29,1,850
7738,REF-1023,178,2026-05-31 23:27:29,3,1200
7739,REF-1009,416,2026-06-01 00:51:29,1,1299
7740,REF-1000,51,2026-06-01 02:32:29,2,1998
7741,REF-1029,352,2026-06-01 03:25:29,3,660
7742,REF-1000,110,2026-06-01 03:57:29,1,999
7743,REF-1017,494,2026-06-01 04:38:29,1,350
7744,REF-1021,140,2026-06-01 05:10:29,1,250
7745,REF-1020,216,2026-06-01 05:59:29,1,250
7746,REF-1027,309,2026-06-01 09:07:29,1,220
7747,REF-1004,375,2026-06-01 12:07:29,1,1199
7748,REF-1015,314,2026-06-01 12:48:29,1,299
7749,REF-1020,262,2026-06-01 12:55:29,1,250
7750,REF-1029,217,2026-06-01 13:09:29,1,220
7751,REF-1021,412,2026-06-01 13:21:29,3,750
7752,REF-1018,285,2026-06-01 13:31:29,1,850
7753,REF-1027,377,2026-06-01 13:58:29,2,440
7754,REF-1015,462,2026-06-01 15:59:29,1,299
7755,REF-1029,285,2026-06-01 16:32:29,1,220
7756,REF-1012,472,2026-06-01 17:14:29,1,450
7757,REF-1011,168,2026-06-01 18:45:29,1,450
7758,REF-1026,163,2026-06-01 19:11:29,1,450
7759,REF-1003,375,2026-06-01 19:24:29,1,1199
7760,REF-1020,433,2026-06-01 19:30:29,1,250
7761,REF-1006,318,2026-06-01 19:33:29,1,799
7762,REF-1001,363,2026-06-01 19:38:29,1,999
7763,REF-1006,330,2026-06-01 19:39:29,1,799
7764,REF-1006,392,2026-06-01 20:54:29,1,799
7765,REF-1021,218,2026-06-01 21:52:29,1,250
7766,REF-1013,482,2026-06-01 22:00:29,1,299
7767,REF-1022,258,2026-06-01 23:17:29,1,400
7768,REF-1014,77,2026-06-02 00:14:29,1,299
7769,REF-1018,147,2026-06-02 01:56:29,1,850
7770,REF-1011,320,2026-06-02 02:09:29,1,450
7771,REF-1020,8,2026-06-02 02:58:29,2,500
7772,REF-1002,456,2026-06-02 03:04:29,1,1199
7773,REF-1013,49,2026-06-02 06:16:29,1,299
7774,REF-1019,216,2026-06-02 06:47:29,1,850
7775,REF-1020,266,2026-06-02 07:35:29,2,500
7776,REF-1018,52,2026-06-02 08:46:29,1,850
7777,REF-1023,251,2026-06-02 13:59:29,1,400
7778,REF-1009,8,2026-06-02 14:51:29,1,1299
7779,REF-1009,336,2026-06-02 15:43:29,1,1299
7780,REF-1013,126,2026-06-02 16:01:29,1,299
7781,REF-1000,64,2026-06-02 16:15:29,1,999
7782,REF-1002,128,2026-06-02 16:46:29,1,1199
7783,REF-1016,450,2026-06-02 18:16:29,1,350
7784,REF-1021,80,2026-06-02 18:36:29,2,500
7785,REF-1006,497,2026-06-02 19:30:29,1,799
7786,REF-1008,425,2026-06-02 20:54:29,1,899
7787,REF-1003,456,2026-06-02 21:19:29,1,1199
7788,REF-1017,85,2026-06-02 21:43:29,1,350
7789,REF-1019,247,2026-06-02 22:30:29,1,850
7790,REF-1015,329,2026-06-03 01:00:29,1,299
7791,REF-1027,380,2026-06-03 02:44:29,1,220
7792,REF-1013,431,2026-06-03 03:16:29,1,299
7793,REF-1002,304,2026-06-03 03:54:29,1,1199
7794,REF-1003,378,2026-06-03 05:40:29,4,4796
7795,REF-1025,133,2026-06-03 06:16:29,1,450
7796,REF-1005,170,2026-06-03 09:57:29,1,799
7797,REF-1003,278,2026-06-03 11:46:29,1,1199
7798,REF-1002,436,2026-06-03 12:23:29,2,2398
7799,REF-1016,419,2026-06-03 13:00:29,1,350
7800,REF-1018,225,2026-06-03 14:18:29,1,850
7801,REF-1025,246,2026-06-03 15:24:29,1,450
7802,REF-1014,44,2026-06-03 15:56:29,1,299
7803,REF-1028,3,2026-06-03 17:03:29,1,220
7804,REF-1012,309,2026-06-03 18:59:29,2,900
7805,REF-1006,6,2026-06-03 19:01:29,2,1598
7806,REF-1028,419,2026-06-03 19:32:29,1,220
7807,REF-1013,411,2026-06-03 19:57:29,1,299
7808,REF-1024,14,2026-06-03 20:29:29,1,450
7809,REF-1025,234,2026-06-03 21:34:29,5,2250
7810,REF-1008,413,2026-06-03 23:19:29,1,899
7811,REF-1021,114,2026-06-03 23:29:29,1,250
7812,REF-1023,315,2026-06-03 23:37:29,1,400
7813,REF-1014,228,2026-06-03 23:51:29,1,299
7814,REF-1019,427,2026-06-04 00:06:29,1,850
7815,REF-1001,245,2026-06-04 00:18:29,2,1998
7816,REF-1007,466,2026-06-04 00:45:29,2,1798
7817,REF-1021,17,2026-06-04 02:18:29,1,250
7818,REF-1009,87,2026-06-04 02:37:29,2,2598
7819,REF-1012,89,2026-06-04 03:17:29,1,450
7820,REF-1021,344,2026-06-04 06:09:29,1,250
7821,REF-1023,195,2026-06-04 06:14:29,1,400
7822,REF-1005,426,2026-06-04 06:46:29,1,799
7823,REF-1003,35,2026-06-04 07:05:29,3,3597
7824,REF-1002,422,2026-06-04 09:20:29,2,2398
7825,REF-1026,31,2026-06-04 09:46:29,1,450
7826,REF-1006,23,2026-06-04 10:12:29,1,799
7827,REF-1024,230,2026-06-04 10:21:29,1,450
7828,REF-1009,242,2026-06-04 10:57:29,3,3897
7829,REF-1008,400,2026-06-04 11:17:29,1,899
7830,REF-1020,238,2026-06-04 13:05:29,2,500
7831,REF-1001,424,2026-06-04 13:33:29,1,999
7832,REF-1023,464,2026-06-04 14:33:29,1,400
7833,REF-1008,291,2026-06-04 15:36:29,1,899
7834,REF-1008,107,2026-06-04 17:08:29,2,1798
7835,REF-1003,77,2026-06-04 17:58:29,1,1199
7836,REF-1023,444,2026-06-04 18:35:29,1,400
7837,REF-1019,426,2026-06-04 18:43:29,1,850
7838,REF-1021,153,2026-06-04 19:29:29,1,250
7839,REF-1021,137,2026-06-04 20:11:29,1,250
7840,REF-1020,142,2026-06-04 23:51:29,1,250
7841,REF-1012,76,2026-06-05 01:01:29,1,450
7842,REF-1029,384,2026-06-05 01:36:29,2,440
7843,REF-1016,240,2026-06-05 01:46:29,1,350
7844,REF-1013,136,2026-06-05 02:21:29,1,299
7845,REF-1013,307,2026-06-05 02:36:29,1,299
7846,REF-1006,452,2026-06-05 02:58:29,1,799
7847,REF-1004,250,2026-06-05 03:24:29,1,1199
7848,REF-1010,428,2026-06-05 03:32:29,1,1299
7849,REF-1007,167,2026-06-05 04:19:29,1,899
7850,REF-1020,229,2026-06-05 04:23:29,2,500
7851,REF-1000,51,2026-06-05 04:25:29,1,999
7852,REF-1015,364,2026-06-05 08:02:29,1,299
7853,REF-1023,63,2026-06-05 08:10:29,1,400
7854,REF-1024,281,2026-06-05 10:47:29,1,450
7855,REF-1003,428,2026-06-05 12:19:29,2,2398
7856,REF-1000,82,2026-06-05 15:25:29,1,999
7857,REF-1004,73,2026-06-05 16:00:29,1,1199
7858,REF-1004,174,2026-06-05 16:38:29,1,1199
7859,REF-1005,151,2026-06-05 18:10:29,1,799
7860,REF-1004,331,2026-06-05 19:01:29,1,1199
7861,REF-1028,97,2026-06-05 19:51:29,1,220
7862,REF-1029,157,2026-06-05 21:52:29,1,220
7863,REF-1019,147,2026-06-05 23:25:29,1,850
7864,REF-1017,135,2026-06-05 23:50:29,1,350
7865,REF-1016,215,2026-06-06 00:46:29,1,350
7866,REF-1011,152,2026-06-06 02:38:29,1,450
7867,REF-1016,307,2026-06-06 03:34:29,1,350
7868,REF-1024,75,2026-06-06 05:17:29,1,450
7869,REF-1010,365,2026-06-06 05:21:29,1,1299
7870,REF-1018,101,2026-06-06 05:36:29,1,850
7871,REF-1001,85,2026-06-06 05:49:29,1,999
7872,REF-1021,119,2026-06-06 06:15:29,1,250
7873,REF-1010,94,2026-06-06 06:35:29,1,1299
7874,REF-1025,332,2026-06-06 06:48:29,1,450
7875,REF-1019,246,2026-06-06 07:05:29,2,1700
7876,REF-1022,243,2026-06-06 07:43:29,2,800
7877,REF-1003,238,2026-06-06 07:48:29,1,1199
7878,REF-1003,267,2026-06-06 09:19:29,1,1199
7879,REF-1002,68,2026-06-06 10:42:29,1,1199
7880,REF-1025,427,2026-06-06 10:54:29,1,450
7881,REF-1008,287,2026-06-06 10:55:29,1,899
7882,REF-1018,35,2026-06-06 10:56:29,1,850
7883,REF-1008,401,2026-06-06 11:03:29,1,899
7884,REF-1022,470,2026-06-06 11:28:29,1,400
7885,REF-1021,194,2026-06-06 11:29:29,1,250
7886,REF-1029,256,2026-06-06 12:28:29,1,220
7887,REF-1011,70,2026-06-06 13:53:29,1,450
7888,REF-1005,19,2026-06-06 15:29:29,1,799
7889,REF-1001,104,2026-06-06 16:15:29,1,999
7890,REF-1000,294,2026-06-06 17:21:29,1,999
7891,REF-1027,27,2026-06-06 18:26:29,4,880
7892,REF-1027,372,2026-06-06 18:31:29,1,220
7893,REF-1026,470,2026-06-06 19:03:29,2,900
7894,REF-1006,128,2026-06-06 19:26:29,1,799
7895,REF-1029,365,2026-06-06 19:57:29,1,220
7896,REF-1029,406,2026-06-06 20:57:29,1,220
7897,REF-1012,329,2026-06-06 21:19:29,1,450
7898,REF-1008,335,2026-06-06 22:24:29,1,899
7899,REF-1002,440,2026-06-06 23:13:29,1,1199
7900,REF-1004,467,2026-06-06 23:45:29,1,1199
7901,REF-1003,357,2026-06-07 00:44:29,1,1199
7902,REF-1009,433,2026-06-07 00:47:29,2,2598
7903,REF-1018,112,2026-06-07 01:14:29,1,850
7904,REF-1008,469,2026-06-07 02:33:29,1,899
7905,REF-1013,115,2026-06-07 02:42:29,1,299
7906,REF-1002,140,2026-06-07 03:44:29,1,1199
7907,REF-1009,267,2026-06-07 04:11:29,1,1299
7908,REF-1016,203,2026-06-07 04:11:29,1,350
7909,REF-1029,145,2026-06-07 06:10:29,1,220
7910,REF-1028,85,2026-06-07 06:38:29,1,220
7911,REF-1005,282,2026-06-07 08:23:29,1,799
7912,REF-1000,52,2026-06-07 09:43:29,1,999
7913,REF-1016,124,2026-06-07 10:50:29,1,350
7914,REF-1026,368,2026-06-07 11:31:29,1,450
7915,REF-1005,297,2026-06-07 12:15:29,1,799
7916,REF-1001,215,2026-06-07 12:30:29,1,999
7917,REF-1027,28,2026-06-07 12:43:29,1,220
7918,REF-1010,346,2026-06-07 12:59:29,1,1299
7919,REF-1008,260,2026-06-07 13:14:29,1,899
7920,REF-1021,104,2026-06-07 13:45:29,3,750
7921,REF-1023,28,2026-06-07 14:16:29,2,800
7922,REF-1004,266,2026-06-07 14:29:29,2,2398
7923,REF-1014,297,2026-06-07 16:07:29,1,299
7924,REF-1018,9,2026-06-07 17:45:29,1,850
7925,REF-1008,92,2026-06-07 18:07:29,1,899
7926,REF-1001,383,2026-06-07 18:15:29,1,999
7927,REF-1011,167,2026-06-07 18:39:29,1,450
7928,REF-1009,473,2026-06-07 19:43:29,2,2598
7929,REF-1011,30,2026-06-07 20:04:29,1,450
7930,REF-1018,261,2026-06-07 20:07:29,2,1700
7931,REF-1028,298,2026-06-07 20:28:29,1,220
7932,REF-1004,73,2026-06-07 22:03:29,1,1199
7933,REF-1005,499,2026-06-07 22:05:29,1,799
7934,REF-1011,474,2026-06-07 22:31:29,1,450
7935,REF-1025,12,2026-06-07 22:32:29,1,450
7936,REF-1029,48,2026-06-07 22:56:29,1,220
7937,REF-1029,158,2026-06-07 23:02:29,1,220
7938,REF-1010,293,2026-06-08 00:00:29,1,1299
7939,REF-1023,351,2026-06-08 00:09:29,1,400
7940,REF-1014,3,2026-06-08 00:23:29,1,299
7941,REF-1003,309,2026-06-08 02:16:29,1,1199
7942,REF-1007,271,2026-06-08 02:50:29,1,899
7943,REF-1014,30,2026-06-08 03:18:29,1,299
7944,REF-1022,396,2026-06-08 04:18:29,1,400
7945,REF-1005,272,2026-06-08 05:30:29,2,1598
7946,REF-1018,205,2026-06-08 09:02:29,1,850
7947,REF-1022,293,2026-06-08 09:18:29,2,800
7948,REF-1013,7,2026-06-08 11:02:29,1,299
7949,REF-1012,129,2026-06-08 12:43:29,1,450
7950,REF-1015,311,2026-06-08 13:12:29,3,897
7951,REF-1003,404,2026-06-08 13:56:29,1,1199
7952,REF-1013,39,2026-06-08 14:14:29,1,299
7953,REF-1018,483,2026-06-08 14:45:29,1,850
7954,REF-1005,203,2026-06-08 15:10:29,1,799
7955,REF-1008,379,2026-06-08 15:10:29,1,899
7956,REF-1021,57,2026-06-08 15:23:29,2,500
7957,REF-1022,453,2026-06-08 17:10:29,1,400
7958,REF-1019,64,2026-06-08 17:14:29,1,850
7959,REF-1004,428,2026-06-08 17:31:29,1,1199
7960,REF-1025,210,2026-06-08 17:36:29,1,450
7961,REF-1025,193,2026-06-08 17:41:29,1,450
7962,REF-1003,229,2026-06-08 17:59:29,5,5995
7963,REF-1001,368,2026-06-08 18:20:29,1,999
7964,REF-1018,220,2026-06-08 20:43:29,1,850
7965,REF-1009,107,2026-06-08 20:46:29,1,1299
7966,REF-1025,472,2026-06-08 20:53:29,3,1350
7967,REF-1028,184,2026-06-08 21:44:29,1,220
7968,REF-1003,219,2026-06-09 00:22:29,1,1199
7969,REF-1016,299,2026-06-09 02:08:29,1,350
7970,REF-1015,198,2026-06-09 04:38:29,1,299
7971,REF-1008,382,2026-06-09 05:58:29,1,899
7972,REF-1001,277,2026-06-09 07:03:29,1,999
7973,REF-1011,51,2026-06-09 07:31:29,1,450
7974,REF-1005,286,2026-06-09 08:28:29,1,799
7975,REF-1007,31,2026-06-09 08:33:29,1,899
7976,REF-1013,227,2026-06-09 08:34:29,1,299
7977,REF-1001,236,2026-06-09 10:15:29,1,999
7978,REF-1006,254,2026-06-09 10:50:29,1,799
7979,REF-1020,385,2026-06-09 10:53:29,1,250
7980,REF-1017,192,2026-06-09 11:16:29,1,350
7981,REF-1025,232,2026-06-09 12:52:29,1,450
7982,REF-1011,411,2026-06-09 13:15:29,3,1350
7983,REF-1012,420,2026-06-09 13:52:29,1,450
7984,REF-1005,352,2026-06-09 14:24:29,1,799
7985,REF-1003,359,2026-06-09 14:30:29,1,1199
7986,REF-1025,201,2026-06-09 14:47:29,1,450
7987,REF-1025,14,2026-06-09 14:51:29,1,450
7988,REF-1023,337,2026-06-09 15:16:29,1,400
7989,REF-1014,127,2026-06-09 17:27:29,2,598
7990,REF-1014,57,2026-06-09 17:58:29,1,299
7991,REF-1017,403,2026-06-09 18:37:29,1,350
7992,REF-1021,33,2026-06-09 18:46:29,1,250
7993,REF-1027,190,2026-06-09 20:30:29,1,220
7994,REF-1000,325,2026-06-09 22:50:29,1,999
7995,REF-1010,397,2026-06-09 23:33:29,1,1299
7996,REF-1027,481,2026-06-10 01:03:29,1,220
7997,REF-1028,107,2026-06-10 02:04:29,1,220
7998,REF-1001,419,2026-06-10 03:40:29,1,999
7999,REF-1013,438,2026-06-10 05:09:29,1,299
8000,REF-1020,141,2026-06-10 05:32:29,1,250
8001,REF-1008,230,2026-06-10 06:02:29,1,899
8002,REF-1026,190,2026-06-10 07:30:29,1,450
8003,REF-1003,491,2026-06-10 07:34:29,1,1199
8004,REF-1021,308,2026-06-10 07:53:29,1,250
8005,REF-1009,381,2026-06-10 08:18:29,2,2598
8006,REF-1026,248,2026-06-10 09:44:29,1,450
8007,REF-1023,393,2026-06-10 10:27:29,1,400
8008,REF-1007,427,2026-06-10 10:48:29,1,899
8009,REF-1001,297,2026-06-10 12:23:29,1,999
8010,REF-1015,474,2026-06-10 13:15:29,1,299
8011,REF-1021,395,2026-06-10 13:26:29,2,500
8012,REF-1014,308,2026-06-10 16:24:29,1,299
8013,REF-1029,193,2026-06-10 17:16:29,2,440
8014,REF-1011,292,2026-06-10 18:50:29,1,450
8015,REF-1019,176,2026-06-10 19:25:29,2,1700
8016,REF-1017,197,2026-06-10 19:55:29,1,350
8017,REF-1027,485,2026-06-10 19:58:29,1,220
8018,REF-1019,9,2026-06-10 20:31:29,1,850
8019,REF-1007,329,2026-06-10 21:17:29,1,899
8020,REF-1006,489,2026-06-10 21:19:29,1,799
8021,REF-1020,329,2026-06-10 21:48:29,1,250
8022,REF-1022,231,2026-06-10 22:16:29,1,400
8023,REF-1003,454,2026-06-10 23:29:29,1,1199
8024,REF-1014,303,2026-06-11 00:03:29,1,299
8025,REF-1015,113,2026-06-11 00:45:29,1,299
8026,REF-1016,97,2026-06-11 01:18:29,1,350
8027,REF-1000,205,2026-06-11 01:19:29,1,999
8028,REF-1014,37,2026-06-11 01:32:29,1,299
8029,REF-1000,77,2026-06-11 01:41:29,1,999
8030,REF-1028,64,2026-06-11 02:01:29,1,220
8031,REF-1016,408,2026-06-11 03:55:29,3,1050
8032,REF-1007,440,2026-06-11 04:30:29,1,899
8033,REF-1016,158,2026-06-11 06:46:29,1,350
8034,REF-1025,18,2026-06-11 07:11:29,1,450
8035,REF-1020,466,2026-06-11 08:14:29,1,250
8036,REF-1029,482,2026-06-11 08:49:29,1,220
8037,REF-1014,66,2026-06-11 08:57:29,1,299
8038,REF-1020,302,2026-06-11 09:01:29,2,500
8039,REF-1021,425,2026-06-11 11:52:29,1,250
8040,REF-1019,205,2026-06-11 12:26:29,1,850
8041,REF-1023,249,2026-06-11 14:15:29,2,800
8042,REF-1018,135,2026-06-11 15:58:29,1,850
8043,REF-1005,495,2026-06-11 16:41:29,2,1598
8044,REF-1016,281,2026-06-11 17:20:29,3,1050
8045,REF-1019,255,2026-06-11 18:44:29,3,2550
8046,REF-1008,83,2026-06-11 19:33:29,1,899
8047,REF-1011,377,2026-06-11 20:37:29,1,450
8048,REF-1018,318,2026-06-11 20:54:29,1,850
8049,REF-1016,479,2026-06-11 21:01:29,1,350
8050,REF-1014,350,2026-06-11 22:07:29,1,299
8051,REF-1025,218,2026-06-11 23:18:29,1,450
8052,REF-1028,361,2026-06-12 00:39:29,1,220
8053,REF-1021,296,2026-06-12 02:26:29,1,250
8054,REF-1025,15,2026-06-12 02:33:29,1,450
8055,REF-1024,4,2026-06-12 03:37:29,1,450
8056,REF-1000,295,2026-06-12 04:32:29,3,2997
8057,REF-1020,238,2026-06-12 06:09:29,1,250
8058,REF-1008,122,2026-06-12 07:30:29,1,899
8059,REF-1014,373,2026-06-12 10:33:29,1,299
8060,REF-1008,395,2026-06-12 11:13:29,1,899
8061,REF-1015,299,2026-06-12 11:48:29,1,299
8062,REF-1009,347,2026-06-12 12:18:29,1,1299
8063,REF-1023,19,2026-06-12 13:41:29,1,400
8064,REF-1020,243,2026-06-12 14:01:29,1,250
8065,REF-1001,422,2026-06-12 14:05:29,1,999
8066,REF-1023,445,2026-06-12 14:18:29,1,400
8067,REF-1015,30,2026-06-12 15:13:29,1,299
8068,REF-1015,433,2026-06-12 15:13:29,1,299
8069,REF-1010,107,2026-06-12 15:20:29,1,1299
8070,REF-1029,277,2026-06-12 15:23:29,1,220
8071,REF-1012,297,2026-06-12 16:26:29,1,450
8072,REF-1010,138,2026-06-12 16:46:29,1,1299
8073,REF-1010,216,2026-06-12 17:12:29,1,1299
8074,REF-1026,216,2026-06-12 17:14:29,1,450
8075,REF-1022,106,2026-06-12 19:32:29,1,400
8076,REF-1016,423,2026-06-12 19:34:29,1,350
8077,REF-1020,223,2026-06-12 20:01:29,1,250
8078,REF-1024,76,2026-06-12 21:41:29,1,450
8079,REF-1004,478,2026-06-13 00:23:29,1,1199
8080,REF-1017,229,2026-06-13 00:52:29,1,350
8081,REF-1011,8,2026-06-13 01:10:29,1,450
8082,REF-1009,154,2026-06-13 01:37:29,1,1299
8083,REF-1019,484,2026-06-13 01:46:29,1,850
8084,REF-1029,77,2026-06-13 03:16:29,1,220
8085,REF-1027,344,2026-06-13 03:32:29,1,220
8086,REF-1029,318,2026-06-13 06:07:29,1,220
8087,REF-1029,262,2026-06-13 06:26:29,1,220
8088,REF-1012,375,2026-06-13 07:03:29,1,450
8089,REF-1007,468,2026-06-13 07:25:29,1,899
8090,REF-1026,298,2026-06-13 08:00:29,1,450
8091,REF-1022,370,2026-06-13 09:48:29,2,800
8092,REF-1016,206,2026-06-13 09:52:29,1,350
8093,REF-1012,97,2026-06-13 11:41:29,1,450
8094,REF-1024,419,2026-06-13 11:42:29,1,450
8095,REF-1011,268,2026-06-13 13:55:29,1,450
8096,REF-1022,396,2026-06-13 15:56:29,1,400
8097,REF-1025,431,2026-06-13 17:42:29,1,450
8098,REF-1005,39,2026-06-13 20:08:29,2,1598
8099,REF-1009,487,2026-06-13 20:26:29,1,1299
8100,REF-1000,228,2026-06-13 21:36:29,1,999
8101,REF-1017,291,2026-06-13 22:11:29,1,350
8102,REF-1011,241,2026-06-13 22:51:29,1,450
8103,REF-1029,355,2026-06-13 23:49:29,2,440
8104,REF-1006,111,2026-06-14 00:28:29,1,799
8105,REF-1000,480,2026-06-14 02:43:29,1,999
8106,REF-1015,202,2026-06-14 03:10:29,1,299
8107,REF-1012,184,2026-06-14 03:12:29,1,450
8108,REF-1006,269,2026-06-14 04:29:29,1,799
8109,REF-1020,227,2026-06-14 04:58:29,1,250
8110,REF-1010,359,2026-06-14 06:23:29,1,1299
8111,REF-1020,392,2026-06-14 07:05:29,1,250
8112,REF-1017,132,2026-06-14 07:42:29,1,350
8113,REF-1009,405,2026-06-14 09:12:29,1,1299
8114,REF-1012,318,2026-06-14 10:33:29,1,450
8115,REF-1026,198,2026-06-14 11:16:29,2,900
8116,REF-1004,51,2026-06-14 12:45:29,1,1199
8117,REF-1019,182,2026-06-14 12:49:29,1,850
8118,REF-1023,24,2026-06-14 13:04:29,1,400
8119,REF-1016,5,2026-06-14 13:47:29,3,1050
8120,REF-1018,338,2026-06-14 14:15:29,1,850
8121,REF-1027,323,2026-06-14 16:44:29,1,220
8122,REF-1016,208,2026-06-14 18:04:29,2,700
8123,REF-1014,382,2026-06-14 18:14:29,1,299
8124,REF-1018,225,2026-06-14 18:44:29,1,850
8125,REF-1003,291,2026-06-14 19:09:29,1,1199
8126,REF-1017,160,2026-06-14 19:27:29,3,1050
8127,REF-1007,153,2026-06-14 20:27:29,1,899
8128,REF-1019,396,2026-06-14 20:34:29,1,850
8129,REF-1016,308,2026-06-14 21:09:29,1,350
8130,REF-1000,55,2026-06-14 21:53:29,1,999
8131,REF-1027,288,2026-06-14 22:07:29,1,220
8132,REF-1008,128,2026-06-14 22:30:29,1,899
8133,REF-1008,416,2026-06-14 23:13:29,1,899
8134,REF-1014,350,2026-06-15 00:25:29,1,299
8135,REF-1002,397,2026-06-15 00:37:29,3,3597
8136,REF-1019,320,2026-06-15 01:40:29,1,850
8137,REF-1000,20,2026-06-15 02:22:29,1,999
8138,REF-1014,350,2026-06-15 02:39:29,1,299
8139,REF-1020,469,2026-06-15 02:51:29,1,250
8140,REF-1028,32,2026-06-15 03:30:29,1,220
8141,REF-1013,332,2026-06-15 03:52:29,1,299
8142,REF-1021,416,2026-06-15 03:59:29,1,250
8143,REF-1004,494,2026-06-15 04:13:29,1,1199
8144,REF-1001,255,2026-06-15 04:46:29,1,999
8145,REF-1000,162,2026-06-15 05:46:29,2,1998
8146,REF-1014,221,2026-06-15 07:37:29,1,299
8147,REF-1023,172,2026-06-15 09:21:29,1,400
8148,REF-1006,106,2026-06-15 10:41:29,1,799
8149,REF-1011,246,2026-06-15 10:54:29,1,450
8150,REF-1010,185,2026-06-15 11:02:29,3,3897
8151,REF-1011,397,2026-06-15 11:48:29,1,450
8152,REF-1018,290,2026-06-15 11:56:29,1,850
8153,REF-1009,57,2026-06-15 12:38:29,1,1299
8154,REF-1022,202,2026-06-15 12:48:29,1,400
8155,REF-1018,458,2026-06-15 14:23:29,1,850
8156,REF-1015,109,2026-06-15 14:38:29,1,299
8157,REF-1004,20,2026-06-15 16:26:29,1,1199
8158,REF-1026,143,2026-06-15 17:03:29,2,900
8159,REF-1021,473,2026-06-15 18:18:29,1,250
8160,REF-1016,135,2026-06-15 18:51:29,1,350
8161,REF-1027,245,2026-06-15 19:01:29,1,220
8162,REF-1013,219,2026-06-15 19:46:29,1,299
8163,REF-1027,334,2026-06-15 19:49:29,1,220
8164,REF-1027,199,2026-06-15 20:17:29,1,220
8165,REF-1029,98,2026-06-15 21:22:29,2,440
8166,REF-1029,340,2026-06-15 21:56:29,1,220
8167,REF-1022,94,2026-06-16 00:24:29,1,400
8168,REF-1026,495,2026-06-16 00:44:29,1,450
8169,REF-1003,335,2026-06-16 01:03:29,1,1199
8170,REF-1025,395,2026-06-16 02:04:29,1,450
8171,REF-1010,359,2026-06-16 02:42:29,1,1299
8172,REF-1003,22,2026-06-16 02:56:29,1,1199
8173,REF-1009,368,2026-06-16 03:24:29,2,2598
8174,REF-1007,282,2026-06-16 03:28:29,1,899
8175,REF-1005,473,2026-06-16 05:36:29,1,799
8176,REF-1029,331,2026-06-16 07:16:29,1,220
8177,REF-1020,435,2026-06-16 10:15:29,1,250
8178,REF-1021,127,2026-06-16 10:20:29,2,500
8179,REF-1007,146,2026-06-16 11:12:29,1,899
8180,REF-1001,64,2026-06-16 11:41:29,1,999
8181,REF-1011,16,2026-06-16 12:07:29,2,900
8182,REF-1021,376,2026-06-16 13:15:29,1,250
8183,REF-1026,313,2026-06-16 14:21:29,1,450
8184,REF-1021,133,2026-06-16 14:39:29,1,250
8185,REF-1026,302,2026-06-16 17:17:29,1,450
8186,REF-1023,187,2026-06-16 18:02:29,1,400
8187,REF-1003,328,2026-06-16 18:39:29,1,1199
8188,REF-1016,125,2026-06-16 21:12:29,1,350
8189,REF-1005,341,2026-06-16 21:52:29,1,799
8190,REF-1008,350,2026-06-16 21:58:29,2,1798
8191,REF-1002,144,2026-06-16 23:49:29,3,3597
8192,REF-1024,196,2026-06-17 00:08:29,1,450
8193,REF-1017,333,2026-06-17 01:02:29,1,350
8194,REF-1021,245,2026-06-17 02:09:29,1,250
8195,REF-1018,132,2026-06-17 02:14:29,1,850
8196,REF-1009,311,2026-06-17 02:22:29,1,1299
8197,REF-1002,99,2026-06-17 02:52:29,1,1199
8198,REF-1010,140,2026-06-17 03:36:29,1,1299
8199,REF-1006,236,2026-06-17 04:36:29,1,799
8200,REF-1011,177,2026-06-17 05:11:29,1,450
8201,REF-1013,78,2026-06-17 07:01:29,4,1196
8202,REF-1026,380,2026-06-17 07:16:29,1,450
8203,REF-1021,349,2026-06-17 09:00:29,1,250
8204,REF-1012,194,2026-06-17 09:27:29,1,450
8205,REF-1013,378,2026-06-17 10:23:29,1,299
8206,REF-1000,181,2026-06-17 11:15:29,1,999
8207,REF-1016,466,2026-06-17 11:18:29,1,350
8208,REF-1027,84,2026-06-17 14:00:29,1,220
8209,REF-1021,13,2026-06-17 15:55:29,2,500
8210,REF-1001,218,2026-06-17 16:02:29,1,999
8211,REF-1001,262,2026-06-17 17:13:29,1,999
8212,REF-1021,228,2026-06-17 17:46:29,3,750
8213,REF-1019,381,2026-06-17 18:43:29,1,850
8214,REF-1028,111,2026-06-17 18:44:29,1,220
8215,REF-1010,140,2026-06-17 19:40:29,1,1299
8216,REF-1007,14,2026-06-17 21:55:29,1,899
8217,REF-1003,152,2026-06-17 22:59:29,1,1199
8218,REF-1029,452,2026-06-18 00:56:29,1,220
8219,REF-1024,488,2026-06-18 01:23:29,1,450
8220,REF-1009,279,2026-06-18 03:08:29,3,3897
8221,REF-1028,451,2026-06-18 05:20:29,1,220
8222,REF-1002,158,2026-06-18 05:42:29,1,1199
8223,REF-1013,214,2026-06-18 05:53:29,1,299
8224,REF-1027,137,2026-06-18 06:06:29,1,220
8225,REF-1019,400,2026-06-18 06:19:29,1,850
8226,REF-1007,246,2026-06-18 07:48:29,1,899
8227,REF-1017,466,2026-06-18 08:02:29,1,350
8228,REF-1007,414,2026-06-18 08:05:29,1,899
8229,REF-1025,350,2026-06-18 08:38:29,1,450
8230,REF-1017,221,2026-06-18 09:51:29,1,350
8231,REF-1029,145,2026-06-18 10:28:29,2,440
8232,REF-1016,25,2026-06-18 11:49:29,1,350
8233,REF-1027,345,2026-06-18 12:46:29,1,220
8234,REF-1026,387,2026-06-18 13:17:29,2,900
8235,REF-1005,393,2026-06-18 13:22:29,1,799
8236,REF-1003,191,2026-06-18 15:56:29,1,1199
8237,REF-1000,69,2026-06-18 16:00:29,1,999
8238,REF-1025,113,2026-06-18 17:32:29,1,450
8239,REF-1022,222,2026-06-18 18:48:29,1,400
8240,REF-1013,62,2026-06-18 19:19:29,1,299
8241,REF-1001,208,2026-06-18 19:30:29,1,999
8242,REF-1019,460,2026-06-18 19:41:29,1,850
8243,REF-1001,183,2026-06-18 20:10:29,1,999
8244,REF-1021,318,2026-06-18 20:28:29,2,500
8245,REF-1000,427,2026-06-18 20:32:29,2,1998
8246,REF-1003,457,2026-06-18 20:47:29,1,1199
8247,REF-1029,346,2026-06-18 22:13:29,1,220
8248,REF-1005,353,2026-06-18 23:47:29,1,799
8249,REF-1006,408,2026-06-19 01:27:29,1,799
8250,REF-1023,454,2026-06-19 01:34:29,1,400
8251,REF-1028,55,2026-06-19 03:33:29,3,660
8252,REF-1025,205,2026-06-19 05:31:29,1,450
8253,REF-1010,6,2026-06-19 07:08:29,1,1299
8254,REF-1021,327,2026-06-19 07:59:29,1,250
8255,REF-1015,26,2026-06-19 08:22:29,1,299
8256,REF-1011,40,2026-06-19 08:31:29,1,450
8257,REF-1027,147,2026-06-19 08:45:29,1,220
8258,REF-1004,147,2026-06-19 12:48:29,1,1199
8259,REF-1013,286,2026-06-19 14:07:29,1,299
8260,REF-1009,274,2026-06-19 16:37:29,1,1299
8261,REF-1017,408,2026-06-19 18:13:29,1,350
8262,REF-1017,274,2026-06-19 18:53:29,1,350
8263,REF-1024,15,2026-06-19 20:30:29,1,450
8264,REF-1000,122,2026-06-19 20:58:29,1,999
8265,REF-1001,484,2026-06-19 21:03:29,1,999
8266,REF-1001,397,2026-06-19 21:40:29,1,999
8267,REF-1001,101,2026-06-19 23:14:29,1,999
8268,REF-1016,46,2026-06-19 23:31:29,1,350
8269,REF-1025,161,2026-06-20 01:39:29,1,450
8270,REF-1000,170,2026-06-20 01:48:29,1,999
8271,REF-1016,327,2026-06-20 02:38:29,1,350
8272,REF-1014,470,2026-06-20 03:13:29,1,299
8273,REF-1001,324,2026-06-20 03:24:29,1,999
8274,REF-1011,142,2026-06-20 03:39:29,1,450
8275,REF-1010,461,2026-06-20 04:21:29,1,1299
8276,REF-1007,265,2026-06-20 05:10:29,1,899
8277,REF-1009,153,2026-06-20 07:43:29,1,1299
8278,REF-1007,141,2026-06-20 08:43:29,2,1798
8279,REF-1009,461,2026-06-20 08:47:29,1,1299
8280,REF-1002,58,2026-06-20 08:57:29,4,4796
8281,REF-1017,164,2026-06-20 09:01:29,1,350
8282,REF-1004,160,2026-06-20 09:01:29,1,1199
8283,REF-1008,235,2026-06-20 09:37:29,1,899
8284,REF-1007,416,2026-06-20 09:38:29,1,899
8285,REF-1019,48,2026-06-20 10:46:29,1,850
8286,REF-1006,393,2026-06-20 12:02:29,1,799
8287,REF-1009,417,2026-06-20 15:25:29,1,1299
8288,REF-1022,192,2026-06-20 15:40:29,1,400
8289,REF-1023,242,2026-06-20 17:07:29,1,400
8290,REF-1024,385,2026-06-20 18:26:29,1,450
8291,REF-1000,365,2026-06-20 18:58:29,1,999
8292,REF-1005,389,2026-06-20 21:29:29,2,1598
8293,REF-1019,41,2026-06-20 22:29:29,1,850
8294,REF-1021,197,2026-06-21 01:46:29,1,250
8295,REF-1005,322,2026-06-21 01:48:29,1,799
8296,REF-1020,308,2026-06-21 02:24:29,1,250
8297,REF-1010,176,2026-06-21 04:35:29,1,1299
8298,REF-1006,493,2026-06-21 05:06:29,1,799
8299,REF-1027,301,2026-06-21 05:48:29,1,220
8300,REF-1013,268,2026-06-21 07:00:29,1,299
8301,REF-1005,337,2026-06-21 09:45:29,1,799
8302,REF-1005,14,2026-06-21 11:41:29,1,799
8303,REF-1014,328,2026-06-21 13:21:29,3,897
8304,REF-1020,27,2026-06-21 14:16:29,5,1250
8305,REF-1013,309,2026-06-21 15:11:29,1,299
8306,REF-1012,381,2026-06-21 15:31:29,1,450
8307,REF-1012,338,2026-06-21 16:26:29,2,900
8308,REF-1018,478,2026-06-21 16:56:29,1,850
8309,REF-1012,184,2026-06-21 17:23:29,1,450
8310,REF-1015,265,2026-06-21 18:44:29,2,598
8311,REF-1024,71,2026-06-21 19:16:29,1,450
8312,REF-1014,323,2026-06-21 19:32:29,1,299
8313,REF-1013,374,2026-06-21 20:05:29,1,299
8314,REF-1012,476,2026-06-21 21:59:29,1,450
8315,REF-1005,104,2026-06-21 22:03:29,1,799
8316,REF-1004,426,2026-06-21 23:18:29,1,1199
8317,REF-1004,33,2026-06-22 00:09:29,1,1199
8318,REF-1011,25,2026-06-22 00:21:29,1,450
8319,REF-1024,8,2026-06-22 00:26:29,1,450
8320,REF-1006,236,2026-06-22 00:40:29,1,799
8321,REF-1009,230,2026-06-22 01:56:29,3,3897
8322,REF-1028,194,2026-06-22 02:25:29,1,220
8323,REF-1021,8,2026-06-22 03:01:29,1,250
8324,REF-1012,195,2026-06-22 05:42:29,1,450
8325,REF-1013,496,2026-06-22 06:32:29,1,299
8326,REF-1006,59,2026-06-22 06:51:29,1,799
8327,REF-1003,354,2026-06-22 08:25:29,1,1199
8328,REF-1026,438,2026-06-22 08:30:29,1,450
8329,REF-1024,149,2026-06-22 08:50:29,2,900
8330,REF-1025,324,2026-06-22 09:03:29,1,450
8331,REF-1006,11,2026-06-22 09:28:29,1,799
8332,REF-1016,14,2026-06-22 09:37:29,1,350
8333,REF-1023,222,2026-06-22 11:15:29,1,400
8334,REF-1016,163,2026-06-22 11:24:29,1,350
8335,REF-1012,311,2026-06-22 12:46:29,1,450
8336,REF-1002,473,2026-06-22 14:26:29,1,1199
8337,REF-1005,44,2026-06-22 17:14:29,2,1598
8338,REF-1022,488,2026-06-22 18:21:29,1,400
8339,REF-1004,190,2026-06-22 19:08:29,1,1199
8340,REF-1007,410,2026-06-22 19:59:29,3,2697
8341,REF-1021,418,2026-06-22 21:52:29,3,750
8342,REF-1011,449,2026-06-22 22:02:29,1,450
8343,REF-1002,81,2026-06-22 22:22:29,1,1199
8344,REF-1019,419,2026-06-22 22:25:29,1,850
8345,REF-1002,180,2026-06-22 23:35:29,1,1199
8346,REF-1012,313,2026-06-22 23:43:29,1,450
8347,REF-1016,281,2026-06-22 23:52:29,1,350
8348,REF-1019,188,2026-06-23 00:38:29,1,850
8349,REF-1011,117,2026-06-23 02:41:29,1,450
8350,REF-1001,97,2026-06-23 03:20:29,1,999
8351,REF-1013,57,2026-06-23 03:38:29,1,299
8352,REF-1004,61,2026-06-23 04:22:29,1,1199
8353,REF-1002,320,2026-06-23 04:36:29,1,1199
8354,REF-1026,222,2026-06-23 06:05:29,1,450
8355,REF-1003,40,2026-06-23 07:04:29,2,2398
8356,REF-1000,448,2026-06-23 09:03:29,1,999
8357,REF-1011,388,2026-06-23 09:18:29,1,450
8358,REF-1015,166,2026-06-23 09:57:29,1,299
8359,REF-1013,247,2026-06-23 10:05:29,1,299
8360,REF-1011,437,2026-06-23 12:36:29,1,450
8361,REF-1006,229,2026-06-23 12:44:29,1,799
8362,REF-1004,36,2026-06-23 13:10:29,1,1199
8363,REF-1022,416,2026-06-23 13:12:29,1,400
8364,REF-1016,309,2026-06-23 13:26:29,1,350
8365,REF-1000,455,2026-06-23 15:02:29,1,999
8366,REF-1018,233,2026-06-23 17:34:29,1,850
8367,REF-1013,466,2026-06-23 18:31:29,1,299
8368,REF-1016,29,2026-06-23 19:07:29,1,350
8369,REF-1003,456,2026-06-23 19:10:29,1,1199
8370,REF-1023,230,2026-06-23 19:33:29,1,400
8371,REF-1013,266,2026-06-23 22:29:29,1,299
8372,REF-1023,182,2026-06-24 05:03:29,1,400
8373,REF-1006,130,2026-06-24 05:20:29,1,799
8374,REF-1023,3,2026-06-24 06:45:29,3,1200
8375,REF-1004,325,2026-06-24 07:42:29,1,1199
8376,REF-1028,409,2026-06-24 08:10:29,1,220
8377,REF-1015,216,2026-06-24 08:14:29,2,598
8378,REF-1005,302,2026-06-24 08:30:29,1,799
8379,REF-1026,112,2026-06-24 10:24:29,1,450
8380,REF-1023,172,2026-06-24 10:47:29,1,400
8381,REF-1001,337,2026-06-24 12:53:29,1,999
8382,REF-1013,14,2026-06-24 13:28:29,1,299
8383,REF-1022,31,2026-06-24 13:31:29,1,400
8384,REF-1012,369,2026-06-24 16:35:29,1,450
8385,REF-1021,142,2026-06-24 17:27:29,1,250
8386,REF-1028,227,2026-06-24 17:56:29,1,220
8387,REF-1013,91,2026-06-24 18:10:29,1,299
8388,REF-1022,456,2026-06-24 18:15:29,1,400
8389,REF-1019,326,2026-06-24 18:56:29,3,2550
8390,REF-1025,303,2026-06-24 19:08:29,1,450
8391,REF-1026,245,2026-06-24 19:56:29,1,450
8392,REF-1029,3,2026-06-24 20:08:29,2,440
8393,REF-1007,317,2026-06-24 20:28:29,1,899
8394,REF-1020,369,2026-06-24 20:49:29,1,250
8395,REF-1022,28,2026-06-24 21:07:29,1,400
8396,REF-1012,320,2026-06-24 21:57:29,1,450
8397,REF-1002,468,2026-06-24 23:08:29,1,1199
8398,REF-1012,491,2026-06-25 00:07:29,1,450
8399,REF-1003,282,2026-06-25 00:28:29,1,1199
8400,REF-1020,321,2026-06-25 01:54:29,1,250
8401,REF-1011,64,2026-06-25 02:07:29,1,450
8402,REF-1012,253,2026-06-25 03:18:29,1,450
8403,REF-1008,478,2026-06-25 03:28:29,2,1798
8404,REF-1029,444,2026-06-25 04:32:29,1,220
8405,REF-1022,148,2026-06-25 05:16:29,1,400
8406,REF-1024,403,2026-06-25 08:56:29,1,450
8407,REF-1010,301,2026-06-25 09:46:29,1,1299
8408,REF-1017,444,2026-06-25 09:48:29,1,350
8409,REF-1004,144,2026-06-25 09:58:29,2,2398
8410,REF-1028,149,2026-06-25 10:15:29,1,220
8411,REF-1000,243,2026-06-25 10:17:29,1,999
8412,REF-1023,280,2026-06-25 10:30:29,1,400
8413,REF-1007,424,2026-06-25 11:16:29,1,899
8414,REF-1013,87,2026-06-25 12:32:29,1,299
8415,REF-1018,361,2026-06-25 14:29:29,1,850
8416,REF-1024,379,2026-06-25 15:34:29,1,450
8417,REF-1009,337,2026-06-25 15:50:29,1,1299
8418,REF-1009,33,2026-06-25 16:02:29,1,1299
8419,REF-1013,381,2026-06-25 16:50:29,1,299
8420,REF-1006,171,2026-06-25 17:14:29,2,1598
8421,REF-1021,125,2026-06-25 17:18:29,1,250
8422,REF-1027,438,2026-06-25 17:22:29,1,220
8423,REF-1022,314,2026-06-25 17:29:29,5,2000
8424,REF-1002,438,2026-06-25 17:34:29,1,1199
8425,REF-1023,85,2026-06-25 17:35:29,1,400
8426,REF-1019,456,2026-06-25 18:17:29,1,850
8427,REF-1016,336,2026-06-25 18:18:29,2,700
8428,REF-1012,349,2026-06-25 18:49:29,2,900
8429,REF-1004,344,2026-06-25 18:50:29,1,1199
8430,REF-1004,99,2026-06-25 19:00:29,1,1199
8431,REF-1028,238,2026-06-25 19:09:29,1,220
8432,REF-1027,142,2026-06-25 20:18:29,1,220
8433,REF-1013,436,2026-06-25 22:36:29,2,598
8434,REF-1004,479,2026-06-25 22:59:29,1,1199
8435,REF-1028,471,2026-06-25 23:48:29,1,220
8436,REF-1007,166,2026-06-25 23:53:29,1,899
8437,REF-1011,253,2026-06-26 01:23:29,1,450
8438,REF-1021,300,2026-06-26 02:26:29,1,250
8439,REF-1006,144,2026-06-26 02:59:29,1,799
8440,REF-1029,438,2026-06-26 03:34:29,1,220
8441,REF-1015,172,2026-06-26 04:59:29,1,299
8442,REF-1021,471,2026-06-26 06:03:29,1,250
8443,REF-1025,157,2026-06-26 06:21:29,1,450
8444,REF-1002,50,2026-06-26 06:32:29,1,1199
8445,REF-1017,276,2026-06-26 06:42:29,1,350
8446,REF-1014,424,2026-06-26 09:05:29,1,299
8447,REF-1023,270,2026-06-26 10:36:29,2,800
8448,REF-1024,174,2026-06-26 12:15:29,1,450
8449,REF-1005,424,2026-06-26 12:18:29,1,799
8450,REF-1007,229,2026-06-26 12:58:29,3,2697
8451,REF-1017,464,2026-06-26 13:29:29,1,350
8452,REF-1013,67,2026-06-26 14:31:29,1,299
8453,REF-1006,44,2026-06-26 15:49:29,1,799
8454,REF-1021,317,2026-06-26 17:36:29,2,500
8455,REF-1012,25,2026-06-26 20:07:29,1,450
8456,REF-1018,15,2026-06-26 20:28:29,1,850
8457,REF-1002,281,2026-06-26 21:07:29,1,1199
8458,REF-1017,387,2026-06-26 23:37:29,1,350
8459,REF-1011,300,2026-06-26 23:40:29,3,1350
8460,REF-1003,44,2026-06-27 01:38:29,1,1199
8461,REF-1002,310,2026-06-27 01:50:29,1,1199
8462,REF-1003,200,2026-06-27 02:02:29,1,1199
8463,REF-1008,362,2026-06-27 02:53:29,1,899
8464,REF-1002,451,2026-06-27 03:04:29,1,1199
8465,REF-1026,322,2026-06-27 03:13:29,1,450
8466,REF-1010,272,2026-06-27 04:05:29,1,1299
8467,REF-1007,322,2026-06-27 04:28:29,1,899
8468,REF-1014,404,2026-06-27 04:52:29,1,299
8469,REF-1004,186,2026-06-27 04:52:29,1,1199
8470,REF-1015,77,2026-06-27 05:22:29,1,299
8471,REF-1010,367,2026-06-27 06:53:29,1,1299
8472,REF-1022,119,2026-06-27 08:05:29,1,400
8473,REF-1025,152,2026-06-27 08:30:29,1,450
8474,REF-1000,247,2026-06-27 09:40:29,2,1998
8475,REF-1012,456,2026-06-27 10:29:29,1,450
8476,REF-1002,420,2026-06-27 10:36:29,1,1199
8477,REF-1025,491,2026-06-27 10:40:29,1,450
8478,REF-1011,29,2026-06-27 10:41:29,1,450
8479,REF-1015,333,2026-06-27 10:57:29,2,598
8480,REF-1012,129,2026-06-27 11:52:29,1,450
8481,REF-1004,158,2026-06-27 12:55:29,1,1199
8482,REF-1006,393,2026-06-27 13:15:29,1,799
8483,REF-1028,16,2026-06-27 13:19:29,2,440
8484,REF-1004,167,2026-06-27 14:05:29,2,2398
8485,REF-1028,174,2026-06-27 14:20:29,1,220
8486,REF-1013,113,2026-06-27 15:22:29,1,299
8487,REF-1008,450,2026-06-27 15:47:29,2,1798
8488,REF-1000,224,2026-06-27 17:10:29,1,999
8489,REF-1025,86,2026-06-27 17:27:29,1,450
8490,REF-1011,250,2026-06-27 17:53:29,1,450
8491,REF-1005,297,2026-06-27 17:53:29,1,799
8492,REF-1021,310,2026-06-27 18:57:29,4,1000
8493,REF-1021,369,2026-06-27 22:18:29,2,500
8494,REF-1017,366,2026-06-28 01:51:29,1,350
8495,REF-1010,378,2026-06-28 02:19:29,1,1299
8496,REF-1014,208,2026-06-28 03:08:29,1,299
8497,REF-1017,74,2026-06-28 03:51:29,1,350
8498,REF-1028,436,2026-06-28 06:21:29,1,220
8499,REF-1001,495,2026-06-28 06:47:29,1,999
8500,REF-1025,59,2026-06-28 07:46:29,1,450
8501,REF-1006,405,2026-06-28 09:25:29,1,799
8502,REF-1004,333,2026-06-28 09:30:29,1,1199
8503,REF-1029,46,2026-06-28 12:28:29,1,220
8504,REF-1019,407,2026-06-28 13:45:29,1,850
8505,REF-1003,101,2026-06-28 14:24:29,1,1199
8506,REF-1019,124,2026-06-28 14:47:29,4,3400
8507,REF-1006,39,2026-06-28 15:54:29,1,799
8508,REF-1006,441,2026-06-28 17:36:29,1,799
8509,REF-1013,335,2026-06-28 18:40:29,1,299
8510,REF-1010,426,2026-06-28 18:41:29,1,1299
8511,REF-1007,248,2026-06-28 20:18:29,1,899
8512,REF-1018,220,2026-06-28 20:22:29,1,850
8513,REF-1028,194,2026-06-28 20:39:29,3,660
8514,REF-1009,490,2026-06-28 21:32:29,1,1299
8515,REF-1024,379,2026-06-28 21:48:29,1,450
8516,REF-1004,481,2026-06-28 21:59:29,3,3597
8517,REF-1025,322,2026-06-28 22:19:29,1,450
8518,REF-1022,456,2026-06-28 22:24:29,1,400
8519,REF-1026,134,2026-06-28 22:30:29,1,450
8520,REF-1005,397,2026-06-28 22:40:29,1,799
8521,REF-1015,161,2026-06-28 23:05:29,2,598
8522,REF-1024,46,2026-06-28 23:25:29,1,450
8523,REF-1004,236,2026-06-29 00:07:29,2,2398
8524,REF-1029,243,2026-06-29 00:09:29,2,440
8525,REF-1008,260,2026-06-29 03:00:29,1,899
8526,REF-1004,91,2026-06-29 04:36:29,1,1199
8527,REF-1029,338,2026-06-29 04:45:29,1,220
8528,REF-1026,254,2026-06-29 05:53:29,1,450
8529,REF-1028,238,2026-06-29 06:38:29,1,220
8530,REF-1027,75,2026-06-29 07:06:29,1,220
8531,REF-1021,274,2026-06-29 08:35:29,1,250
8532,REF-1017,386,2026-06-29 09:54:29,1,350
8533,REF-1015,142,2026-06-29 12:19:29,1,299
8534,REF-1021,43,2026-06-29 13:07:29,5,1250
8535,REF-1020,141,2026-06-29 13:49:29,1,250
8536,REF-1029,300,2026-06-29 14:33:29,1,220
8537,REF-1026,138,2026-06-29 16:13:29,5,2250
8538,REF-1022,50,2026-06-29 18:47:29,1,400
8539,REF-1009,121,2026-06-29 18:49:29,1,1299
8540,REF-1013,254,2026-06-29 19:06:29,1,299
8541,REF-1018,432,2026-06-29 19:26:29,1,850
8542,REF-1000,21,2026-06-29 20:48:29,1,999
8543,REF-1005,184,2026-06-29 21:03:29,1,799
8544,REF-1016,230,2026-06-29 21:44:29,1,350
8545,REF-1024,487,2026-06-29 22:53:29,1,450
8546,REF-1026,233,2026-06-29 23:01:29,1,450
8547,REF-1014,277,2026-06-29 23:23:29,4,1196
8548,REF-1017,300,2026-06-30 00:07:29,1,350
8549,REF-1027,31,2026-06-30 00:21:29,1,220
8550,REF-1018,107,2026-06-30 00:35:29,1,850
8551,REF-1009,111,2026-06-30 00:40:29,1,1299
8552,REF-1018,329,2026-06-30 01:12:29,2,1700
8553,REF-1007,387,2026-06-30 01:43:29,1,899
8554,REF-1019,165,2026-06-30 01:46:29,1,850
8555,REF-1004,474,2026-06-30 02:19:29,1,1199
8556,REF-1021,474,2026-06-30 03:35:29,1,250
8557,REF-1007,414,2026-06-30 03:48:29,1,899
8558,REF-1026,2,2026-06-30 04:00:29,1,450
8559,REF-1006,374,2026-06-30 05:06:29,1,799
8560,REF-1003,280,2026-06-30 05:10:29,1,1199
8561,REF-1001,448,2026-06-30 05:38:29,1,999
8562,REF-1000,437,2026-06-30 07:51:29,1,999
8563,REF-1021,463,2026-06-30 08:57:29,1,250
8564,REF-1008,61,2026-06-30 10:12:29,1,899
8565,REF-1007,406,2026-06-30 11:38:29,1,899
8566,REF-1016,287,2026-06-30 12:24:29,1,350
8567,REF-1028,253,2026-06-30 13:18:29,1,220
8568,REF-1002,304,2026-06-30 14:30:29,1,1199
8569,REF-1017,113,2026-06-30 16:47:29,1,350
8570,REF-1015,199,2026-06-30 17:13:29,1,299
8571,REF-1029,78,2026-06-30 18:35:29,1,220
8572,REF-1021,324,2026-06-30 18:44:29,1,250
8573,REF-1018,491,2026-06-30 19:20:29,1,850
8574,REF-1005,222,2026-06-30 22:03:29,1,799
8575,REF-1018,25,2026-06-30 23:05:29,1,850
8576,REF-1021,214,2026-06-30 23:44:29,1,250
8577,REF-1000,87,2026-06-30 23:47:29,1,999
8578,REF-1000,138,2026-07-01 01:20:29,1,999
8579,REF-1016,264,2026-07-01 01:28:29,1,350
8580,REF-1009,122,2026-07-01 01:56:29,1,1299
8581,REF-1028,458,2026-07-01 02:20:29,1,220
8582,REF-1021,185,2026-07-01 02:50:29,1,250
8583,REF-1003,353,2026-07-01 04:53:29,1,1199
8584,REF-1009,170,2026-07-01 06:12:29,1,1299
8585,REF-1001,164,2026-07-01 08:20:29,1,999
8586,REF-1014,301,2026-07-01 08:21:29,1,299
8587,REF-1000,486,2026-07-01 11:38:29,1,999
8588,REF-1007,299,2026-07-01 12:30:29,1,899
8589,REF-1016,61,2026-07-01 12:33:29,1,350
8590,REF-1027,10,2026-07-01 13:34:29,1,220
8591,REF-1015,113,2026-07-01 14:32:29,1,299
8592,REF-1028,6,2026-07-01 14:52:29,1,220
8593,REF-1006,191,2026-07-01 15:38:29,1,799
8594,REF-1021,191,2026-07-01 15:40:29,1,250
8595,REF-1022,200,2026-07-01 16:13:29,1,400
8596,REF-1011,333,2026-07-01 17:01:29,1,450
8597,REF-1022,348,2026-07-01 22:09:29,2,800
8598,REF-1022,177,2026-07-01 22:32:29,4,1600
8599,REF-1014,99,2026-07-01 23:47:29,1,299
8600,REF-1024,483,2026-07-02 00:49:29,1,450
8601,REF-1004,347,2026-07-02 01:04:29,1,1199
8602,REF-1026,163,2026-07-02 04:32:29,1,450
8603,REF-1006,427,2026-07-02 05:02:29,1,799
8604,REF-1028,412,2026-07-02 05:12:29,1,220
8605,REF-1010,99,2026-07-02 05:49:29,2,2598
8606,REF-1013,155,2026-07-02 07:34:29,2,598
8607,REF-1019,182,2026-07-02 07:37:29,1,850
8608,REF-1006,178,2026-07-02 08:05:29,1,799
8609,REF-1022,227,2026-07-02 09:07:29,1,400
8610,REF-1016,495,2026-07-02 09:21:29,1,350
8611,REF-1011,395,2026-07-02 09:40:29,3,1350
8612,REF-1007,348,2026-07-02 10:23:29,1,899
8613,REF-1016,291,2026-07-02 12:24:29,2,700
8614,REF-1023,347,2026-07-02 13:55:29,2,800
8615,REF-1021,73,2026-07-02 15:19:29,1,250
8616,REF-1000,69,2026-07-02 16:06:29,1,999
8617,REF-1026,21,2026-07-02 16:09:29,1,450
8618,REF-1014,64,2026-07-02 17:34:29,1,299
8619,REF-1019,5,2026-07-02 17:52:29,2,1700
8620,REF-1022,475,2026-07-02 19:49:29,1,400
8621,REF-1004,25,2026-07-02 20:08:29,5,5995
8622,REF-1026,229,2026-07-02 20:41:29,1,450
8623,REF-1003,455,2026-07-02 22:40:29,1,1199
8624,REF-1019,315,2026-07-03 00:20:29,1,850
8625,REF-1015,475,2026-07-03 02:30:29,1,299
8626,REF-1014,192,2026-07-03 03:07:29,2,598
8627,REF-1006,117,2026-07-03 03:45:29,1,799
8628,REF-1004,449,2026-07-03 04:35:29,1,1199
8629,REF-1013,179,2026-07-03 05:13:29,1,299
8630,REF-1020,166,2026-07-03 05:23:29,1,250
8631,REF-1020,43,2026-07-03 05:38:29,1,250
8632,REF-1023,22,2026-07-03 05:56:29,1,400
8633,REF-1022,12,2026-07-03 07:27:29,2,800
8634,REF-1015,437,2026-07-03 07:42:29,2,598
8635,REF-1001,135,2026-07-03 08:29:29,1,999
8636,REF-1015,118,2026-07-03 09:33:29,1,299
8637,REF-1003,336,2026-07-03 09:37:29,2,2398
8638,REF-1005,411,2026-07-03 09:48:29,1,799
8639,REF-1022,318,2026-07-03 11:02:29,1,400
8640,REF-1019,144,2026-07-03 11:13:29,1,850
8641,REF-1018,495,2026-07-03 12:06:29,1,850
8642,REF-1018,179,2026-07-03 13:04:29,1,850
8643,REF-1000,87,2026-07-03 15:44:29,1,999
8644,REF-1002,173,2026-07-03 15:55:29,1,1199
8645,REF-1027,60,2026-07-03 15:57:29,1,220
8646,REF-1010,66,2026-07-03 16:00:29,1,1299
8647,REF-1003,453,2026-07-03 16:56:29,1,1199
8648,REF-1016,12,2026-07-03 18:07:29,1,350
8649,REF-1003,392,2026-07-03 19:09:29,1,1199
8650,REF-1005,70,2026-07-03 19:21:29,3,2397
8651,REF-1025,471,2026-07-03 19:48:29,1,450
8652,REF-1015,434,2026-07-03 20:44:29,1,299
8653,REF-1005,41,2026-07-03 22:16:29,3,2397
8654,REF-1010,83,2026-07-03 22:39:29,1,1299
8655,REF-1024,495,2026-07-03 22:41:29,1,450
8656,REF-1024,263,2026-07-03 23:24:29,1,450
8657,REF-1027,42,2026-07-03 23:37:29,1,220
8658,REF-1019,492,2026-07-04 00:04:29,1,850
8659,REF-1022,96,2026-07-04 00:15:29,1,400
8660,REF-1025,372,2026-07-04 01:23:29,1,450
8661,REF-1017,313,2026-07-04 03:05:29,1,350
8662,REF-1013,91,2026-07-04 03:45:29,1,299
8663,REF-1018,151,2026-07-04 04:44:29,1,850
8664,REF-1004,19,2026-07-04 05:43:29,1,1199
8665,REF-1015,186,2026-07-04 07:07:29,1,299
8666,REF-1029,482,2026-07-04 08:19:29,1,220
8667,REF-1024,272,2026-07-04 08:53:29,2,900
8668,REF-1004,356,2026-07-04 09:23:29,4,4796
8669,REF-1022,419,2026-07-04 09:41:29,1,400
8670,REF-1004,52,2026-07-04 10:06:29,2,2398
8671,REF-1012,240,2026-07-04 10:54:29,1,450
8672,REF-1003,269,2026-07-04 12:03:29,1,1199
8673,REF-1029,352,2026-07-04 12:35:29,1,220
8674,REF-1008,368,2026-07-04 12:50:29,1,899
8675,REF-1025,213,2026-07-04 13:25:29,1,450
8676,REF-1019,89,2026-07-04 14:21:29,1,850
8677,REF-1020,76,2026-07-04 15:00:29,1,250
8678,REF-1016,259,2026-07-04 15:43:29,1,350
8679,REF-1028,147,2026-07-04 16:37:29,3,660
8680,REF-1025,236,2026-07-04 17:38:29,1,450
8681,REF-1003,142,2026-07-04 20:10:29,1,1199
8682,REF-1015,49,2026-07-04 20:40:29,2,598
8683,REF-1023,151,2026-07-04 21:25:29,1,400
8684,REF-1006,219,2026-07-04 21:54:29,1,799
8685,REF-1002,145,2026-07-04 22:01:29,1,1199
8686,REF-1020,242,2026-07-04 22:54:29,1,250
8687,REF-1006,346,2026-07-04 23:37:29,1,799
8688,REF-1022,241,2026-07-05 00:50:29,1,400
8689,REF-1015,285,2026-07-05 01:10:29,1,299
8690,REF-1018,90,2026-07-05 01:47:29,1,850
8691,REF-1001,81,2026-07-05 01:58:29,1,999
8692,REF-1025,95,2026-07-05 02:32:29,1,450
8693,REF-1024,6,2026-07-05 02:37:29,1,450
8694,REF-1009,481,2026-07-05 03:09:29,4,5196
8695,REF-1015,475,2026-07-05 03:58:29,1,299
8696,REF-1023,481,2026-07-05 04:46:29,1,400
8697,REF-1008,132,2026-07-05 05:14:29,1,899
8698,REF-1002,372,2026-07-05 05:42:29,1,1199
8699,REF-1025,359,2026-07-05 06:08:29,1,450
8700,REF-1020,51,2026-07-05 07:30:29,1,250
8701,REF-1028,472,2026-07-05 07:41:29,1,220
8702,REF-1006,466,2026-07-05 09:06:29,1,799
8703,REF-1022,323,2026-07-05 10:10:29,1,400
8704,REF-1024,343,2026-07-05 10:46:29,2,900
8705,REF-1018,387,2026-07-05 11:37:29,1,850
8706,REF-1013,82,2026-07-05 12:30:29,1,299
8707,REF-1025,193,2026-07-05 12:53:29,1,450
8708,REF-1015,6,2026-07-05 13:09:29,2,598
8709,REF-1026,44,2026-07-05 13:44:29,1,450
8710,REF-1013,485,2026-07-05 13:52:29,1,299
8711,REF-1015,58,2026-07-05 14:48:29,1,299
8712,REF-1023,120,2026-07-05 15:11:29,1,400
8713,REF-1002,415,2026-07-05 17:06:29,2,2398
8714,REF-1013,313,2026-07-05 17:08:29,1,299
8715,REF-1016,57,2026-07-05 17:13:29,1,350
8716,REF-1014,250,2026-07-05 18:17:29,1,299
8717,REF-1008,196,2026-07-05 19:33:29,1,899
8718,REF-1015,251,2026-07-05 19:46:29,1,299
8719,REF-1004,167,2026-07-05 20:10:29,1,1199
8720,REF-1007,412,2026-07-05 20:36:29,2,1798
8721,REF-1011,453,2026-07-05 21:09:29,1,450
8722,REF-1020,481,2026-07-05 21:33:29,1,250
8723,REF-1017,429,2026-07-05 21:57:29,2,700
8724,REF-1008,480,2026-07-05 22:19:29,1,899
8725,REF-1024,54,2026-07-05 22:57:29,1,450
8726,REF-1024,408,2026-07-05 23:12:29,1,450
8727,REF-1024,457,2026-07-05 23:23:29,1,450
8728,REF-1023,273,2026-07-05 23:44:29,1,400
8729,REF-1007,35,2026-07-05 23:56:29,1,899
8730,REF-1014,392,2026-07-06 00:21:29,1,299
8731,REF-1021,138,2026-07-06 00:24:29,1,250
8732,REF-1021,298,2026-07-06 00:29:29,1,250
8733,REF-1028,89,2026-07-06 00:36:29,1,220
8734,REF-1004,195,2026-07-06 01:08:29,1,1199
8735,REF-1022,105,2026-07-06 01:46:29,1,400
8736,REF-1008,359,2026-07-06 02:41:29,1,899
8737,REF-1023,317,2026-07-06 03:37:29,1,400
8738,REF-1029,75,2026-07-06 03:54:29,5,1100
8739,REF-1013,172,2026-07-06 06:30:29,1,299
8740,REF-1029,215,2026-07-06 07:28:29,1,220
8741,REF-1019,136,2026-07-06 07:47:29,1,850
8742,REF-1015,172,2026-07-06 08:09:29,1,299
8743,REF-1021,94,2026-07-06 08:49:29,1,250
8744,REF-1009,106,2026-07-06 09:43:29,1,1299
8745,REF-1010,468,2026-07-06 09:51:29,1,1299
8746,REF-1014,184,2026-07-06 10:02:29,1,299
8747,REF-1014,454,2026-07-06 11:38:29,1,299
8748,REF-1021,172,2026-07-06 11:44:29,1,250
8749,REF-1028,132,2026-07-06 13:02:29,2,440
8750,REF-1024,18,2026-07-06 13:57:29,1,450
8751,REF-1012,279,2026-07-06 14:01:29,1,450
8752,REF-1003,62,2026-07-06 14:47:29,2,2398
8753,REF-1025,284,2026-07-06 17:11:29,1,450
8754,REF-1006,316,2026-07-06 18:27:29,1,799
8755,REF-1017,241,2026-07-06 19:52:29,4,1400
8756,REF-1007,483,2026-07-06 20:51:29,1,899
8757,REF-1029,11,2026-07-06 20:54:29,1,220
8758,REF-1012,452,2026-07-06 21:20:29,1,450
8759,REF-1018,464,2026-07-06 23:53:29,1,850
8760,REF-1001,180,2026-07-07 00:12:29,1,999
8761,REF-1017,418,2026-07-07 00:13:29,2,700
8762,REF-1002,29,2026-07-07 02:18:29,2,2398
8763,REF-1019,4,2026-07-07 02:45:29,1,850
8764,REF-1011,29,2026-07-07 03:54:29,1,450
8765,REF-1016,353,2026-07-07 05:52:29,1,350
8766,REF-1021,172,2026-07-07 05:59:29,1,250
8767,REF-1008,316,2026-07-07 07:00:29,1,899
8768,REF-1012,286,2026-07-07 07:42:29,1,450
8769,REF-1022,215,2026-07-07 11:02:29,1,400
8770,REF-1000,79,2026-07-07 12:33:29,1,999
8771,REF-1028,373,2026-07-07 15:03:29,2,440
8772,REF-1021,84,2026-07-07 16:00:29,1,250
8773,REF-1014,382,2026-07-07 17:15:29,1,299
8774,REF-1026,344,2026-07-07 18:02:29,2,900
8775,REF-1026,156,2026-07-07 20:44:29,1,450
8776,REF-1021,246,2026-07-07 21:36:29,1,250
8777,REF-1011,399,2026-07-07 22:14:29,1,450
8778,REF-1000,224,2026-07-07 22:56:29,1,999
8779,REF-1001,283,2026-07-07 23:21:29,1,999
8780,REF-1027,453,2026-07-07 23:27:29,1,220
8781,REF-1001,170,2026-07-08 00:07:29,1,999
8782,REF-1007,126,2026-07-08 00:31:29,1,899
8783,REF-1005,397,2026-07-08 01:11:29,1,799
8784,REF-1011,197,2026-07-08 01:31:29,1,450
8785,REF-1025,353,2026-07-08 02:17:29,1,450
8786,REF-1014,27,2026-07-08 02:43:29,1,299
8787,REF-1023,416,2026-07-08 03:09:29,1,400
8788,REF-1017,39,2026-07-08 04:40:29,1,350
8789,REF-1018,391,2026-07-08 05:45:29,1,850
8790,REF-1028,461,2026-07-08 05:56:29,1,220
8791,REF-1013,393,2026-07-08 06:48:29,1,299
8792,REF-1015,438,2026-07-08 07:11:29,1,299
8793,REF-1023,257,2026-07-08 07:29:29,1,400
8794,REF-1013,262,2026-07-08 07:33:29,1,299
8795,REF-1027,100,2026-07-08 08:08:29,2,440
8796,REF-1020,439,2026-07-08 08:12:29,1,250
8797,REF-1022,219,2026-07-08 09:17:29,1,400
8798,REF-1017,108,2026-07-08 09:43:29,1,350
8799,REF-1009,316,2026-07-08 10:18:29,1,1299
8800,REF-1012,410,2026-07-08 10:19:29,1,450
8801,REF-1017,468,2026-07-08 11:11:29,1,350
8802,REF-1008,179,2026-07-08 11:13:29,2,1798
8803,REF-1008,22,2026-07-08 11:40:29,1,899
8804,REF-1024,311,2026-07-08 13:33:29,1,450
8805,REF-1018,193,2026-07-08 14:15:29,1,850
8806,REF-1019,275,2026-07-08 15:50:29,1,850
8807,REF-1002,63,2026-07-08 16:20:29,1,1199
8808,REF-1023,109,2026-07-08 16:31:29,1,400
8809,REF-1024,442,2026-07-08 17:45:29,1,450
8810,REF-1013,404,2026-07-08 17:45:29,1,299
8811,REF-1022,156,2026-07-08 18:59:29,1,400
8812,REF-1015,485,2026-07-08 19:39:29,1,299
8813,REF-1029,101,2026-07-08 20:54:29,1,220
8814,REF-1022,391,2026-07-08 21:44:29,1,400
8815,REF-1029,443,2026-07-08 23:38:29,1,220
8816,REF-1011,307,2026-07-08 23:46:29,1,450
8817,REF-1011,130,2026-07-09 02:43:29,1,450
8818,REF-1011,355,2026-07-09 02:51:29,1,450
8819,REF-1002,250,2026-07-09 03:14:29,1,1199
8820,REF-1008,235,2026-07-09 03:56:29,1,899
8821,REF-1025,148,2026-07-09 04:51:29,1,450
8822,REF-1003,314,2026-07-09 05:46:29,1,1199
8823,REF-1013,21,2026-07-09 08:43:29,1,299
8824,REF-1021,123,2026-07-09 10:54:29,1,250
8825,REF-1018,402,2026-07-09 11:37:29,1,850
8826,REF-1003,260,2026-07-09 12:59:29,1,1199
8827,REF-1020,252,2026-07-09 13:33:29,1,250
8828,REF-1029,332,2026-07-09 13:35:29,1,220
8829,REF-1017,148,2026-07-09 13:53:29,1,350
8830,REF-1026,486,2026-07-09 15:38:29,2,900
8831,REF-1014,410,2026-07-09 16:04:29,1,299
8832,REF-1014,121,2026-07-09 16:59:29,1,299
8833,REF-1025,286,2026-07-09 17:08:29,1,450
8834,REF-1022,227,2026-07-09 17:26:29,1,400
8835,REF-1020,317,2026-07-09 19:33:29,1,250
8836,REF-1002,413,2026-07-09 20:24:29,1,1199
8837,REF-1022,291,2026-07-09 21:15:29,1,400
8838,REF-1010,434,2026-07-09 22:35:29,1,1299
8839,REF-1013,255,2026-07-09 22:53:29,1,299
8840,REF-1016,360,2026-07-10 00:06:29,1,350
8841,REF-1028,483,2026-07-10 00:21:29,1,220
8842,REF-1026,139,2026-07-10 00:32:29,1,450
8843,REF-1021,210,2026-07-10 00:34:29,1,250
8844,REF-1019,267,2026-07-10 01:12:29,1,850
8845,REF-1002,454,2026-07-10 01:28:29,2,2398
8846,REF-1020,42,2026-07-10 01:53:29,1,250
8847,REF-1005,157,2026-07-10 02:48:29,1,799
8848,REF-1012,160,2026-07-10 03:27:29,1,450
8849,REF-1022,409,2026-07-10 04:30:29,1,400
8850,REF-1013,218,2026-07-10 05:01:29,1,299
8851,REF-1012,197,2026-07-10 05:22:29,1,450
8852,REF-1009,295,2026-07-10 06:14:29,1,1299
8853,REF-1012,142,2026-07-10 06:16:29,1,450
8854,REF-1017,144,2026-07-10 06:24:29,1,350
8855,REF-1003,171,2026-07-10 07:07:29,1,1199
8856,REF-1015,122,2026-07-10 07:54:29,2,598
8857,REF-1028,233,2026-07-10 08:13:29,1,220
8858,REF-1000,444,2026-07-10 08:30:29,2,1998
8859,REF-1022,40,2026-07-10 08:59:29,2,800
8860,REF-1025,244,2026-07-10 09:22:29,2,900
8861,REF-1026,168,2026-07-10 09:48:29,1,450
8862,REF-1027,92,2026-07-10 10:26:29,1,220
8863,REF-1025,415,2026-07-10 12:04:29,1,450
8864,REF-1028,14,2026-07-10 12:08:29,1,220
8865,REF-1025,188,2026-07-10 12:08:29,1,450
8866,REF-1024,45,2026-07-10 14:19:29,1,450
8867,REF-1014,485,2026-07-10 15:07:29,2,598
8868,REF-1016,47,2026-07-10 15:59:29,1,350
8869,REF-1019,341,2026-07-10 17:12:29,1,850
8870,REF-1009,37,2026-07-10 19:02:29,1,1299
8871,REF-1010,298,2026-07-10 21:23:29,1,1299
8872,REF-1006,487,2026-07-10 21:49:29,1,799
8873,REF-1022,256,2026-07-10 21:57:29,1,400
8874,REF-1020,437,2026-07-10 22:19:29,1,250
8875,REF-1001,302,2026-07-10 22:38:29,1,999
8876,REF-1007,25,2026-07-10 23:18:29,1,899
8877,REF-1009,377,2026-07-10 23:26:29,1,1299
8878,REF-1006,276,2026-07-11 00:42:29,2,1598
8879,REF-1002,157,2026-07-11 02:00:29,1,1199
8880,REF-1029,380,2026-07-11 03:34:29,1,220
8881,REF-1019,11,2026-07-11 03:37:29,1,850
8882,REF-1001,156,2026-07-11 06:54:29,1,999
8883,REF-1003,116,2026-07-11 07:01:29,1,1199
8884,REF-1019,205,2026-07-11 07:45:29,1,850
8885,REF-1018,444,2026-07-11 08:22:29,2,1700
8886,REF-1011,181,2026-07-11 08:43:29,1,450
8887,REF-1001,103,2026-07-11 11:52:29,3,2997
8888,REF-1018,216,2026-07-11 11:54:29,1,850
8889,REF-1004,31,2026-07-11 12:10:29,3,3597
8890,REF-1025,131,2026-07-11 12:32:29,1,450
8891,REF-1010,75,2026-07-11 12:56:29,1,1299
8892,REF-1023,478,2026-07-11 14:20:29,1,400
8893,REF-1000,473,2026-07-11 14:33:29,1,999
8894,REF-1006,357,2026-07-11 14:37:29,1,799
8895,REF-1022,488,2026-07-11 15:20:29,1,400
8896,REF-1015,490,2026-07-11 17:04:29,1,299
8897,REF-1024,475,2026-07-11 17:52:29,1,450
8898,REF-1022,84,2026-07-11 18:11:29,1,400
8899,REF-1010,222,2026-07-11 20:05:29,1,1299
8900,REF-1007,138,2026-07-11 22:05:29,1,899
8901,REF-1000,406,2026-07-11 23:39:29,1,999
8902,REF-1000,449,2026-07-12 00:55:29,1,999
8903,REF-1011,461,2026-07-12 01:31:29,3,1350
8904,REF-1002,202,2026-07-12 01:51:29,2,2398
8905,REF-1029,364,2026-07-12 03:31:29,1,220
8906,REF-1001,220,2026-07-12 03:41:29,1,999
8907,REF-1001,442,2026-07-12 05:50:29,1,999
8908,REF-1008,283,2026-07-12 06:09:29,1,899
8909,REF-1003,197,2026-07-12 06:39:29,1,1199
8910,REF-1008,3,2026-07-12 07:04:29,1,899
8911,REF-1025,483,2026-07-12 07:41:29,1,450
8912,REF-1016,71,2026-07-12 08:27:29,1,350
8913,REF-1029,389,2026-07-12 09:08:29,1,220
8914,REF-1017,172,2026-07-12 10:17:29,2,700
8915,REF-1008,181,2026-07-12 11:47:29,3,2697
8916,REF-1029,4,2026-07-12 11:55:29,1,220
8917,REF-1018,464,2026-07-12 13:21:29,1,850
8918,REF-1002,305,2026-07-12 14:35:29,1,1199
8919,REF-1015,422,2026-07-12 18:25:29,1,299
8920,REF-1013,26,2026-07-12 18:32:29,1,299
8921,REF-1029,146,2026-07-12 21:27:29,1,220
8922,REF-1015,8,2026-07-12 22:25:29,1,299
8923,REF-1018,9,2026-07-12 22:51:29,1,850
8924,REF-1010,207,2026-07-12 23:20:29,1,1299
8925,REF-1006,16,2026-07-13 01:24:29,1,799
8926,REF-1027,336,2026-07-13 01:41:29,1,220
8927,REF-1003,50,2026-07-13 04:13:29,4,4796
8928,REF-1021,217,2026-07-13 07:10:29,1,250
8929,REF-1027,69,2026-07-13 07:20:29,1,220
8930,REF-1019,182,2026-07-13 08:07:29,1,850
8931,REF-1011,116,2026-07-13 09:26:29,1,450
8932,REF-1017,248,2026-07-13 09:44:29,1,350
8933,REF-1014,199,2026-07-13 09:50:29,1,299
8934,REF-1006,438,2026-07-13 10:28:29,1,799
8935,REF-1014,12,2026-07-13 11:41:29,1,299
8936,REF-1022,141,2026-07-13 11:47:29,1,400
8937,REF-1000,46,2026-07-13 12:56:29,1,999
8938,REF-1027,124,2026-07-13 14:38:29,1,220
8939,REF-1018,413,2026-07-13 15:18:29,1,850
8940,REF-1022,63,2026-07-13 16:04:29,1,400
8941,REF-1020,195,2026-07-13 16:17:29,1,250
8942,REF-1017,282,2026-07-13 17:15:29,1,350
8943,REF-1007,228,2026-07-13 18:19:29,1,899
8944,REF-1017,488,2026-07-13 19:12:29,1,350
8945,REF-1029,353,2026-07-13 20:12:29,1,220
8946,REF-1026,257,2026-07-13 20:36:29,2,900
8947,REF-1028,357,2026-07-13 20:37:29,1,220
8948,REF-1026,346,2026-07-14 04:05:29,2,900
8949,REF-1005,481,2026-07-14 04:22:29,1,799
8950,REF-1004,175,2026-07-14 04:27:29,1,1199
8951,REF-1002,305,2026-07-14 05:21:29,1,1199
8952,REF-1022,89,2026-07-14 06:06:29,1,400
8953,REF-1026,359,2026-07-14 06:59:29,1,450
8954,REF-1000,120,2026-07-14 08:52:29,5,4995
8955,REF-1025,90,2026-07-14 10:06:29,1,450
8956,REF-1009,74,2026-07-14 12:02:29,1,1299
8957,REF-1008,364,2026-07-14 12:34:29,2,1798
8958,REF-1026,114,2026-07-14 13:39:29,1,450
8959,REF-1012,208,2026-07-14 13:58:29,1,450
8960,REF-1023,422,2026-07-14 14:17:29,1,400
8961,REF-1023,249,2026-07-14 14:49:29,1,400
8962,REF-1027,107,2026-07-14 14:53:29,1,220
8963,REF-1008,496,2026-07-14 15:02:29,1,899
8964,REF-1001,417,2026-07-14 16:59:29,2,1998
8965,REF-1009,118,2026-07-14 17:01:29,1,1299
8966,REF-1017,141,2026-07-14 17:03:29,1,350
8967,REF-1003,105,2026-07-14 17:08:29,1,1199
8968,REF-1023,163,2026-07-14 17:32:29,1,400
8969,REF-1017,417,2026-07-14 18:30:29,1,350
8970,REF-1001,129,2026-07-14 19:19:29,1,999
8971,REF-1012,257,2026-07-14 19:51:29,1,450
8972,REF-1024,94,2026-07-14 20:23:29,1,450
8973,REF-1018,30,2026-07-14 22:19:29,1,850
8974,REF-1006,11,2026-07-14 23:55:29,1,799
8975,REF-1028,105,2026-07-15 00:10:29,1,220
8976,REF-1007,473,2026-07-15 01:15:29,1,899
8977,REF-1012,181,2026-07-15 01:46:29,1,450
8978,REF-1029,3,2026-07-15 01:55:29,1,220
8979,REF-1026,95,2026-07-15 03:13:29,2,900
8980,REF-1004,460,2026-07-15 03:54:29,1,1199
8981,REF-1007,170,2026-07-15 03:54:29,3,2697
8982,REF-1005,10,2026-07-15 04:52:29,2,1598
8983,REF-1026,352,2026-07-15 05:22:29,1,450
8984,REF-1028,35,2026-07-15 05:45:29,1,220
8985,REF-1010,218,2026-07-15 05:48:29,1,1299
8986,REF-1025,400,2026-07-15 06:06:29,1,450
8987,REF-1022,5,2026-07-15 06:30:29,2,800
8988,REF-1029,19,2026-07-15 07:22:29,1,220
8989,REF-1016,203,2026-07-15 07:35:29,1,350
8990,REF-1008,281,2026-07-15 07:44:29,1,899
8991,REF-1003,494,2026-07-15 08:08:29,1,1199
8992,REF-1028,214,2026-07-15 09:28:29,1,220
8993,REF-1005,439,2026-07-15 09:49:29,1,799
8994,REF-1019,438,2026-07-15 12:14:29,1,850
8995,REF-1014,267,2026-07-15 12:37:29,1,299
8996,REF-1025,425,2026-07-15 13:44:29,1,450
8997,REF-1001,189,2026-07-15 13:44:29,1,999
8998,REF-1024,336,2026-07-15 14:34:29,1,450
8999,REF-1018,490,2026-07-15 14:45:29,1,850
9000,REF-1000,478,2026-07-15 15:43:29,1,999
9001,REF-1006,482,2026-07-15 17:31:29,1,799
9002,REF-1004,142,2026-07-15 17:43:29,2,2398
9003,REF-1020,278,2026-07-15 20:40:29,2,500
9004,REF-1020,481,2026-07-15 20:46:29,1,250
9005,REF-1011,105,2026-07-15 21:39:29,1,450
9006,REF-1006,82,2026-07-15 22:20:29,1,799
9007,REF-1029,440,2026-07-15 22:41:29,1,220
9008,REF-1015,17,2026-07-16 00:03:29,1,299
9009,REF-1008,421,2026-07-16 01:24:29,1,899
9010,REF-1020,273,2026-07-16 01:57:29,1,250
9011,REF-1014,40,2026-07-16 02:54:29,1,299
9012,REF-1007,81,2026-07-16 03:32:29,1,899
9013,REF-1028,483,2026-07-16 04:32:29,1,220
9014,REF-1002,143,2026-07-16 06:09:29,1,1199
9015,REF-1010,389,2026-07-16 07:01:29,1,1299
9016,REF-1025,216,2026-07-16 08:48:29,1,450
9017,REF-1028,242,2026-07-16 08:56:29,1,220
9018,REF-1006,209,2026-07-16 09:46:29,1,799
9019,REF-1019,149,2026-07-16 10:04:29,1,850
9020,REF-1020,380,2026-07-16 12:27:29,1,250
9021,REF-1005,378,2026-07-16 13:45:29,1,799
9022,REF-1002,33,2026-07-16 14:37:29,1,1199
9023,REF-1003,215,2026-07-16 14:46:29,1,1199
9024,REF-1005,150,2026-07-16 15:05:29,1,799
9025,REF-1025,30,2026-07-16 15:43:29,1,450
9026,REF-1006,95,2026-07-16 16:53:29,1,799
9027,REF-1001,348,2026-07-16 17:11:29,1,999
9028,REF-1026,338,2026-07-16 17:12:29,1,450
9029,REF-1018,485,2026-07-16 17:23:29,2,1700
9030,REF-1021,124,2026-07-16 18:18:29,1,250
9031,REF-1009,416,2026-07-16 19:22:29,1,1299
9032,REF-1001,295,2026-07-16 20:44:29,1,999
9033,REF-1009,450,2026-07-16 21:26:29,1,1299
9034,REF-1006,269,2026-07-17 00:08:29,1,799
9035,REF-1015,456,2026-07-17 00:21:29,1,299
9036,REF-1019,315,2026-07-17 01:23:29,1,850
9037,REF-1013,51,2026-07-17 01:25:29,1,299
9038,REF-1000,446,2026-07-17 02:16:29,1,999
9039,REF-1015,453,2026-07-17 02:16:29,1,299
9040,REF-1029,198,2026-07-17 03:05:29,2,440
9041,REF-1018,429,2026-07-17 03:18:29,1,850
9042,REF-1011,167,2026-07-17 05:31:29,1,450
9043,REF-1007,1,2026-07-17 07:35:29,1,899
9044,REF-1020,117,2026-07-17 08:13:29,1,250
9045,REF-1023,438,2026-07-17 09:03:29,2,800
9046,REF-1001,102,2026-07-17 09:44:29,1,999
9047,REF-1011,365,2026-07-17 10:03:29,1,450
9048,REF-1027,228,2026-07-17 12:24:29,1,220
9049,REF-1024,159,2026-07-17 12:25:29,1,450
9050,REF-1013,101,2026-07-17 13:25:29,1,299
9051,REF-1017,427,2026-07-17 13:43:29,1,350
9052,REF-1024,377,2026-07-17 14:02:29,1,450
9053,REF-1026,381,2026-07-17 14:30:29,3,1350
9054,REF-1014,474,2026-07-17 17:41:29,1,299
9055,REF-1027,485,2026-07-17 18:12:29,1,220
9056,REF-1020,251,2026-07-17 18:20:29,1,250
9057,REF-1020,146,2026-07-17 18:51:29,2,500
9058,REF-1005,260,2026-07-17 19:59:29,1,799
9059,REF-1003,78,2026-07-17 20:19:29,1,1199
9060,REF-1026,305,2026-07-17 23:25:29,1,450
9061,REF-1014,346,2026-07-18 01:23:29,1,299
9062,REF-1007,146,2026-07-18 02:41:29,1,899
9063,REF-1002,130,2026-07-18 02:53:29,1,1199
9064,REF-1000,288,2026-07-18 03:39:29,1,999
9065,REF-1017,14,2026-07-18 04:07:29,1,350
9066,REF-1014,55,2026-07-18 04:43:29,1,299
9067,REF-1026,386,2026-07-18 04:56:29,2,900
9068,REF-1028,403,2026-07-18 05:36:29,1,220
9069,REF-1007,249,2026-07-18 07:23:29,1,899
9070,REF-1021,83,2026-07-18 07:24:29,1,250
9071,REF-1008,171,2026-07-18 08:12:29,1,899
9072,REF-1000,494,2026-07-18 08:20:29,1,999
9073,REF-1023,126,2026-07-18 09:04:29,1,400
9074,REF-1004,19,2026-07-18 09:05:29,1,1199
9075,REF-1010,324,2026-07-18 11:45:29,1,1299
9076,REF-1005,283,2026-07-18 14:07:29,4,3196
9077,REF-1022,195,2026-07-18 14:23:29,3,1200
9078,REF-1024,428,2026-07-18 15:36:29,1,450
9079,REF-1022,258,2026-07-18 16:16:29,1,400
9080,REF-1024,318,2026-07-18 16:48:29,1,450
9081,REF-1027,116,2026-07-18 17:22:29,1,220
9082,REF-1004,11,2026-07-18 17:25:29,1,1199
9083,REF-1017,195,2026-07-18 17:40:29,1,350
9084,REF-1025,164,2026-07-18 18:08:29,1,450
9085,REF-1022,324,2026-07-18 19:27:29,1,400
9086,REF-1007,334,2026-07-18 20:08:29,1,899
9087,REF-1021,214,2026-07-18 20:43:29,3,750
9088,REF-1002,486,2026-07-18 21:11:29,1,1199
9089,REF-1007,408,2026-07-18 21:18:29,1,899
9090,REF-1001,59,2026-07-18 23:01:29,1,999
9091,REF-1005,84,2026-07-19 00:08:29,3,2397
9092,REF-1003,11,2026-07-19 00:45:29,1,1199
9093,REF-1000,343,2026-07-19 05:14:29,1,999
9094,REF-1006,15,2026-07-19 05:40:29,1,799
9095,REF-1025,7,2026-07-19 07:15:29,1,450
9096,REF-1006,406,2026-07-19 07:51:29,1,799
9097,REF-1019,360,2026-07-19 07:56:29,2,1700
9098,REF-1002,323,2026-07-19 09:15:29,1,1199
9099,REF-1006,478,2026-07-19 09:45:29,1,799
9100,REF-1002,210,2026-07-19 09:48:29,1,1199
9101,REF-1008,355,2026-07-19 11:12:29,1,899
9102,REF-1003,357,2026-07-19 12:06:29,1,1199
9103,REF-1009,371,2026-07-19 12:52:29,1,1299
9104,REF-1027,281,2026-07-19 12:55:29,1,220
9105,REF-1009,143,2026-07-19 13:08:29,1,1299
9106,REF-1024,286,2026-07-19 13:10:29,1,450
9107,REF-1027,473,2026-07-19 13:25:29,1,220
9108,REF-1007,179,2026-07-19 14:17:29,2,1798
9109,REF-1028,393,2026-07-19 14:33:29,1,220
9110,REF-1013,372,2026-07-19 14:35:29,1,299
9111,REF-1020,170,2026-07-19 14:38:29,2,500
9112,REF-1005,268,2026-07-19 15:38:29,3,2397
9113,REF-1022,420,2026-07-19 15:40:29,1,400
9114,REF-1027,238,2026-07-19 15:48:29,1,220
9115,REF-1027,401,2026-07-19 16:13:29,1,220
9116,REF-1004,71,2026-07-19 16:26:29,1,1199
9117,REF-1018,60,2026-07-19 19:00:29,1,850
9118,REF-1023,214,2026-07-19 19:03:29,1,400
9119,REF-1008,484,2026-07-19 19:43:29,2,1798
9120,REF-1006,195,2026-07-19 19:52:29,2,1598
9121,REF-1012,344,2026-07-19 20:19:29,1,450
9122,REF-1007,179,2026-07-19 20:26:29,1,899
9123,REF-1027,140,2026-07-19 20:57:29,1,220
9124,REF-1027,8,2026-07-19 21:18:29,1,220
9125,REF-1003,178,2026-07-19 22:16:29,1,1199
9126,REF-1025,201,2026-07-19 22:37:29,1,450
9127,REF-1003,482,2026-07-19 23:31:29,1,1199
9128,REF-1022,78,2026-07-20 00:26:29,1,400
9129,REF-1027,162,2026-07-20 04:25:29,1,220
9130,REF-1003,357,2026-07-20 06:20:29,1,1199
9131,REF-1004,8,2026-07-20 07:37:29,1,1199
9132,REF-1009,349,2026-07-20 09:30:29,1,1299
9133,REF-1005,197,2026-07-20 10:45:29,1,799
9134,REF-1011,5,2026-07-20 12:21:29,2,900
9135,REF-1001,441,2026-07-20 12:27:29,1,999
9136,REF-1020,105,2026-07-20 13:39:29,1,250
9137,REF-1002,283,2026-07-20 14:18:29,1,1199
9138,REF-1004,381,2026-07-20 14:22:29,2,2398
9139,REF-1009,272,2026-07-20 14:25:29,3,3897
9140,REF-1011,161,2026-07-20 14:25:29,1,450
9141,REF-1023,337,2026-07-20 14:32:29,1,400
9142,REF-1013,298,2026-07-20 15:17:29,1,299
9143,REF-1013,334,2026-07-20 15:31:29,1,299
9144,REF-1025,266,2026-07-20 18:29:29,1,450
9145,REF-1026,199,2026-07-20 18:48:29,1,450
9146,REF-1006,175,2026-07-20 19:29:29,1,799
9147,REF-1018,137,2026-07-20 20:41:29,1,850
9148,REF-1010,279,2026-07-20 20:46:29,1,1299
9149,REF-1004,402,2026-07-20 22:25:29,1,1199
9150,REF-1016,392,2026-07-20 23:58:29,2,700
9151,REF-1017,171,2026-07-21 00:05:29,1,350
9152,REF-1025,181,2026-07-21 01:44:29,1,450
9153,REF-1029,155,2026-07-21 02:48:29,1,220
9154,REF-1029,396,2026-07-21 03:30:29,1,220
9155,REF-1017,279,2026-07-21 03:55:29,3,1050
9156,REF-1005,207,2026-07-21 04:07:29,1,799
9157,REF-1004,8,2026-07-21 05:11:29,1,1199
9158,REF-1017,19,2026-07-21 05:51:29,1,350
9159,REF-1012,376,2026-07-21 06:04:29,1,450
9160,REF-1018,417,2026-07-21 06:12:29,1,850
9161,REF-1007,277,2026-07-21 09:18:29,1,899
9162,REF-1007,138,2026-07-21 09:27:29,1,899
9163,REF-1014,243,2026-07-21 10:09:29,1,299
9164,REF-1017,419,2026-07-21 10:39:29,1,350
9165,REF-1010,163,2026-07-21 11:20:29,1,1299
9166,REF-1018,132,2026-07-21 11:33:29,1,850
9167,REF-1025,135,2026-07-21 12:14:29,1,450
9168,REF-1009,445,2026-07-21 14:24:29,1,1299
9169,REF-1010,143,2026-07-21 15:25:29,1,1299
9170,REF-1016,29,2026-07-21 16:35:29,1,350
9171,REF-1026,89,2026-07-21 19:05:29,1,450
9172,REF-1001,489,2026-07-21 19:15:29,1,999
9173,REF-1020,193,2026-07-21 21:25:29,3,750
9174,REF-1008,353,2026-07-21 21:41:29,1,899
9175,REF-1002,366,2026-07-21 21:50:29,3,3597
9176,REF-1003,186,2026-07-21 22:10:29,1,1199
9177,REF-1008,472,2026-07-21 22:53:29,2,1798
9178,REF-1022,129,2026-07-22 01:36:29,1,400
9179,REF-1003,212,2026-07-22 02:39:29,1,1199
9180,REF-1005,283,2026-07-22 03:01:29,1,799
9181,REF-1012,55,2026-07-22 04:46:29,1,450
9182,REF-1026,249,2026-07-22 06:31:29,1,450
9183,REF-1027,355,2026-07-22 07:23:29,1,220
9184,REF-1029,374,2026-07-22 07:24:29,1,220
9185,REF-1011,403,2026-07-22 09:56:29,1,450
9186,REF-1022,288,2026-07-22 11:44:29,2,800
9187,REF-1004,447,2026-07-22 12:51:29,1,1199
9188,REF-1027,170,2026-07-22 13:13:29,1,220
9189,REF-1012,460,2026-07-22 13:47:29,1,450
9190,REF-1023,21,2026-07-22 16:26:29,1,400
9191,REF-1001,241,2026-07-22 16:30:29,1,999
9192,REF-1005,236,2026-07-22 16:50:29,1,799
9193,REF-1010,385,2026-07-22 16:51:29,1,1299
9194,REF-1006,82,2026-07-22 16:58:29,1,799
9195,REF-1002,12,2026-07-22 18:04:29,1,1199
9196,REF-1015,52,2026-07-22 18:35:29,1,299
9197,REF-1016,435,2026-07-22 18:39:29,1,350
9198,REF-1021,106,2026-07-22 18:39:29,1,250
9199,REF-1013,178,2026-07-22 19:13:29,1,299
9200,REF-1005,340,2026-07-22 20:24:29,1,799
9201,REF-1028,255,2026-07-22 20:25:29,1,220
9202,REF-1003,57,2026-07-22 21:07:29,1,1199
9203,REF-1023,51,2026-07-22 22:30:29,1,400
9204,REF-1008,259,2026-07-23 00:19:29,1,899
9205,REF-1020,51,2026-07-23 02:51:29,1,250
9206,REF-1027,355,2026-07-23 03:05:29,1,220
9207,REF-1004,269,2026-07-23 03:25:29,1,1199
9208,REF-1019,492,2026-07-23 03:46:29,1,850
9209,REF-1026,354,2026-07-23 04:33:29,1,450
9210,REF-1016,312,2026-07-23 05:27:29,1,350
9211,REF-1028,34,2026-07-23 05:33:29,1,220
9212,REF-1003,213,2026-07-23 06:15:29,1,1199
9213,REF-1020,247,2026-07-23 06:38:29,1,250
9214,REF-1029,297,2026-07-23 08:18:29,1,220
9215,REF-1013,131,2026-07-23 08:29:29,1,299
9216,REF-1029,440,2026-07-23 09:52:29,2,440
9217,REF-1001,321,2026-07-23 10:00:29,1,999
9218,REF-1024,431,2026-07-23 10:03:29,1,450
9219,REF-1021,235,2026-07-23 11:46:29,1,250
9220,REF-1001,201,2026-07-23 12:16:29,1,999
9221,REF-1009,241,2026-07-23 12:38:29,1,1299
9222,REF-1013,497,2026-07-23 12:43:29,1,299
9223,REF-1014,398,2026-07-23 13:15:29,1,299
9224,REF-1007,254,2026-07-23 13:22:29,2,1798
9225,REF-1028,256,2026-07-23 13:35:29,5,1100
9226,REF-1007,70,2026-07-23 16:12:29,1,899
9227,REF-1024,245,2026-07-23 16:58:29,1,450
9228,REF-1025,261,2026-07-23 19:21:29,1,450
9229,REF-1017,75,2026-07-23 19:27:29,1,350
9230,REF-1023,77,2026-07-23 21:27:29,2,800
9231,REF-1000,450,2026-07-23 21:49:29,1,999
9232,REF-1024,206,2026-07-23 23:03:29,1,450
9233,REF-1028,249,2026-07-24 00:09:29,1,220
9234,REF-1005,199,2026-07-24 01:03:29,1,799
9235,REF-1013,418,2026-07-24 01:31:29,1,299
9236,REF-1021,396,2026-07-24 01:31:29,1,250
9237,REF-1000,402,2026-07-24 02:08:29,1,999
9238,REF-1025,5,2026-07-24 03:30:29,1,450
9239,REF-1027,201,2026-07-24 05:24:29,1,220
9240,REF-1007,407,2026-07-24 06:57:29,1,899
9241,REF-1017,331,2026-07-24 07:02:29,4,1400
9242,REF-1000,285,2026-07-24 07:53:29,1,999
9243,REF-1021,123,2026-07-24 10:48:29,1,250
9244,REF-1016,13,2026-07-24 11:13:29,1,350
9245,REF-1017,394,2026-07-24 11:53:29,1,350
9246,REF-1010,379,2026-07-24 13:03:29,1,1299
9247,REF-1009,311,2026-07-24 17:02:29,1,1299
9248,REF-1014,430,2026-07-24 18:32:29,1,299
9249,REF-1011,17,2026-07-24 18:42:29,1,450
9250,REF-1025,116,2026-07-25 03:31:29,1,450
9251,REF-1012,36,2026-07-25 03:43:29,2,900
9252,REF-1010,444,2026-07-25 04:04:29,1,1299
9253,REF-1000,28,2026-07-25 05:55:29,2,1998
9254,REF-1003,3,2026-07-25 06:19:29,1,1199
9255,REF-1015,120,2026-07-25 07:54:29,1,299
9256,REF-1010,324,2026-07-25 08:07:29,1,1299
9257,REF-1003,136,2026-07-25 08:13:29,1,1199
9258,REF-1010,455,2026-07-25 08:30:29,2,2598
9259,REF-1004,498,2026-07-25 10:09:29,1,1199
9260,REF-1019,298,2026-07-25 11:56:29,1,850
9261,REF-1010,294,2026-07-25 12:10:29,1,1299
9262,REF-1004,14,2026-07-25 12:58:29,3,3597
9263,REF-1022,70,2026-07-25 13:15:29,1,400
9264,REF-1016,395,2026-07-25 14:30:29,1,350
9265,REF-1009,146,2026-07-25 15:38:29,1,1299
9266,REF-1022,65,2026-07-25 15:55:29,1,400
9267,REF-1014,396,2026-07-25 17:09:29,1,299
9268,REF-1025,283,2026-07-25 17:38:29,1,450
9269,REF-1001,118,2026-07-25 17:53:29,1,999
9270,REF-1008,87,2026-07-25 20:11:29,1,899
9271,REF-1021,211,2026-07-25 20:13:29,1,250
9272,REF-1006,292,2026-07-25 20:24:29,1,799
9273,REF-1026,209,2026-07-25 21:14:29,1,450
9274,REF-1011,490,2026-07-25 22:11:29,1,450
9275,REF-1022,120,2026-07-25 22:23:29,1,400
9276,REF-1021,82,2026-07-25 22:51:29,1,250
9277,REF-1009,273,2026-07-25 22:52:29,1,1299
9278,REF-1010,396,2026-07-25 22:55:29,2,2598
9279,REF-1002,178,2026-07-25 23:08:29,1,1199
9280,REF-1008,461,2026-07-26 00:29:29,1,899
9281,REF-1019,165,2026-07-26 01:08:29,1,850
9282,REF-1028,367,2026-07-26 01:27:29,1,220
9283,REF-1015,93,2026-07-26 02:38:29,1,299
9284,REF-1002,40,2026-07-26 02:52:29,1,1199
9285,REF-1025,303,2026-07-26 04:05:29,1,450
9286,REF-1009,160,2026-07-26 04:24:29,1,1299
9287,REF-1023,374,2026-07-26 04:58:29,1,400
9288,REF-1001,359,2026-07-26 06:38:29,1,999
9289,REF-1025,137,2026-07-26 06:57:29,1,450
9290,REF-1018,424,2026-07-26 07:27:29,2,1700
9291,REF-1029,392,2026-07-26 09:35:29,1,220
9292,REF-1028,286,2026-07-26 09:49:29,1,220
9293,REF-1002,409,2026-07-26 11:19:29,2,2398
9294,REF-1009,359,2026-07-26 11:43:29,1,1299
9295,REF-1020,395,2026-07-26 11:59:29,1,250
9296,REF-1003,377,2026-07-26 13:05:29,1,1199
9297,REF-1022,96,2026-07-26 13:14:29,2,800
9298,REF-1007,167,2026-07-26 13:54:29,1,899
9299,REF-1017,87,2026-07-26 15:42:29,4,1400
9300,REF-1028,238,2026-07-26 15:50:29,1,220
9301,REF-1011,163,2026-07-26 16:45:29,1,450
9302,REF-1029,199,2026-07-26 17:36:29,1,220
9303,REF-1029,366,2026-07-26 17:57:29,1,220
9304,REF-1013,153,2026-07-26 18:24:29,1,299
9305,REF-1016,327,2026-07-26 20:25:29,1,350
9306,REF-1022,282,2026-07-26 20:29:29,3,1200
9307,REF-1022,312,2026-07-26 21:04:29,1,400
9308,REF-1007,398,2026-07-26 22:14:29,1,899
9309,REF-1019,463,2026-07-26 23:00:29,2,1700
9310,REF-1007,343,2026-07-26 23:20:29,1,899
9311,REF-1001,496,2026-07-27 01:32:29,1,999
9312,REF-1003,158,2026-07-27 01:51:29,1,1199
9313,REF-1011,155,2026-07-27 02:28:29,1,450
9314,REF-1009,227,2026-07-27 05:35:29,1,1299
9315,REF-1024,179,2026-07-27 06:49:29,1,450
9316,REF-1013,235,2026-07-27 09:20:29,1,299
9317,REF-1000,347,2026-07-27 09:33:29,1,999
9318,REF-1027,156,2026-07-27 12:07:29,2,440
9319,REF-1006,35,2026-07-27 12:19:29,4,3196
9320,REF-1015,445,2026-07-27 12:20:29,1,299
9321,REF-1001,137,2026-07-27 13:07:29,1,999
9322,REF-1004,439,2026-07-27 14:37:29,2,2398
9323,REF-1021,38,2026-07-27 14:42:29,1,250
9324,REF-1024,209,2026-07-27 15:11:29,1,450
9325,REF-1015,331,2026-07-27 16:46:29,1,299
9326,REF-1001,327,2026-07-27 17:58:29,1,999
9327,REF-1007,191,2026-07-27 18:04:29,2,1798
9328,REF-1002,244,2026-07-27 18:28:29,1,1199
9329,REF-1020,465,2026-07-27 19:25:29,1,250
9330,REF-1010,85,2026-07-27 19:38:29,2,2598
9331,REF-1027,235,2026-07-27 19:52:29,1,220
9332,REF-1023,226,2026-07-27 19:54:29,1,400
9333,REF-1011,285,2026-07-27 21:20:29,1,450
9334,REF-1005,393,2026-07-27 21:57:29,1,799
9335,REF-1006,209,2026-07-27 23:16:29,1,799
9336,REF-1006,453,2026-07-27 23:23:29,1,799
9337,REF-1011,143,2026-07-28 02:17:29,1,450
9338,REF-1025,334,2026-07-28 02:36:29,1,450
9339,REF-1011,170,2026-07-28 02:41:29,1,450
9340,REF-1005,146,2026-07-28 05:15:29,1,799
9341,REF-1008,61,2026-07-28 08:07:29,1,899
9342,REF-1017,12,2026-07-28 08:33:29,1,350
9343,REF-1015,415,2026-07-28 08:53:29,1,299
9344,REF-1019,417,2026-07-28 08:58:29,5,4250
9345,REF-1010,308,2026-07-28 10:23:29,1,1299
9346,REF-1013,196,2026-07-28 10:30:29,1,299
9347,REF-1010,380,2026-07-28 12:23:29,1,1299
9348,REF-1025,123,2026-07-28 14:55:29,1,450
9349,REF-1006,189,2026-07-28 15:19:29,3,2397
9350,REF-1028,295,2026-07-28 17:12:29,1,220
9351,REF-1008,199,2026-07-28 18:11:29,1,899
9352,REF-1006,413,2026-07-28 18:37:29,1,799
9353,REF-1027,145,2026-07-28 19:27:29,1,220
9354,REF-1003,253,2026-07-28 19:33:29,1,1199
9355,REF-1029,59,2026-07-28 19:45:29,1,220
9356,REF-1003,256,2026-07-28 20:32:29,1,1199
9357,REF-1010,116,2026-07-28 21:17:29,1,1299
9358,REF-1000,92,2026-07-28 21:23:29,1,999
9359,REF-1003,230,2026-07-28 23:58:29,2,2398
9360,REF-1021,406,2026-07-28 23:59:29,1,250
9361,REF-1003,309,2026-07-29 00:02:29,1,1199
9362,REF-1013,41,2026-07-29 00:05:29,1,299
9363,REF-1013,207,2026-07-29 00:51:29,3,897
9364,REF-1003,62,2026-07-29 02:45:29,1,1199
9365,REF-1026,477,2026-07-29 03:26:29,1,450
9366,REF-1014,316,2026-07-29 03:43:29,1,299
9367,REF-1002,119,2026-07-29 04:28:29,2,2398
9368,REF-1026,4,2026-07-29 05:42:29,1,450
9369,REF-1011,415,2026-07-29 06:41:29,1,450
9370,REF-1028,58,2026-07-29 08:18:29,1,220
9371,REF-1007,100,2026-07-29 08:59:29,1,899
9372,REF-1011,179,2026-07-29 09:27:29,1,450
9373,REF-1029,36,2026-07-29 10:07:29,1,220
9374,REF-1013,197,2026-07-29 10:58:29,1,299
9375,REF-1005,226,2026-07-29 12:09:29,2,1598
9376,REF-1012,192,2026-07-29 14:41:29,1,450
9377,REF-1012,236,2026-07-29 15:05:29,1,450
9378,REF-1010,149,2026-07-29 15:42:29,1,1299
9379,REF-1007,37,2026-07-29 16:14:29,1,899
9380,REF-1026,328,2026-07-29 16:32:29,1,450
9381,REF-1006,110,2026-07-29 16:46:29,1,799
9382,REF-1011,4,2026-07-29 18:31:29,1,450
9383,REF-1012,165,2026-07-29 19:06:29,1,450
9384,REF-1003,91,2026-07-29 20:12:29,1,1199
9385,REF-1024,124,2026-07-29 20:16:29,1,450
9386,REF-1013,258,2026-07-29 20:30:29,1,299
9387,REF-1011,5,2026-07-29 20:31:29,1,450
9388,REF-1006,414,2026-07-29 20:42:29,1,799
9389,REF-1008,232,2026-07-29 21:20:29,1,899
9390,REF-1023,238,2026-07-29 21:24:29,1,400
9391,REF-1020,195,2026-07-29 21:59:29,1,250
9392,REF-1011,359,2026-07-30 01:06:29,2,900
9393,REF-1007,323,2026-07-30 01:20:29,1,899
9394,REF-1019,191,2026-07-30 02:49:29,1,850
9395,REF-1012,146,2026-07-30 05:02:29,1,450
9396,REF-1005,160,2026-07-30 05:59:29,1,799
9397,REF-1005,49,2026-07-30 06:48:29,2,1598
9398,REF-1001,220,2026-07-30 07:51:29,1,999
9399,REF-1013,218,2026-07-30 07:58:29,1,299
9400,REF-1006,444,2026-07-30 08:03:29,1,799
9401,REF-1002,45,2026-07-30 08:21:29,1,1199
9402,REF-1007,49,2026-07-30 08:33:29,2,1798
9403,REF-1001,136,2026-07-30 09:28:29,1,999
9404,REF-1012,45,2026-07-30 10:57:29,1,450
9405,REF-1010,283,2026-07-30 11:25:29,1,1299
9406,REF-1000,69,2026-07-30 12:27:29,1,999
9407,REF-1021,299,2026-07-30 12:59:29,1,250
9408,REF-1021,409,2026-07-30 13:34:29,1,250
9409,REF-1008,86,2026-07-30 14:13:29,2,1798
9410,REF-1014,108,2026-07-30 15:38:29,1,299
9411,REF-1028,346,2026-07-30 17:04:29,2,440
9412,REF-1023,426,2026-07-30 18:29:29,1,400
9413,REF-1012,116,2026-07-30 19:34:29,1,450
9414,REF-1016,79,2026-07-30 20:18:29,1,350
9415,REF-1003,308,2026-07-30 21:50:29,1,1199
9416,REF-1024,421,2026-07-30 22:45:29,1,450
9417,REF-1004,387,2026-07-30 23:20:29,1,1199
9418,REF-1026,239,2026-07-30 23:51:29,1,450
9419,REF-1010,367,2026-07-31 00:41:29,1,1299
9420,REF-1017,1,2026-07-31 01:28:29,1,350
9421,REF-1006,52,2026-07-31 02:27:29,1,799
9422,REF-1019,465,2026-07-31 02:42:29,1,850
9423,REF-1016,376,2026-07-31 02:53:29,1,350
9424,REF-1011,53,2026-07-31 04:15:29,2,900
9425,REF-1020,229,2026-07-31 04:45:29,2,500
9426,REF-1000,147,2026-07-31 11:58:29,1,999
9427,REF-1026,288,2026-07-31 12:04:29,2,900
9428,REF-1022,276,2026-07-31 12:11:29,2,800
9429,REF-1023,464,2026-07-31 12:13:29,1,400
9430,REF-1022,92,2026-07-31 12:45:29,1,400
9431,REF-1022,498,2026-07-31 13:44:29,1,400
9432,REF-1021,6,2026-07-31 15:19:29,1,250
9433,REF-1016,253,2026-07-31 15:30:29,1,350
9434,REF-1009,155,2026-07-31 15:41:29,1,1299
9435,REF-1024,170,2026-07-31 18:02:29,1,450
9436,REF-1018,195,2026-07-31 18:58:29,1,850
9437,REF-1026,426,2026-07-31 20:57:29,1,450
9438,REF-1014,131,2026-07-31 23:07:29,1,299
9439,REF-1023,101,2026-08-01 00:07:29,1,400
9440,REF-1023,30,2026-08-01 01:37:29,1,400
9441,REF-1028,204,2026-08-01 01:51:29,1,220
9442,REF-1017,499,2026-08-01 04:20:29,1,350
9443,REF-1014,416,2026-08-01 05:44:29,1,299
9444,REF-1013,346,2026-08-01 07:54:29,1,299
9445,REF-1012,179,2026-08-01 08:16:29,1,450
9446,REF-1017,178,2026-08-01 09:29:29,1,350
9447,REF-1002,289,2026-08-01 11:52:29,5,5995
9448,REF-1010,239,2026-08-01 14:33:29,1,1299
9449,REF-1024,111,2026-08-01 15:18:29,1,450
9450,REF-1004,469,2026-08-01 15:37:29,1,1199
9451,REF-1016,443,2026-08-01 17:44:29,1,350
9452,REF-1023,200,2026-08-01 18:01:29,1,400
9453,REF-1014,435,2026-08-01 18:07:29,1,299
9454,REF-1021,150,2026-08-01 21:55:29,1,250
9455,REF-1011,165,2026-08-01 21:58:29,1,450
9456,REF-1012,331,2026-08-01 22:00:29,2,900
9457,REF-1010,433,2026-08-02 00:47:29,1,1299
9458,REF-1017,73,2026-08-02 01:34:29,1,350
9459,REF-1028,135,2026-08-02 01:46:29,1,220
9460,REF-1024,232,2026-08-02 01:59:29,1,450
9461,REF-1016,50,2026-08-02 02:13:29,1,350
9462,REF-1027,70,2026-08-02 04:47:29,2,440
9463,REF-1008,429,2026-08-02 05:43:29,1,899
9464,REF-1001,197,2026-08-02 06:18:29,1,999
9465,REF-1027,338,2026-08-02 08:08:29,1,220
9466,REF-1021,232,2026-08-02 08:11:29,1,250
9467,REF-1001,317,2026-08-02 09:00:29,1,999
9468,REF-1002,158,2026-08-02 10:50:29,1,1199
9469,REF-1001,181,2026-08-02 11:29:29,1,999
9470,REF-1025,246,2026-08-02 11:35:29,1,450
9471,REF-1008,52,2026-08-02 13:09:29,1,899
9472,REF-1006,436,2026-08-02 14:01:29,1,799
9473,REF-1021,87,2026-08-02 15:38:29,2,500
9474,REF-1018,496,2026-08-02 16:07:29,3,2550
9475,REF-1021,303,2026-08-02 16:17:29,1,250
9476,REF-1023,460,2026-08-02 17:16:29,2,800
9477,REF-1028,45,2026-08-02 18:13:29,2,440
9478,REF-1020,457,2026-08-02 18:40:29,1,250
9479,REF-1000,457,2026-08-02 20:19:29,1,999
9480,REF-1004,26,2026-08-02 22:16:29,2,2398
9481,REF-1004,173,2026-08-02 22:25:29,1,1199
9482,REF-1019,371,2026-08-02 22:32:29,1,850
9483,REF-1026,186,2026-08-03 00:54:29,1,450
9484,REF-1014,456,2026-08-03 01:38:29,2,598
9485,REF-1002,183,2026-08-03 01:52:29,1,1199
9486,REF-1009,251,2026-08-03 02:04:29,1,1299
9487,REF-1015,57,2026-08-03 03:12:29,1,299
9488,REF-1012,239,2026-08-03 04:02:29,1,450
9489,REF-1021,195,2026-08-03 04:20:29,1,250
9490,REF-1027,254,2026-08-03 05:38:29,1,220
9491,REF-1003,288,2026-08-03 05:41:29,3,3597
9492,REF-1000,158,2026-08-03 07:11:29,1,999
9493,REF-1006,220,2026-08-03 09:46:29,1,799
9494,REF-1005,97,2026-08-03 10:16:29,1,799
9495,REF-1026,330,2026-08-03 11:18:29,1,450
9496,REF-1029,322,2026-08-03 12:26:29,2,440
9497,REF-1004,308,2026-08-03 12:39:29,1,1199
9498,REF-1016,35,2026-08-03 12:45:29,1,350
9499,REF-1006,333,2026-08-03 13:26:29,1,799
9500,REF-1024,79,2026-08-03 13:37:29,1,450
9501,REF-1012,288,2026-08-03 13:50:29,1,450
9502,REF-1017,213,2026-08-03 13:53:29,1,350
9503,REF-1029,382,2026-08-03 15:09:29,1,220
9504,REF-1015,17,2026-08-03 16:19:29,1,299
9505,REF-1023,263,2026-08-03 17:35:29,1,400
9506,REF-1008,97,2026-08-03 18:52:29,1,899
9507,REF-1017,443,2026-08-03 19:36:29,1,350
9508,REF-1004,245,2026-08-03 20:18:29,1,1199
9509,REF-1010,324,2026-08-03 20:53:29,1,1299
9510,REF-1010,443,2026-08-04 00:02:29,1,1299
9511,REF-1021,186,2026-08-04 01:19:29,1,250
9512,REF-1004,164,2026-08-04 01:23:29,3,3597
9513,REF-1007,78,2026-08-04 01:54:29,1,899
9514,REF-1002,91,2026-08-04 01:56:29,1,1199
9515,REF-1003,343,2026-08-04 02:03:29,1,1199
9516,REF-1022,268,2026-08-04 04:15:29,1,400
9517,REF-1005,245,2026-08-04 04:37:29,1,799
9518,REF-1000,335,2026-08-04 04:55:29,1,999
9519,REF-1010,234,2026-08-04 05:07:29,1,1299
9520,REF-1018,413,2026-08-04 06:01:29,1,850
9521,REF-1002,500,2026-08-04 06:34:29,1,1199
9522,REF-1015,474,2026-08-04 07:03:29,1,299
9523,REF-1014,390,2026-08-04 07:16:29,1,299
9524,REF-1005,216,2026-08-04 08:02:29,1,799
9525,REF-1016,454,2026-08-04 08:17:29,1,350
9526,REF-1006,408,2026-08-04 09:18:29,1,799
9527,REF-1007,132,2026-08-04 12:58:29,1,899
9528,REF-1024,384,2026-08-04 13:19:29,1,450
9529,REF-1029,403,2026-08-04 16:24:29,1,220
9530,REF-1022,167,2026-08-04 16:40:29,1,400
9531,REF-1028,173,2026-08-04 18:25:29,1,220
9532,REF-1004,27,2026-08-04 18:47:29,1,1199
9533,REF-1013,319,2026-08-04 20:20:29,3,897
9534,REF-1020,259,2026-08-04 20:44:29,1,250
9535,REF-1022,366,2026-08-04 21:22:29,1,400
9536,REF-1023,395,2026-08-04 21:47:29,2,800
9537,REF-1012,473,2026-08-04 22:44:29,1,450
9538,REF-1009,93,2026-08-04 22:58:29,2,2598
9539,REF-1015,144,2026-08-04 23:12:29,1,299
9540,REF-1001,96,2026-08-04 23:41:29,1,999
9541,REF-1024,375,2026-08-05 00:24:29,1,450
9542,REF-1027,113,2026-08-05 01:12:29,1,220
9543,REF-1006,324,2026-08-05 01:35:29,1,799
9544,REF-1003,241,2026-08-05 04:08:29,1,1199
9545,REF-1011,337,2026-08-05 05:03:29,1,450
9546,REF-1014,69,2026-08-05 06:35:29,1,299
9547,REF-1004,116,2026-08-05 06:38:29,1,1199
9548,REF-1009,159,2026-08-05 07:02:29,1,1299
9549,REF-1005,241,2026-08-05 07:58:29,1,799
9550,REF-1015,478,2026-08-05 08:05:29,1,299
9551,REF-1025,368,2026-08-05 09:09:29,1,450
9552,REF-1016,355,2026-08-05 10:01:29,1,350
9553,REF-1010,85,2026-08-05 10:33:29,2,2598
9554,REF-1004,265,2026-08-05 11:05:29,1,1199
9555,REF-1023,197,2026-08-05 14:24:29,1,400
9556,REF-1000,219,2026-08-05 16:50:29,1,999
9557,REF-1012,388,2026-08-05 17:01:29,1,450
9558,REF-1019,283,2026-08-05 17:31:29,1,850
9559,REF-1005,66,2026-08-05 17:41:29,1,799
9560,REF-1024,286,2026-08-05 19:11:29,3,1350
9561,REF-1014,454,2026-08-05 21:50:29,1,299
9562,REF-1029,19,2026-08-06 01:28:29,1,220
9563,REF-1014,439,2026-08-06 02:13:29,1,299
9564,REF-1029,432,2026-08-06 02:14:29,1,220
9565,REF-1013,80,2026-08-06 02:43:29,1,299
9566,REF-1024,17,2026-08-06 03:10:29,1,450
9567,REF-1018,138,2026-08-06 03:17:29,1,850
9568,REF-1016,423,2026-08-06 03:21:29,1,350
9569,REF-1005,447,2026-08-06 05:16:29,1,799
9570,REF-1009,374,2026-08-06 05:35:29,1,1299
9571,REF-1023,92,2026-08-06 05:44:29,1,400
9572,REF-1008,294,2026-08-06 07:52:29,1,899
9573,REF-1016,147,2026-08-06 08:55:29,1,350
9574,REF-1027,66,2026-08-06 09:42:29,1,220
9575,REF-1024,18,2026-08-06 10:33:29,1,450
9576,REF-1026,398,2026-08-06 13:28:29,1,450
9577,REF-1024,480,2026-08-06 15:41:29,1,450
9578,REF-1024,448,2026-08-06 18:44:29,1,450
9579,REF-1022,233,2026-08-06 18:45:29,1,400
9580,REF-1007,316,2026-08-06 19:58:29,1,899
9581,REF-1015,341,2026-08-06 20:34:29,1,299
9582,REF-1019,466,2026-08-06 21:16:29,1,850
9583,REF-1024,155,2026-08-06 22:07:29,1,450
9584,REF-1016,177,2026-08-06 22:28:29,1,350
9585,REF-1001,31,2026-08-06 22:35:29,2,1998
9586,REF-1018,227,2026-08-07 00:01:29,4,3400
9587,REF-1018,394,2026-08-07 00:12:29,1,850
9588,REF-1020,424,2026-08-07 00:12:29,1,250
9589,REF-1008,408,2026-08-07 00:18:29,3,2697
9590,REF-1028,207,2026-08-07 00:41:29,1,220
9591,REF-1012,397,2026-08-07 01:06:29,1,450
9592,REF-1026,421,2026-08-07 02:38:29,1,450
9593,REF-1006,100,2026-08-07 03:57:29,2,1598
9594,REF-1024,342,2026-08-07 04:46:29,1,450
9595,REF-1008,84,2026-08-07 06:16:29,1,899
9596,REF-1024,442,2026-08-07 07:31:29,1,450
9597,REF-1009,285,2026-08-07 08:11:29,1,1299
9598,REF-1009,342,2026-08-07 08:30:29,1,1299
9599,REF-1002,54,2026-08-07 08:31:29,1,1199
9600,REF-1001,310,2026-08-07 09:06:29,1,999
9601,REF-1000,45,2026-08-07 09:14:29,1,999
9602,REF-1015,120,2026-08-07 09:30:29,1,299
9603,REF-1004,439,2026-08-07 09:46:29,1,1199
9604,REF-1011,5,2026-08-07 09:46:29,1,450
9605,REF-1021,242,2026-08-07 09:50:29,1,250
9606,REF-1029,151,2026-08-07 09:52:29,1,220
9607,REF-1000,338,2026-08-07 10:07:29,1,999
9608,REF-1007,432,2026-08-07 10:15:29,1,899
9609,REF-1010,131,2026-08-07 10:30:29,1,1299
9610,REF-1020,76,2026-08-07 11:53:29,1,250
9611,REF-1006,98,2026-08-07 12:51:29,1,799
9612,REF-1008,208,2026-08-07 13:40:29,1,899
9613,REF-1007,487,2026-08-07 16:56:29,1,899
9614,REF-1011,480,2026-08-07 17:48:29,1,450
9615,REF-1002,71,2026-08-07 18:17:29,1,1199
9616,REF-1003,114,2026-08-07 19:27:29,2,2398
9617,REF-1028,5,2026-08-07 20:02:29,1,220
9618,REF-1016,354,2026-08-07 21:44:29,1,350
9619,REF-1018,48,2026-08-07 21:47:29,1,850
9620,REF-1005,26,2026-08-07 23:50:29,2,1598
9621,REF-1019,259,2026-08-08 05:25:29,1,850
9622,REF-1017,322,2026-08-08 05:39:29,1,350
9623,REF-1007,476,2026-08-08 06:28:29,1,899
9624,REF-1028,325,2026-08-08 07:08:29,1,220
9625,REF-1020,52,2026-08-08 07:14:29,2,500
9626,REF-1003,296,2026-08-08 09:16:29,1,1199
9627,REF-1020,225,2026-08-08 11:39:29,1,250
9628,REF-1020,187,2026-08-08 11:43:29,1,250
9629,REF-1002,183,2026-08-08 12:04:29,1,1199
9630,REF-1019,196,2026-08-08 12:27:29,1,850
9631,REF-1010,184,2026-08-08 13:09:29,1,1299
9632,REF-1002,170,2026-08-08 13:32:29,1,1199
9633,REF-1024,280,2026-08-08 16:15:29,1,450
9634,REF-1010,67,2026-08-08 17:20:29,1,1299
9635,REF-1027,132,2026-08-08 17:38:29,1,220
9636,REF-1016,180,2026-08-08 18:35:29,1,350
9637,REF-1006,254,2026-08-08 18:59:29,1,799
9638,REF-1010,260,2026-08-08 19:45:29,1,1299
9639,REF-1002,160,2026-08-08 20:38:29,1,1199
9640,REF-1015,194,2026-08-08 22:37:29,1,299
9641,REF-1005,500,2026-08-09 00:20:29,1,799
9642,REF-1007,361,2026-08-09 04:09:29,4,3596
9643,REF-1025,208,2026-08-09 04:44:29,1,450
9644,REF-1009,190,2026-08-09 06:02:29,1,1299
9645,REF-1007,202,2026-08-09 07:10:29,1,899
9646,REF-1011,317,2026-08-09 07:36:29,2,900
9647,REF-1028,335,2026-08-09 08:16:29,1,220
9648,REF-1016,233,2026-08-09 08:27:29,1,350
9649,REF-1016,123,2026-08-09 09:21:29,1,350
9650,REF-1013,348,2026-08-09 09:37:29,3,897
9651,REF-1022,302,2026-08-09 10:47:29,1,400
9652,REF-1010,432,2026-08-09 10:55:29,1,1299
9653,REF-1012,174,2026-08-09 11:38:29,1,450
9654,REF-1004,13,2026-08-09 12:03:29,1,1199
9655,REF-1008,204,2026-08-09 13:36:29,2,1798
9656,REF-1019,451,2026-08-09 13:41:29,1,850
9657,REF-1019,160,2026-08-09 13:53:29,1,850
9658,REF-1015,424,2026-08-09 14:49:29,1,299
9659,REF-1009,373,2026-08-09 15:56:29,1,1299
9660,REF-1009,317,2026-08-09 16:54:29,1,1299
9661,REF-1015,274,2026-08-09 17:31:29,1,299
9662,REF-1012,89,2026-08-09 17:44:29,1,450
9663,REF-1015,499,2026-08-09 19:11:29,1,299
9664,REF-1016,290,2026-08-09 19:40:29,1,350
9665,REF-1014,48,2026-08-09 21:27:29,1,299
9666,REF-1014,148,2026-08-09 22:08:29,1,299
9667,REF-1019,468,2026-08-10 00:01:29,1,850
9668,REF-1007,76,2026-08-10 00:25:29,1,899
9669,REF-1026,314,2026-08-10 00:36:29,1,450
9670,REF-1014,3,2026-08-10 01:04:29,1,299
9671,REF-1008,83,2026-08-10 02:17:29,1,899
9672,REF-1007,5,2026-08-10 04:46:29,1,899
9673,REF-1001,435,2026-08-10 05:19:29,1,999
9674,REF-1021,242,2026-08-10 05:37:29,2,500
9675,REF-1021,436,2026-08-10 05:52:29,1,250
9676,REF-1020,50,2026-08-10 06:42:29,1,250
9677,REF-1017,327,2026-08-10 07:17:29,1,350
9678,REF-1010,127,2026-08-10 07:51:29,1,1299
9679,REF-1018,182,2026-08-10 08:37:29,1,850
9680,REF-1026,73,2026-08-10 08:49:29,1,450
9681,REF-1015,353,2026-08-10 09:11:29,1,299
9682,REF-1011,271,2026-08-10 09:15:29,1,450
9683,REF-1023,17,2026-08-10 09:27:29,2,800
9684,REF-1001,156,2026-08-10 10:16:29,1,999
9685,REF-1017,299,2026-08-10 10:52:29,2,700
9686,REF-1008,10,2026-08-10 11:16:29,1,899
9687,REF-1008,378,2026-08-10 13:12:29,1,899
9688,REF-1019,64,2026-08-10 13:20:29,1,850
9689,REF-1021,207,2026-08-10 13:20:29,2,500
9690,REF-1004,338,2026-08-10 14:32:29,1,1199
9691,REF-1023,189,2026-08-10 15:35:29,1,400
9692,REF-1017,248,2026-08-10 17:11:29,1,350
9693,REF-1023,288,2026-08-10 17:43:29,1,400
9694,REF-1008,7,2026-08-10 17:51:29,1,899
9695,REF-1017,97,2026-08-10 18:56:29,2,700
9696,REF-1019,350,2026-08-10 20:34:29,1,850
9697,REF-1011,38,2026-08-10 20:57:29,1,450
9698,REF-1018,284,2026-08-10 23:09:29,1,850
9699,REF-1005,207,2026-08-11 00:04:29,1,799
9700,REF-1002,333,2026-08-11 00:42:29,1,1199
9701,REF-1003,493,2026-08-11 00:50:29,1,1199
9702,REF-1010,474,2026-08-11 01:49:29,1,1299
9703,REF-1011,408,2026-08-11 02:20:29,1,450
9704,REF-1016,246,2026-08-11 06:59:29,1,350
9705,REF-1003,10,2026-08-11 07:13:29,1,1199
9706,REF-1004,100,2026-08-11 08:42:29,1,1199
9707,REF-1011,462,2026-08-11 09:50:29,1,450
9708,REF-1005,275,2026-08-11 10:34:29,1,799
9709,REF-1016,468,2026-08-11 10:47:29,1,350
9710,REF-1016,407,2026-08-11 11:08:29,2,700
9711,REF-1024,435,2026-08-11 15:21:29,1,450
9712,REF-1019,94,2026-08-11 16:33:29,1,850
9713,REF-1020,3,2026-08-11 17:01:29,1,250
9714,REF-1001,130,2026-08-11 17:11:29,1,999
9715,REF-1006,185,2026-08-11 17:28:29,1,799
9716,REF-1000,154,2026-08-11 17:36:29,4,3996
9717,REF-1022,58,2026-08-11 17:57:29,1,400
9718,REF-1002,396,2026-08-11 19:25:29,1,1199
9719,REF-1010,181,2026-08-11 19:28:29,1,1299
9720,REF-1010,291,2026-08-11 20:37:29,1,1299
9721,REF-1002,481,2026-08-11 20:41:29,1,1199
9722,REF-1029,80,2026-08-11 20:45:29,1,220
9723,REF-1021,260,2026-08-11 21:53:29,1,250
9724,REF-1013,79,2026-08-12 00:06:29,1,299
9725,REF-1000,497,2026-08-12 01:22:29,1,999
9726,REF-1022,406,2026-08-12 02:02:29,1,400
9727,REF-1018,122,2026-08-12 02:54:29,1,850
9728,REF-1024,34,2026-08-12 03:47:29,1,450
9729,REF-1015,130,2026-08-12 05:27:29,1,299
9730,REF-1003,496,2026-08-12 06:22:29,1,1199
9731,REF-1024,103,2026-08-12 06:46:29,1,450
9732,REF-1018,389,2026-08-12 06:53:29,1,850
9733,REF-1017,192,2026-08-12 08:16:29,1,350
9734,REF-1020,144,2026-08-12 08:39:29,1,250
9735,REF-1026,55,2026-08-12 09:11:29,1,450
9736,REF-1009,221,2026-08-12 09:49:29,1,1299
9737,REF-1022,136,2026-08-12 11:38:29,1,400
9738,REF-1011,400,2026-08-12 11:45:29,1,450
9739,REF-1028,267,2026-08-12 11:48:29,1,220
9740,REF-1027,242,2026-08-12 12:25:29,1,220
9741,REF-1003,401,2026-08-12 12:28:29,1,1199
9742,REF-1023,61,2026-08-12 12:59:29,1,400
9743,REF-1001,478,2026-08-12 15:05:29,1,999
9744,REF-1013,465,2026-08-12 15:10:29,1,299
9745,REF-1000,143,2026-08-12 16:31:29,1,999
9746,REF-1011,387,2026-08-12 17:36:29,1,450
9747,REF-1015,279,2026-08-12 19:48:29,2,598
9748,REF-1006,479,2026-08-12 20:05:29,1,799
9749,REF-1024,361,2026-08-12 20:16:29,1,450
9750,REF-1021,391,2026-08-12 20:50:29,1,250
9751,REF-1028,250,2026-08-12 22:43:29,1,220
9752,REF-1001,76,2026-08-12 23:01:29,1,999
9753,REF-1002,312,2026-08-12 23:33:29,1,1199
9754,REF-1029,443,2026-08-13 00:35:29,2,440
9755,REF-1013,374,2026-08-13 00:41:29,1,299
9756,REF-1018,218,2026-08-13 00:48:29,1,850
9757,REF-1020,152,2026-08-13 01:21:29,1,250
9758,REF-1014,452,2026-08-13 03:13:29,1,299
9759,REF-1026,476,2026-08-13 03:26:29,1,450
9760,REF-1005,387,2026-08-13 05:33:29,1,799
9761,REF-1014,463,2026-08-13 06:00:29,1,299
9762,REF-1008,458,2026-08-13 06:01:29,1,899
9763,REF-1007,315,2026-08-13 06:10:29,1,899
9764,REF-1022,9,2026-08-13 06:21:29,1,400
9765,REF-1018,500,2026-08-13 06:32:29,1,850
9766,REF-1010,60,2026-08-13 07:48:29,1,1299
9767,REF-1021,32,2026-08-13 09:51:29,1,250
9768,REF-1014,497,2026-08-13 11:17:29,1,299
9769,REF-1016,386,2026-08-13 11:56:29,1,350
9770,REF-1017,202,2026-08-13 12:54:29,1,350
9771,REF-1003,100,2026-08-13 13:53:29,2,2398
9772,REF-1023,496,2026-08-13 18:02:29,1,400
9773,REF-1013,339,2026-08-13 18:04:29,1,299
9774,REF-1006,129,2026-08-13 20:01:29,1,799
9775,REF-1025,356,2026-08-13 20:45:29,1,450
9776,REF-1001,182,2026-08-13 20:54:29,1,999
9777,REF-1007,93,2026-08-13 21:00:29,1,899
9778,REF-1000,365,2026-08-13 21:10:29,1,999
9779,REF-1028,313,2026-08-13 22:05:29,3,660
9780,REF-1023,462,2026-08-13 22:11:29,1,400
9781,REF-1016,336,2026-08-13 22:21:29,1,350
9782,REF-1002,489,2026-08-13 23:16:29,1,1199
9783,REF-1022,443,2026-08-13 23:49:29,1,400
9784,REF-1012,470,2026-08-14 02:05:29,1,450
9785,REF-1010,32,2026-08-14 05:22:29,1,1299
9786,REF-1006,442,2026-08-14 06:59:29,3,2397
9787,REF-1023,448,2026-08-14 07:05:29,2,800
9788,REF-1014,486,2026-08-14 07:31:29,1,299
9789,REF-1010,186,2026-08-14 07:47:29,1,1299
9790,REF-1024,391,2026-08-14 09:22:29,1,450
9791,REF-1029,156,2026-08-14 10:04:29,1,220
9792,REF-1002,322,2026-08-14 12:31:29,1,1199
9793,REF-1003,255,2026-08-14 12:34:29,1,1199
9794,REF-1021,215,2026-08-14 12:58:29,1,250
9795,REF-1019,244,2026-08-14 16:57:29,1,850
9796,REF-1000,94,2026-08-14 17:58:29,1,999
9797,REF-1007,66,2026-08-14 18:38:29,1,899
9798,REF-1013,291,2026-08-14 20:13:29,1,299
9799,REF-1002,206,2026-08-14 21:20:29,1,1199
9800,REF-1004,500,2026-08-14 21:47:29,1,1199
9801,REF-1020,242,2026-08-15 02:20:29,2,500
9802,REF-1013,121,2026-08-15 02:54:29,1,299
9803,REF-1028,91,2026-08-15 03:19:29,1,220
9804,REF-1020,451,2026-08-15 03:40:29,1,250
9805,REF-1016,398,2026-08-15 04:56:29,1,350
9806,REF-1026,495,2026-08-15 05:11:29,1,450
9807,REF-1026,1,2026-08-15 05:30:29,1,450
9808,REF-1008,285,2026-08-15 06:04:29,1,899
9809,REF-1024,152,2026-08-15 06:16:29,2,900
9810,REF-1020,224,2026-08-15 07:28:29,1,250
9811,REF-1002,217,2026-08-15 09:11:29,1,1199
9812,REF-1005,178,2026-08-15 09:15:29,1,799
9813,REF-1029,451,2026-08-15 11:16:29,1,220
9814,REF-1010,210,2026-08-15 11:28:29,1,1299
9815,REF-1022,439,2026-08-15 11:44:29,1,400
9816,REF-1013,254,2026-08-15 11:56:29,1,299
9817,REF-1019,467,2026-08-15 12:56:29,1,850
9818,REF-1011,109,2026-08-15 15:39:29,1,450
9819,REF-1019,162,2026-08-15 15:54:29,1,850
9820,REF-1012,153,2026-08-15 16:23:29,1,450
9821,REF-1014,17,2026-08-15 16:30:29,2,598
9822,REF-1000,66,2026-08-15 16:42:29,2,1998
9823,REF-1005,257,2026-08-15 17:37:29,1,799
9824,REF-1020,101,2026-08-15 17:39:29,1,250
9825,REF-1020,250,2026-08-15 18:02:29,1,250
9826,REF-1003,249,2026-08-15 18:18:29,1,1199
9827,REF-1005,375,2026-08-15 18:37:29,1,799
9828,REF-1010,64,2026-08-15 18:53:29,1,1299
9829,REF-1020,40,2026-08-15 20:14:29,1,250
9830,REF-1029,240,2026-08-15 21:42:29,1,220
9831,REF-1029,146,2026-08-15 23:30:29,1,220
9832,REF-1023,36,2026-08-15 23:41:29,1,400
9833,REF-1006,245,2026-08-15 23:47:29,1,799
9834,REF-1014,395,2026-08-16 04:13:29,1,299
9835,REF-1019,99,2026-08-16 05:00:29,3,2550
9836,REF-1025,69,2026-08-16 06:47:29,1,450
9837,REF-1016,228,2026-08-16 07:00:29,1,350
9838,REF-1015,13,2026-08-16 07:05:29,1,299
9839,REF-1001,84,2026-08-16 07:13:29,1,999
9840,REF-1005,270,2026-08-16 08:30:29,1,799
9841,REF-1000,386,2026-08-16 09:15:29,2,1998
9842,REF-1028,192,2026-08-16 09:58:29,1,220
9843,REF-1027,83,2026-08-16 11:02:29,1,220
9844,REF-1016,212,2026-08-16 11:13:29,4,1400
9845,REF-1013,4,2026-08-16 11:42:29,1,299
9846,REF-1000,14,2026-08-16 12:44:29,1,999
9847,REF-1025,310,2026-08-16 14:31:29,1,450
9848,REF-1000,143,2026-08-16 14:38:29,1,999
9849,REF-1023,415,2026-08-16 15:20:29,1,400
9850,REF-1028,111,2026-08-16 16:31:29,1,220
9851,REF-1019,274,2026-08-16 17:12:29,1,850
9852,REF-1002,203,2026-08-16 18:12:29,1,1199
9853,REF-1007,422,2026-08-16 20:35:29,1,899
9854,REF-1006,56,2026-08-16 20:46:29,1,799
9855,REF-1015,187,2026-08-16 22:18:29,2,598
9856,REF-1020,293,2026-08-16 22:37:29,1,250
9857,REF-1019,297,2026-08-17 02:36:29,2,1700
9858,REF-1024,150,2026-08-17 02:47:29,1,450
9859,REF-1002,287,2026-08-17 06:23:29,1,1199
9860,REF-1004,427,2026-08-17 07:20:29,1,1199
9861,REF-1029,237,2026-08-17 07:54:29,1,220
9862,REF-1011,181,2026-08-17 08:55:29,1,450
9863,REF-1002,306,2026-08-17 09:00:29,1,1199
9864,REF-1004,229,2026-08-17 10:21:29,1,1199
9865,REF-1023,126,2026-08-17 11:00:29,1,400
9866,REF-1007,484,2026-08-17 11:18:29,2,1798
9867,REF-1017,312,2026-08-17 13:39:29,5,1750
9868,REF-1029,238,2026-08-17 16:07:29,1,220
9869,REF-1013,483,2026-08-17 16:15:29,1,299
9870,REF-1021,298,2026-08-17 17:43:29,1,250
9871,REF-1013,253,2026-08-17 18:53:29,1,299
9872,REF-1015,161,2026-08-17 20:07:29,1,299
9873,REF-1004,72,2026-08-17 21:46:29,2,2398
9874,REF-1027,280,2026-08-17 22:08:29,1,220
9875,REF-1003,234,2026-08-17 22:38:29,1,1199
9876,REF-1028,168,2026-08-17 23:20:29,1,220
9877,REF-1011,274,2026-08-18 01:46:29,1,450
9878,REF-1018,31,2026-08-18 02:03:29,1,850
9879,REF-1021,3,2026-08-18 02:15:29,1,250
9880,REF-1008,428,2026-08-18 02:29:29,4,3596
9881,REF-1012,281,2026-08-18 02:42:29,1,450
9882,REF-1025,387,2026-08-18 02:58:29,1,450
9883,REF-1001,254,2026-08-18 03:06:29,1,999
9884,REF-1002,416,2026-08-18 03:28:29,3,3597
9885,REF-1007,496,2026-08-18 04:03:29,1,899
9886,REF-1022,104,2026-08-18 04:26:29,1,400
9887,REF-1004,432,2026-08-18 04:48:29,1,1199
9888,REF-1016,461,2026-08-18 05:04:29,1,350
9889,REF-1021,462,2026-08-18 05:20:29,1,250
9890,REF-1003,333,2026-08-18 07:17:29,1,1199
9891,REF-1002,404,2026-08-18 08:17:29,5,5995
9892,REF-1000,296,2026-08-18 09:03:29,2,1998
9893,REF-1015,339,2026-08-18 09:13:29,1,299
9894,REF-1009,174,2026-08-18 09:36:29,1,1299
9895,REF-1024,459,2026-08-18 09:46:29,1,450
9896,REF-1015,12,2026-08-18 10:03:29,1,299
9897,REF-1021,407,2026-08-18 11:49:29,1,250
9898,REF-1001,267,2026-08-18 12:21:29,1,999
9899,REF-1023,76,2026-08-18 12:34:29,1,400
9900,REF-1019,182,2026-08-18 12:42:29,1,850
9901,REF-1021,379,2026-08-18 12:49:29,1,250
9902,REF-1002,8,2026-08-18 13:00:29,1,1199
9903,REF-1023,359,2026-08-18 13:14:29,1,400
9904,REF-1010,55,2026-08-18 15:28:29,1,1299
9905,REF-1017,432,2026-08-18 15:41:29,1,350
9906,REF-1016,82,2026-08-18 15:51:29,1,350
9907,REF-1020,183,2026-08-18 16:08:29,4,1000
9908,REF-1024,94,2026-08-18 17:55:29,4,1800
9909,REF-1027,227,2026-08-18 18:55:29,1,220
9910,REF-1007,171,2026-08-18 20:16:29,1,899
9911,REF-1024,234,2026-08-18 21:11:29,1,450
9912,REF-1018,161,2026-08-19 00:39:29,1,850
9913,REF-1018,360,2026-08-19 01:20:29,1,850
9914,REF-1006,156,2026-08-19 01:30:29,1,799
9915,REF-1006,309,2026-08-19 02:09:29,1,799
9916,REF-1026,483,2026-08-19 02:38:29,1,450
9917,REF-1023,9,2026-08-19 03:33:29,1,400
9918,REF-1026,277,2026-08-19 04:23:29,1,450
9919,REF-1015,380,2026-08-19 04:28:29,1,299
9920,REF-1002,380,2026-08-19 04:36:29,1,1199
9921,REF-1005,469,2026-08-19 06:03:29,1,799
9922,REF-1010,330,2026-08-19 06:14:29,1,1299
9923,REF-1014,421,2026-08-19 06:19:29,1,299
9924,REF-1026,103,2026-08-19 06:23:29,1,450
9925,REF-1015,183,2026-08-19 07:07:29,1,299
9926,REF-1018,24,2026-08-19 09:16:29,1,850
9927,REF-1011,298,2026-08-19 09:40:29,1,450
9928,REF-1013,492,2026-08-19 10:11:29,1,299
9929,REF-1010,239,2026-08-19 10:51:29,1,1299
9930,REF-1013,209,2026-08-19 11:59:29,1,299
9931,REF-1002,367,2026-08-19 12:44:29,1,1199
9932,REF-1017,341,2026-08-19 12:57:29,1,350
9933,REF-1001,366,2026-08-19 13:05:29,1,999
9934,REF-1026,177,2026-08-19 13:21:29,1,450
9935,REF-1017,4,2026-08-19 14:59:29,1,350
9936,REF-1021,211,2026-08-19 15:51:29,1,250
9937,REF-1029,112,2026-08-19 16:25:29,1,220
9938,REF-1018,5,2026-08-19 16:27:29,1,850
9939,REF-1029,187,2026-08-19 16:31:29,3,660
9940,REF-1020,487,2026-08-19 17:20:29,1,250
9941,REF-1029,378,2026-08-19 18:33:29,1,220
9942,REF-1003,69,2026-08-19 18:40:29,1,1199
9943,REF-1002,453,2026-08-19 20:48:29,1,1199
9944,REF-1000,432,2026-08-19 21:14:29,1,999
9945,REF-1029,353,2026-08-19 21:18:29,2,440
9946,REF-1021,455,2026-08-19 22:49:29,1,250
9947,REF-1023,252,2026-08-19 23:13:29,1,400
9948,REF-1002,335,2026-08-20 00:24:29,1,1199
9949,REF-1013,415,2026-08-20 02:12:29,1,299
9950,REF-1004,172,2026-08-20 02:36:29,3,3597
9951,REF-1020,212,2026-08-20 03:28:29,1,250
9952,REF-1002,279,2026-08-20 03:36:29,1,1199
9953,REF-1020,82,2026-08-20 05:08:29,1,250
9954,REF-1015,343,2026-08-20 06:34:29,1,299
9955,REF-1026,104,2026-08-20 07:30:29,1,450
9956,REF-1028,94,2026-08-20 09:09:29,1,220
9957,REF-1029,166,2026-08-20 09:32:29,1,220
9958,REF-1018,113,2026-08-20 12:37:29,2,1700
9959,REF-1001,153,2026-08-20 12:41:29,1,999
9960,REF-1004,328,2026-08-20 13:19:29,1,1199
9961,REF-1014,309,2026-08-20 13:40:29,2,598
9962,REF-1008,499,2026-08-20 17:47:29,1,899
9963,REF-1029,55,2026-08-20 18:15:29,1,220
9964,REF-1007,22,2026-08-20 18:17:29,1,899
9965,REF-1027,334,2026-08-20 20:40:29,1,220
9966,REF-1008,365,2026-08-20 20:55:29,1,899
9967,REF-1028,161,2026-08-20 23:32:29,2,440
9968,REF-1013,119,2026-08-21 01:21:29,4,1196
9969,REF-1018,499,2026-08-21 02:18:29,1,850
9970,REF-1008,445,2026-08-21 02:38:29,1,899
9971,REF-1003,71,2026-08-21 03:00:29,1,1199
9972,REF-1025,304,2026-08-21 03:08:29,1,450
9973,REF-1001,114,2026-08-21 03:48:29,1,999
9974,REF-1005,297,2026-08-21 04:00:29,1,799
9975,REF-1016,23,2026-08-21 04:58:29,1,350
9976,REF-1003,39,2026-08-21 05:04:29,1,1199
9977,REF-1026,210,2026-08-21 05:09:29,1,450
9978,REF-1004,412,2026-08-21 06:06:29,2,2398
9979,REF-1012,266,2026-08-21 06:59:29,1,450
9980,REF-1026,411,2026-08-21 07:02:29,2,900
9981,REF-1021,481,2026-08-21 07:32:29,1,250
9982,REF-1027,165,2026-08-21 09:03:29,1,220
9983,REF-1024,8,2026-08-21 09:21:29,1,450
9984,REF-1020,273,2026-08-21 09:53:29,1,250
9985,REF-1018,158,2026-08-21 10:05:29,3,2550
9986,REF-1009,312,2026-08-21 11:40:29,1,1299
9987,REF-1014,59,2026-08-21 12:41:29,2,598
9988,REF-1013,125,2026-08-21 12:52:29,1,299
9989,REF-1005,478,2026-08-21 14:30:29,5,3995
9990,REF-1009,54,2026-08-21 14:32:29,1,1299
9991,REF-1004,241,2026-08-21 15:52:29,1,1199
9992,REF-1019,249,2026-08-21 16:27:29,1,850
9993,REF-1023,60,2026-08-21 16:29:29,1,400
9994,REF-1025,61,2026-08-21 17:21:29,1,450
9995,REF-1026,438,2026-08-21 17:36:29,1,450
9996,REF-1000,58,2026-08-21 18:43:29,1,999
9997,REF-1021,59,2026-08-21 19:15:29,1,250
9998,REF-1022,200,2026-08-21 20:58:29,1,400
9999,REF-1022,300,2026-08-21 21:08:29,1,400
10000,REF-1018,458,2026-08-21 21:15:29,1,850
